partition,cap,extra_cost_bps,reference_risk,compounded_return,closed_opportunity_max_dd,mean_log_growth,worst_day_R,max_consecutive_losses
JAN_JUN,1,0,0.0025,0.07135485793853724,-0.009741962429461015,0.0007332347857745516,-1.0106225,4
JAN_JUN,1,0,0.005,0.14644430968859723,-0.01941958595676352,0.0014538856164236027,-1.0106225,4
JAN_JUN,1,0.5,0.0025,0.06423389989510819,-0.011200859379025263,0.0006622893349861966,-1.05786761,4
JAN_JUN,1,0.5,0.005,0.13126388955008195,-0.022360715983868462,0.0013120797235313215,-1.05786761,4
JAN_JUN,1,1,0.0025,0.05715963484924136,-0.01309491100611837,0.0005913374663000661,-1.10511272,4
JAN_JUN,1,1,0.005,0.11628178734893857,-0.02610406334918114,0.001170248188419753,-1.10511272,4
JAN_JUN,1,1.5,0.0025,0.05013176078925374,-0.014985481109212717,0.000520379178325739,-1.15235783,4
JAN_JUN,1,1.5,0.005,0.10149544722203596,-0.029833655403644244,0.0010283909999884496,-1.15235783,4
JAN_JUN,1,2,0.0025,0.043149977630113634,-0.016872575820533697,0.00044941446967226346,-1.19960294,4
JAN_JUN,1,2,0.005,0.08690234579693001,-0.033549540585276705,0.0008865081471285041,-1.19960294,4
JAN_JUN,1,2.5,0.0025,0.03621398720132318,-0.018756201261977856,0.00037844333894815644,-1.2519155450000001,4
JAN_JUN,1,2.5,0.005,0.07249999178452415,-0.03725176716888712,0.0007445996187225386,-1.2519155450000001,4
JAN_JUN,1,3,0.0025,0.029323493234864495,-0.020636363545117997,0.00030746578476140347,-1.4000852899999998,4
JAN_JUN,1,3,0.005,0.05828592557674939,-0.040940383266605096,0.0006026654036446943,-1.4000852899999998,4
JAN_JUN,3,0,0.0025,0.10152098525282938,-0.02106301008958744,0.0010286376447021794,-1.50763384,5
JAN_JUN,3,0,0.005,0.2096164433588601,-0.04178075963046868,0.0020245034084830815,-1.50763384,5
JAN_JUN,3,0.5,0.0025,0.08753498003977112,-0.02444685889725773,0.000892698393800167,-1.65799546,5
JAN_JUN,3,0.5,0.005,0.17914490905446456,-0.048397152789314446,0.0017530800260186392,-1.65799546,5
JAN_JUN,3,1,0.0025,0.07372390093886372,-0.027819512550809167,0.0007567328463956391,-1.80835708,6
JAN_JUN,3,1,0.005,0.14942967147831854,-0.05496981256597577,0.00148155193098267,-1.80835708,6
JAN_JUN,3,1.5,0.0025,0.060085593006929505,-0.03118100644948052,0.0006207409891890065,-2.02023703,6
JAN_JUN,3,1.5,0.005,0.12045223793322712,-0.06149901528583146,0.001209919017842426,-2.02023703,6
JAN_JUN,3,2,0.0025,0.04661792744619242,-0.034531375885690885,0.0004847228088681383,-2.27402092,7
JAN_JUN,3,2,0.005,0.0921945611476016,-0.06798503560784597,0.0009381811808669099,-2.27402092,7
JAN_JUN,3,2.5,0.0025,0.03331880129188369,-0.03787065604535178,0.0003486782921083423,-2.52780481,16
JAN_JUN,3,2.5,0.005,0.06463902870796723,-0.07442814653414354,0.0006663383141262899,-2.52780481,16
JAN_JUN,3,3,0.0025,0.020186137103542334,-0.04259380516311617,0.00021260742557234686,-2.7815887000000004,16
JAN_JUN,3,3,0.005,0.037768452738406344,-0.08373018354651818,0.0003943903114913109,-2.7815887000000004,16
JAN_JUN,5,0,0.0025,0.08490752263025403,-0.020736953105661038,0.0008669654336284584,-1.77362916,7
JAN_JUN,5,0,0.005,0.1722912427783354,-0.041138411259994956,0.0016910655419973847,-1.77362916,7
JAN_JUN,5,0.5,0.0025,0.0691468098175223,-0.024517646963459816,0.0007112867702101822,-2.1380340049999997,7
JAN_JUN,5,0.5,0.005,0.13853623634328516,-0.04853218684771776,0.001380249299577971,-2.1380340049999997,7
JAN_JUN,5,1,0.0025,0.053611352463630135,-0.028284452570497165,0.000555570705493617,-2.50243885,7
JAN_JUN,5,1,0.005,0.1057376982993623,-0.05587170413450149,0.001069284175475538,-2.50243885,7
JAN_JUN,5,1.5,0.0025,0.03829798346649471,-0.03203741842129659,0.0003998172146403692,-2.866843695,7
JAN_JUN,5,1.5,0.005,0.07386895995514586,-0.06315734166557307,0.0007581699726356566,-2.866843695,7
JAN_JUN,5,2,0.0025,0.02320357952708063,-0.03661169402801079,0.00024402627278072617,-3.23124854,7
JAN_JUN,5,2,0.005,0.04290408425967307,-0.07219402605324454,0.0004469064935085612,-3.23124854,7
JAN_JUN,5,2.5,0.0025,0.00832506055349147,-0.04745843995072008,8.819785501359361e-05,-3.5956533850000003,9
JAN_JUN,5,2.5,0.005,0.012817846054454352,-0.09297128835576851,0.00013549354004720144,-3.5956533850000003,9
JAN_JUN,5,3,0.0025,-0.006340610926934387,-0.05818583470691452,-6.766806359356634e-05,-3.96005823,10
JAN_JUN,5,3,0.005,-0.016414287150105733,-0.113293697167133,-0.00017606908629471912,-3.96005823,10
JAN_JUN,7,0,0.0025,0.11953638040693582,-0.022428221415050298,0.0012012197185366444,-1.6093452200000002,5
JAN_JUN,7,0,0.005,0.24558063705861466,-0.044451085272811386,0.0023361893228198375,-1.6093452200000002,5
JAN_JUN,7,0.5,0.0025,0.10199962489319825,-0.026607668805814333,0.0010332592589719987,-1.959035125,7
JAN_JUN,7,0.5,0.005,0.20695504390590136,-0.05260904687280088,0.002001071226373977,-1.959035125,7
JAN_JUN,7,1,0.0025,0.08473311113272186,-0.030770079975976583,0.0008652550660788848,-2.3087250299999997,10
JAN_JUN,7,1,0.005,0.16950814204018871,-0.06070059005063677,0.001665779457465721,-2.3087250299999997,10
JAN_JUN,7,1.5,0.0025,0.06773274255757378,-0.03491552103900142,0.0006972071082077311,-2.658414935,16
JAN_JUN,7,1.5,0.005,0.13320453853855718,-0.06872622973746101,0.0013303137662790832,-2.658414935,16
JAN_JUN,7,2,0.0025,0.050994483683041825,-0.03904405786445819,0.0005291153536653625,-3.00810484,16
JAN_JUN,7,2,0.005,0.09800988614023742,-0.0766864770686757,0.000994673902313951,-3.00810484,16
JAN_JUN,7,2.5,0.0025,0.03451435921180446,-0.04606568033752667,0.00036097977071490573,-3.357794745,16
JAN_JUN,7,2.5,0.005,0.06389085285249374,-0.0904372038961122,0.0006588596143831643,-3.357794745,16
JAN_JUN,7,3,0.0025,0.018288453151018347,-0.05758468059569666,0.00019280032757569573,-3.70748465,16
JAN_JUN,7,3,0.005,0.030815092425640733,-0.11227317592083119,0.00032287065060958227,-3.70748465,16
JAN_JUN,10,0,0.0025,0.13034031546592573,-0.022981998948992777,0.0013033909735380156,-1.57488712,7
JAN_JUN,10,0,0.005,0.2651089467181056,-0.04553658055733678,0.002501683429349636,-1.57488712,7
JAN_JUN,10,0.5,0.0025,0.11205559795651743,-0.028662018944242695,0.0011298956674559654,-1.86184427,7
JAN_JUN,10,0.5,0.005,0.22460931753184,-0.05665287084032611,0.002155551794315567,-1.86184427,7
JAN_JUN,10,1,0.0025,0.094061894521702,-0.03472540510912392,0.0009563540291984846,-2.15737939,12
JAN_JUN,10,1,0.005,0.18538568775215736,-0.06840018371191303,0.0018092361332762259,-2.15737939,12
JAN_JUN,10,1.5,0.0025,0.07635464841033235,-0.040752349203516,0.0007827660247677745,-2.4529145100000003,16
JAN_JUN,10,1.5,0.005,0.14739849403536853,-0.08000661366746475,0.0014627361774778214,-2.4529145100000003,16
JAN_JUN,10,2,0.0025,0.05892937306187407,-0.04990305188610189,0.0006091316201198092,-2.7484496299999996,16
JAN_JUN,10,2,0.005,0.11060938013819177,-0.09760379935822128,0.0011160516574387127,-2.7484496299999996,16
JAN_JUN,10,2.5,0.0025,0.04178165104287501,-0.06180817102194924,0.0004354507811642391,-3.04398475,16
JAN_JUN,10,2.5,0.005,0.07498116067971772,-0.1200879700595755,0.0007691823029464149,-3.04398475,16
JAN_JUN,10,3,0.0025,0.024907132999278492,-0.07356747690788701,0.00026172347376429575,-3.33951987,16
JAN_JUN,10,3,0.005,0.04047778597373042,-0.1420243837936972,0.00042212784305458643,-3.33951987,16
JUL_AUG,1,0,0.0025,0.004471489820842223,-0.005580212302028098,0.00017846089647866745,-1.15843226,2
JUL_AUG,1,0,0.005,0.008892112731598845,-0.011162851176701016,0.0003541124284274749,-1.15843226,2
JUL_AUG,1,0.5,0.0025,0.0020098911731156743,-0.006974706271458464,8.03149617682345e-05,-1.23809482,2
JUL_AUG,1,0.5,0.005,0.003954729008076141,-0.013934585302933566,0.0001578771849407159,-1.23809482,2
JUL_AUG,1,1,0.0025,-0.00044594695078703506,-0.008367409797092495,-1.7841856587989847e-05,-1.31775738,2
JUL_AUG,1,1,0.005,-0.0009595782825833066,-0.016699204790717515,-3.8401558902346035e-05,-1.31775738,2
JUL_AUG,1,1.5,0.0025,-0.002896037402256413,-0.009916862663628567,-0.00011600956130348497,-1.3974199400000002,4
JUL_AUG,1,1.5,0.005,-0.005850911974529915,-0.01977190942662088,-0.00023472382477769498,-1.3974199400000002,4
JUL_AUG,1,2,0.0025,-0.005340393005402233,-0.011519649382568331,-0.00021418815509286347,-1.4770825,4
JUL_AUG,1,2,0.005,-0.010719374465797848,-0.02294434885071206,-0.00043108963437940334,-1.4770825,4
JUL_AUG,1,2.5,0.0025,-0.007779026557107271,-0.013120029240304865,-0.0003123776406718718,-1.6040080200000002,4
JUL_AUG,1,2.5,0.005,-0.015565067720052839,-0.02610726255241902,-0.0006274990094196543,-1.6040080200000002,4
JUL_AUG,1,3,0.0025,-0.010211950827079153,-0.0149031809780924,-0.0004105780207573908,-1.7392527500000001,4
JUL_AUG,1,3,0.005,-0.020388093268347895,-0.02964236384304475,-0.0008239519716287633,-1.7392527500000001,4
JUL_AUG,3,0,0.0025,-0.003980844413600915,-0.014887996946807536,-0.00015955156264066801,-1.5325416,4
JUL_AUG,3,0,0.005,-0.008045043496321624,-0.02959378652491773,-0.0003231031791402282,-1.5325416,4
JUL_AUG,3,0.5,0.0025,-0.008732415286950346,-0.018032841910048725,-0.0003508306501170962,-1.7846134750000002,5
JUL_AUG,3,0.5,0.005,-0.017484352126213576,-0.03579799142010409,-0.000705560351058073,-1.7846134750000002,5
JUL_AUG,3,1,0.0025,-0.013462444606386126,-0.02185104564165319,-0.0005421553965809029,-2.03668535,9
JUL_AUG,3,1,0.005,-0.02683827698334995,-0.0432862748249897,-0.0010881999960758698,-2.03668535,9
JUL_AUG,3,1.5,0.0025,-0.01817102501107004,-0.025655249789358514,-0.0007335258273735836,-2.288757225,9
JUL_AUG,3,1.5,0.005,-0.03610755089730655,-0.05071970596343023,-0.001471022316661823,-2.288757225,9
JUL_AUG,3,2,0.0025,-0.022858248763003797,-0.029573823054737325,-0.0009249419678599456,-2.5408291000000003,10
JUL_AUG,3,2,0.005,-0.045292900741601194,-0.058347727105130476,-0.0018540275156566845,-2.5408291000000003,10
JUL_AUG,3,2.5,0.0025,-0.027524207748474527,-0.03368879140846148,-0.0011164038434281387,-2.7929009750000002,10
JUL_AUG,3,2.5,0.005,-0.0543950474794308,-0.06632629377365018,-0.0022372157962747283,-2.7929009750000002,10
JUL_AUG,3,3,0.0025,-0.032168993479506636,-0.03778726687567446,-0.0013079114794896857,-3.0449728500000006,10
JUL_AUG,3,3,0.005,-0.06341470620908185,-0.0742409474140463,-0.0026205873621047327,-3.0449728500000006,10
JUL_AUG,5,0,0.0025,-0.0007037447295975552,-0.013157252101001493,-2.8159698966372394e-05,-1.4587136,5
JUL_AUG,5,0,0.005,-0.0015218116808549675,-0.02617624244636274,-6.091883249547338e-05,-1.4587136,5
JUL_AUG,5,0.5,0.0025,-0.00574932293727648,-0.016429938973549496,-0.00023063655664881243,-1.7890856150000003,7
JUL_AUG,5,0.5,0.005,-0.011574141841311225,-0.03262763470178476,-0.000465665743050101,-1.7890856150000003,7
JUL_AUG,5,1,0.0025,-0.010770745037706364,-0.01998692839225713,-0.0004331667762699521,-2.1194576300000003,8
JUL_AUG,5,1,0.005,-0.021530481287792114,-0.039629589838930945,-0.0008706257466502129,-2.1194576300000003,8
JUL_AUG,5,1.5,0.0025,-0.0157681204893787,-0.024309645765297372,-0.0006357503912717623,-2.4498296450000003,10
JUL_AUG,5,1.5,0.005,-0.031391697839903365,-0.04808940133164119,-0.0012757991100343883,-2.4498296450000003,10
JUL_AUG,5,2,0.0025,-0.020741558282272088,-0.028614369351660396,-0.0008383874351311306,-2.7802016600000004,10
JUL_AUG,5,2,0.005,-0.041158651904060095,-0.05647886793840684,-0.0016811861004974876,-2.7802016600000004,10
JUL_AUG,5,2.5,0.0025,-0.025691166939749377,-0.032901169685790266,-0.001041077941359912,-3.110573675,10
JUL_AUG,5,2.5,0.005,-0.05083219653319859,-0.06479854062376234,-0.0020867869858923,-3.110573675,10
JUL_AUG,5,3,0.0025,-0.0306170545204294,-0.03717011704236117,-0.0012438219435049814,-3.4409456900000004,10
JUL_AUG,5,3,0.005,-0.060413177486023706,-0.07304896629699686,-0.002492602034631192,-3.4409456900000004,10
JUL_AUG,7,0,0.0025,-0.008156103892051236,-0.016399391050583634,-0.00032758187497978456,-1.88027005,4
JUL_AUG,7,0,0.005,-0.016330427947235826,-0.03257108518348717,-0.0006586095633187909,-1.88027005,4
JUL_AUG,7,0.5,0.0025,-0.013221401113062137,-0.020291534067304662,-0.0005323832779470031,-2.20123754,8
JUL_AUG,7,0.5,0.005,-0.026353443313608893,-0.040230392916042024,-0.0010682767736478894,-2.20123754,8
JUL_AUG,7,1,0.0025,-0.018262113738200858,-0.02477242895374121,-0.0007372369809479579,-2.5222050300000003,8
JUL_AUG,7,1,0.005,-0.036279372275137556,-0.04899734725699123,-0.0014781532655167035,-2.5222050300000003,8
JUL_AUG,7,1.5,0.0025,-0.023278354953018443,-0.029233953617284536,-0.0009421430146593247,-2.8431725200000004,10
JUL_AUG,7,1.5,0.005,-0.04610910711045302,-0.05768859359943701,-0.0018882392845872586,-2.8431725200000004,10
JUL_AUG,7,2,0.0025,-0.028270237449789293,-0.033676187022901205,-0.0011471014097872818,-3.16414001,10
JUL_AUG,7,2,0.005,-0.0558435323334906,-0.06630474863945213,-0.0022985350769946142,-3.16414001,10
JUL_AUG,7,2.5,0.0025,-0.03323787342953999,-0.038099207832724136,-0.0013521121970675493,-3.4851075000000002,18
JUL_AUG,7,2.5,0.005,-0.06548352475731622,-0.07484642434627298,-0.002709040889348151,-3.4851075000000002,18
JUL_AUG,7,3,0.0025,-0.03818137460407667,-0.04250309440714972,-0.00155717540726543,-3.80607499,18
JUL_AUG,7,3,0.005,-0.07502995355747188,-0.08331422799630483,-0.0031197569687328687,-3.80607499,18
JUL_AUG,10,0,0.0025,-0.0019752607793767085,-0.012037421299201267,-7.908856718763123e-05,-1.54569255,4
JUL_AUG,10,0,0.005,-0.004030762076762895,-0.023961691824985865,-0.00016155629974996298,-1.54569255,4
JUL_AUG,10,0.5,0.0025,-0.006962712026295281,-0.015166313193174075,-0.0002794825924987232,-1.81614829,4
JUL_AUG,10,0.5,0.005,-0.013957415402909401,-0.030137076018606157,-0.0005622294426235183,-1.81614829,4
JUL_AUG,10,1,0.0025,-0.011926475390148572,-0.019004603844464896,-0.00047992665527263133,-2.08660403,10
JUL_AUG,10,1,0.005,-0.02379001227683053,-0.03769986964362115,-0.0009631025742028835,-2.08660403,10
JUL_AUG,10,1.5,0.0025,-0.01686665760546424,-0.023280657372128366,-0.0006804207846699911,-2.3570597699999998,10
JUL_AUG,10,1.5,0.005,-0.03352939840992886,-0.046076941523482406,-0.0013641759275580057,-2.3570597699999998,10
JUL_AUG,10,2,0.0025,-0.021783364951397877,-0.027539088263200173,-0.0008809650098796273,-2.6275155100000003,10
JUL_AUG,10,2,0.005,-0.04317641231156677,-0.054385048313191575,-0.0017654497362097126,-2.6275155100000003,10
JUL_AUG,10,2.5,0.0025,-0.02667670325356386,-0.03177996504830616,-0.0010815593601185935,-2.8979712500000003,10
JUL_AUG,10,2.5,0.005,-0.05273188534703299,-0.06262472587578849,-0.002166924234130953,-2.8979712500000003,10
JUL_AUG,10,3,0.0025,-0.03154677788586968,-0.03600335600715887,-0.00128220386463221,-3.16842699,10
JUL_AUG,10,3,0.005,-0.062196641795066454,-0.07079650615321498,-0.002568599655748044,-3.16842699,10
ALL,1,0,0.0025,0.07614541028031985,-0.009741962429461015,0.0006166856493678533,-1.15843226,4
ALL,1,0,0.005,0.15663862173084797,-0.01941958595676352,0.0012228408290294581,-1.15843226,4
ALL,1,0.5,0.0025,0.06637289421663772,-0.011200859379025263,0.0005400258112009103,-1.23809482,4
ALL,1,0.5,0.005,0.13573773166987402,-0.022360715983868462,0.001069600198617329,-1.23809482,4
ALL,1,1,0.0025,0.0566881977335858,-0.01309491100611837,0.0004633586169538359,-1.31775738,4
ALL,1,1,0.005,0.11521062758855583,-0.02610406334918114,0.0009163301742764548,-1.31775738,4
ALL,1,1.5,0.0025,0.04709053993271084,-0.014985481109212717,0.00038668406495825496,-1.3974199400000002,4
ALL,1,1.5,0.005,0.09505069431999358,-0.029833655403644244,0.0007630307426846377,-1.3974199400000002,4
ALL,1,2,0.0025,0.03757914678599228,-0.016872575820533697,0.000310002153545136,-1.4770825,4
ALL,1,2,0.005,0.07525143254457856,-0.033549540585276705,0.0006097018905091958,-1.4770825,4
ALL,1,2.5,0.0025,0.028153251076038277,-0.018756201261977856,0.00023331288104478913,-1.6040080200000002,4
ALL,1,2.5,0.005,0.05580645678264151,-0.03725176716888712,0.00045634360440695174,-1.6040080200000002,4
ALL,1,3,0.0025,0.01881209233679293,-0.02126795723410313,0.00015661624578686684,-1.7392527500000001,4
ALL,1,3,0.005,0.03670949342151064,-0.04235569290875829,0.00030295587102422,-1.7392527500000001,4
ALL,3,0,0.0025,0.09713600159222135,-0.02106301008958744,0.0007790180633276317,-1.5325416,5
ALL,3,0,0.005,0.1998850264581724,-0.04178075963046868,0.0015313087472176802,-1.5325416,5
ALL,3,0.5,0.0025,0.07803817295497861,-0.02444685889725773,0.0006314527963385571,-1.7846134750000002,5
ALL,3,0.5,0.005,0.15852832425672392,-0.048397152789314446,0.0012365589383974813,-1.7846134750000002,5
ALL,3,1,0.0025,0.05926895239992103,-0.027819512550809167,0.0004838571650980462,-2.03668535,9
ALL,3,1,0.005,0.11858095958230219,-0.05496981256597577,0.0009416880807602878,-2.03668535,9
ALL,3,1.5,0.0025,0.040822751182524764,-0.031828545192023494,0.0003362311537766977,-2.288757225,9
ALL,3,1.5,0.005,0.07999545172405176,-0.06311102915113442,0.0006466960484087603,-2.288757225,9
ALL,3,2,0.0025,0.02269407450080818,-0.045744268970907886,0.00018857474653030556,-2.5408291000000003,10
ALL,3,2,0.005,0.04272590129902687,-0.08984690349177471,0.00035158271521069256,-2.5408291000000003,10
ALL,3,2.5,0.0025,0.004877519934721297,-0.05966852876272555,4.0887927499837834e-05,-2.7929009750000002,16
ALL,3,2.5,0.005,0.006727938192942817,-0.11621752804065799,5.63479547983449e-05,-2.7929009750000002,16
ALL,3,3,0.0025,-0.012632224088824917,-0.0733925988020635,-0.00010682931918858435,-3.0449728500000006,16
ALL,3,3,0.005,-0.028041328805053722,-0.14183516476516556,-0.0002390083594322276,-3.0449728500000006,16
ALL,5,0,0.0025,0.08414402467910276,-0.020736953105661038,0.0006789139351841662,-1.77362916,7
ALL,5,0,0.005,0.17050723627171172,-0.041138411259994956,0.001323001597776196,-1.77362916,7
ALL,5,0.5,0.0025,0.0629999395405223,-0.024517646963459816,0.0005134037183490489,-2.1380340049999997,7
ALL,5,0.5,0.005,0.12535865645237565,-0.04853218684771776,0.0009924520217149306,-2.1380340049999997,7
ALL,5,1,0.0025,0.04226317321741169,-0.028284452570497165,0.000347852747139926,-2.50243885,8
ALL,5,1,0.005,0.08193063347692142,-0.05587170413450149,0.0006617400741886154,-2.50243885,8
ALL,5,1.5,0.0025,0.02192597575931665,-0.041008058136642656,0.00018226099491092977,-2.866843695,10
ALL,5,1.5,0.005,0.04015839004458255,-0.08074419876522743,0.0003308655435032942,-2.866843695,10
ALL,5,2,0.0025,0.00198074284769012,-0.05659386872478833,1.6628434984117615e-05,-3.23124854,10
ALL,5,2,0.005,-2.0441913693214353e-05,-0.11038126916942637,-1.7178254312971897e-07,-3.23124854,10
ALL,5,2.5,0.0025,-0.017579986906720912,-0.07193034418699518,-0.00014904495935058823,-3.5956533850000003,10
ALL,5,2.5,0.005,-0.03866590974851625,-0.1390775500873218,-0.00033137211666277777,-3.5956533850000003,10
ALL,5,3,0.0025,-0.036763534616920945,-0.08702141035380562,-0.00031475921483546025,-3.96005823,10
ALL,5,3,0.005,-0.07583582539322353,-0.16686244241815085,-0.0006627356720796924,-3.96005823,10
ALL,7,0,0.0025,0.11040532537740555,-0.022428221415050298,0.0008800429131760502,-1.88027005,5
ALL,7,0,0.005,0.22523977221265645,-0.044451085272811386,0.001707029892958781,-1.88027005,5
ALL,7,0.5,0.0025,0.08742964582604129,-0.026607668805814333,0.0007043427596192673,-2.20123754,8
ALL,7,0.5,0.005,0.17514762257425387,-0.05260904687280088,0.0013562502179660218,-2.20123754,8
ALL,7,1,0.0025,0.06492359168162376,-0.030770079975976583,0.0005285970730060187,-2.5222050300000003,10
ALL,7,1,0.005,0.127079120776308,-0.06070059005063677,0.0010052893896122705,-2.5222050300000003,10
ALL,7,1.5,0.0025,0.04287768078135823,-0.045365357189495636,0.00035280582189112274,-2.8431725200000004,16
ALL,7,1.5,0.005,0.08095348909303102,-0.08920497203761923,0.0006541471589542216,-2.8431725200000004,16
ALL,7,2,0.0025,0.021282620070903757,-0.0617066067605031,0.0001769689747887566,-3.16414001,16
ALL,7,2,0.005,0.036693135561072676,-0.12011848707780426,0.0003028232764087902,-3.16414001,16
ALL,7,2.5,0.0025,0.00012930187928050785,-0.07777242851456256,1.086500172373167e-06,-3.4851075000000002,18
ALL,7,2.5,0.005,-0.005776470149354451,-0.14999858177311465,-4.8682508249465015e-05,-3.4851075000000002,18
ALL,7,3,0.0025,-0.020591199733746568,-0.09356739293849303,-0.00017484163352538112,-3.80607499,18
ALL,7,3,0.005,-0.04652691608539672,-0.1788792783032137,-0.0004003704458909326,-3.80607499,18
ALL,10,0,0.0025,0.128107598573437,-0.022981998948992777,0.0010129540952343082,-1.57488712,7
ALL,10,0,0.005,0.26000959355270115,-0.04553658055733678,0.0019421792845808125,-1.57488712,7
ALL,10,0.5,0.0025,0.10431267507071729,-0.028662018944242695,0.0008338077977175856,-1.86184427,7
ALL,10,0.5,0.005,0.20751693658077497,-0.05665287084032611,0.0015845893495804648,-1.86184427,7
ALL,10,1,0.0025,0.08101359226138971,-0.0372688706220613,0.0006546143896037124,-2.15737939,12
ALL,10,1,0.005,0.15718534768775516,-0.07351663086585813,0.001226812035066329,-2.15737939,12
ALL,10,1.5,0.0025,0.05820014309354504,-0.05407860213883697,0.000475373837911101,-2.4529145100000003,16
ALL,10,1.5,0.005,0.10892691279390476,-0.1055880118545437,0.000868847079781219,-2.4529145100000003,16
ALL,10,2,0.0025,0.03586232807071266,-0.07059936044607595,0.0002960861096157259,-2.7484496299999996,16
ALL,10,2,0.005,0.06265725162425184,-0.1365660297855219,0.0005106942217982872,-2.7484496299999996,16
ALL,10,2.5,0.0025,0.013990351082995511,-0.08683603603851586,0.00011675117165103893,-3.04398475,16
ALL,10,2.5,0.005,0.018295377364534904,-0.16648739033786863,0.00015235319851839637,-3.04398475,16
ALL,10,3,0.0025,-0.007425384679093372,-0.10279343794011986,-6.263100909211301e-05,-3.33951987,16
ALL,10,3,0.005,-0.024236438176201913,-0.19538758586378235,-0.00020617625333252084,-3.33951987,16
