partition,cap,extra_cost_bps,avg_tickets,max_tickets,total_n,total_mean,total_median,total_trim10,total_exbest1,total_extop3,total_extop5,total_worst1,total_worst3_sum,total_pf,total_positive,total_negative,inc_n,inc_mean,inc_median,inc_trim10,inc_exbest1,inc_extop3,inc_extop5,inc_worst1,inc_worst3_sum,inc_pf,inc_positive,inc_negative
JAN_JUN,1,0,1.0,1,94,0.2958802279787234,0.22378957,0.16007603736842105,0.172438268172043,0.13039740274725276,0.09720677415730337,-1.02312925,-3.06262143,2.2438459739113448,0.5957446808510638,0.40425531914893614,94,0.0,0.0,0.0,0.0,0.0,0.0,0.0,0.0,,0.0,0.0
JAN_JUN,1,0.5,1.0,1,94,0.2674843901595745,0.205464585,0.13250607210526316,0.14401437897849462,0.10156149571428572,0.06866857550561799,-1.078308935,-3.205296785,2.07009919843918,0.5957446808510638,0.40425531914893614,94,0.0,0.0,0.0,0.0,0.0,0.0,0.0,0.0,,0.0,0.0
JAN_JUN,1,1,1.0,1,94,0.23908855234042553,0.18713960000000002,0.1049639719736842,0.11559048978494622,0.07272558868131868,0.04013037685393259,-1.1401937,-3.35181193,1.9110096879716925,0.5851063829787234,0.4148936170212766,94,0.0,0.0,0.0,0.0,0.0,0.0,0.0,0.0,,0.0,0.0
JAN_JUN,1,1.5,1.0,1,94,0.2106927145212766,0.168814615,0.07742187184210525,0.08716660059139783,0.043889681648351636,0.01159217820224718,-1.202078465,-3.5026605550000003,1.7662446377915757,0.5851063829787234,0.4148936170212766,94,0.0,0.0,0.0,0.0,0.0,0.0,0.0,0.0,,0.0,0.0
JAN_JUN,1,2,1.0,1,94,0.18229687670212766,0.1411103,0.04987977171052631,0.05874271139784946,0.01505377461538461,-0.016978263820224725,-1.2639632299999999,-3.65350918,1.6340928254193348,0.5851063829787234,0.4148936170212766,94,0.0,0.0,0.0,0.0,0.0,0.0,0.0,0.0,,0.0,0.0
JAN_JUN,1,2.5,1.0,1,94,0.15390103888297876,0.1188865675,0.02233767157894736,0.03031882220430107,-0.01378213241758242,-0.045844749831460675,-1.3258479949999997,-3.8043578049999995,1.5123433522284464,0.5638297872340425,0.43617021276595747,94,0.0,0.0,0.0,0.0,0.0,0.0,0.0,0.0,,0.0,0.0
JAN_JUN,1,3,1.0,1,94,0.1255052010638298,0.08722084,-0.005204428552631591,0.0018949330107526808,-0.042618039450549455,-0.0747894086516854,-1.3877327599999998,-3.9552064299999996,1.4001037159341239,0.5638297872340425,0.43617021276595747,94,0.0,0.0,0.0,0.0,0.0,0.0,0.0,0.0,,0.0,0.0
JAN_JUN,3,0,1.9361702127659575,3,94,0.41833284808510635,-0.09071220499999999,0.04039341342105264,0.2097750694623656,0.12460516461538461,0.053439051797752816,-1.03616692,-3.09085474,2.3116730617596133,0.44680851063829785,0.5531914893617021,94,0.12245262010638297,-0.005940210000000001,-0.035296817368421045,0.037336801290322574,-0.005973539340659336,-0.04749249438202247,-1.0254054,-3.02768239,1.7731020559883595,0.23404255319148937,0.5
JAN_JUN,3,0.5,1.9361702127659575,3,94,0.3638614861170213,-0.1264749275,-0.012150433749999997,0.15554149397849462,0.06981530587912088,-0.0003063217977528044,-1.100040865,-3.29000127,2.0565831667710857,0.44680851063829785,0.5531914893617021,94,0.09637709595744681,-0.016407875000000016,-0.057697885657894736,0.011527115000000001,-0.031746189835164834,-0.07256818617977528,-1.079864835,-3.14083071,1.5563579067444857,0.23404255319148937,0.5
JAN_JUN,3,1,1.9361702127659575,3,94,0.3093901241489362,-0.163002415,-0.06442073118421053,0.10130791849462364,0.015025447142857137,-0.054051695393258437,-1.17403138,-3.50521109,1.8342940333903768,0.425531914893617,0.574468085106383,94,0.07030157180851064,-0.020342150000000003,-0.08009895394736842,-0.014282571290322581,-0.057700141538461536,-0.09764387797752809,-1.13432427,-3.25397903,1.3737827774146614,0.22340425531914893,0.5106382978723404
JAN_JUN,3,1.5,1.9361702127659575,3,94,0.2549187621808511,-0.20014265500000003,-0.11653173907894737,0.047074343010752674,-0.039764411593406615,-0.10779706898876407,-1.25751409,-3.72042091,1.6409652573566933,0.4148936170212766,0.5851063829787234,94,0.04422604765957447,-0.05145621499999997,-0.10250002223684211,-0.04009225758064517,-0.08365409324175825,-0.12271956977528092,-1.188783705,-3.36712735,1.2168421619951404,0.19148936170212766,0.5425531914893617
JAN_JUN,3,2,1.9361702127659575,3,94,0.200447400212766,-0.25616107,-0.16864274697368423,-0.007159232473118287,-0.09455427032967034,-0.16154244258426967,-1.3409967999999999,-3.9356307299999997,1.471188574344086,0.40425531914893614,0.5957446808510638,94,0.01815052351063832,-0.10077782000000002,-0.1249010905263158,-0.06590194387096775,-0.10960804494505495,-0.14779526157303371,-1.2432431400000001,-3.48027567,1.0819816418380943,0.18085106382978725,0.5531914893617021
JAN_JUN,3,2.5,1.9361702127659575,3,94,0.14597603824468092,-0.31172016249999995,-0.22075375486842108,-0.06139280795698925,-0.14934412906593408,-0.21528781617977533,-1.4244795099999998,-4.15084055,1.3209038323815263,0.3617021276595745,0.6382978723404256,94,-0.007925000638297824,-0.14545972500000004,-0.14730215881578948,-0.09171163016129032,-0.13556199664835167,-0.17287095337078653,-1.297702575,-3.59342399,0.9668978703709405,0.18085106382978725,0.5531914893617021
JAN_JUN,3,3,1.9361702127659575,3,94,0.09150467627659578,-0.34291759499999996,-0.2728647627631579,-0.11562638344086024,-0.20413398780219782,-0.26903318977528096,-1.5079622199999998,-4.36605037,1.1878829058105118,0.32978723404255317,0.6702127659574468,94,-0.034000524787234,-0.16352448,-0.16970322710526317,-0.1175213164516129,-0.16151594835164837,-0.1980407839325843,-1.35216201,-3.70657231,0.8679200319695703,0.18085106382978725,0.5531914893617021
JAN_JUN,5,0,2.1914893617021276,4,94,0.35595605159574467,-0.16461609500000002,-0.04025624302631579,0.09335923870967743,0.028935889780219784,-0.03142843685393258,-1.04568409,-3.11157462,2.076372485394382,0.425531914893617,0.574468085106383,94,0.06007582361702128,-0.10037661499999999,-0.1027006319736842,-0.07907902946236559,-0.11384922318681318,-0.14002759853932584,-1.31503507,-3.41070203,1.3018877337888188,0.18085106382978725,0.574468085106383
JAN_JUN,5,0.5,2.1914893617021276,4,94,0.293568332287234,-0.2369793525,-0.09646083802631579,0.03139902451612903,-0.03260794384615385,-0.09293249691011236,-1.128256715,-3.3258245100000003,1.814104480233759,0.39361702127659576,0.6063829787234043,94,0.026083942127659555,-0.1399672675,-0.1290438740131579,-0.1126153544623656,-0.14622261714285714,-0.1716112498314607,-1.353273645,-3.57184353,1.1185991637020738,0.18085106382978725,0.574468085106383
JAN_JUN,5,1,2.1914893617021276,4,94,0.2311806129787234,-0.266318245,-0.1534323686842105,-0.030561189677419366,-0.0947600463736264,-0.15443655696629213,-1.21082934,-3.54970858,1.5891426096916295,0.3723404255319149,0.6276595744680851,94,-0.007907939361702148,-0.17580134499999997,-0.15657269710526314,-0.1461516794623656,-0.1785960110989011,-0.20323214640449438,-1.39151222,-3.73298503,0.967168810639392,0.18085106382978725,0.574468085106383
JAN_JUN,5,1.5,2.1914893617021276,4,94,0.16879289367021272,-0.3025886175,-0.21151475513157894,-0.09252140387096776,-0.1574464287912088,-0.21594061702247191,-1.2934019650000002,-3.7766288250000004,1.3941557827764377,0.35106382978723405,0.648936170212766,94,-0.04189982085106385,-0.19669323000000005,-0.18484760157894736,-0.1796880044623656,-0.21096940505494508,-0.23533380876404497,-1.429750795,-3.89412653,0.8399546872097111,0.18085106382978725,0.574468085106383
JAN_JUN,5,2,2.1914893617021276,4,94,0.10640517436170208,-0.369988585,-0.2698959255263158,-0.15448161806451616,-0.22013281120879125,-0.2774446770786517,-1.3759745900000002,-4.00354907,1.2289669354266055,0.3404255319148936,0.6595744680851063,94,-0.07589170234042558,-0.20450608500000006,-0.21277858131578947,-0.2132243294623656,-0.243342799010989,-0.26743547112359556,-1.4679893700000002,-4.11318337,0.732643395225519,0.14893617021276595,0.6063829787234043
JAN_JUN,5,2.5,2.1914893617021276,4,94,0.044017455053191434,-0.4479421925,-0.32852993736842107,-0.21644183225806454,-0.28281919362637364,-0.3389487371348315,-1.4585472150000003,-4.230469315000001,1.0877181971632945,0.32978723404255317,0.6702127659574468,94,-0.1098835838297873,-0.22232621000000002,-0.2410034182236842,-0.24676065446236561,-0.275716192967033,-0.2995371334831461,-1.506227945,-4.35843076,0.6441412080123362,0.14893617021276595,0.6063829787234043
JAN_JUN,5,3,2.1914893617021276,4,94,-0.018370264255319218,-0.5036168799999999,-0.3871639492105263,-0.27840204645161293,-0.34550557604395604,-0.40045279719101123,-1.5411198400000004,-4.4597574,0.9659862852662531,0.2872340425531915,0.7127659574468085,94,-0.143875465319149,-0.26761271000000053,-0.26879502802631583,-0.2802969794623656,-0.3080895869230769,-0.33181235000000003,-1.5508452099999999,-4.60367815,0.5707659147821121,0.1276595744680851,0.6276595744680851
JAN_JUN,7,0,2.382978723404255,6,94,0.49490380393617023,-0.10155015,-0.03791303355263158,0.16445518537634407,0.03930625747252747,-0.03677567359550562,-1.05788964,-3.12603118,2.483672819842229,0.44680851063829785,0.5531914893617021,94,0.19902357595744682,-0.08874902500000001,-0.10647315631578946,-0.007983082795698922,-0.09684557373626375,-0.1359911208988764,-1.3304056100000001,-3.36759683,2.017655595674489,0.1702127659574468,0.6063829787234043
JAN_JUN,7,0.5,2.382978723404255,6,94,0.4275437946276596,-0.147626015,-0.09732108217105263,0.09774382150537635,-0.02667210153846154,-0.10076179640449437,-1.149828635,-3.381407575,2.169959327394289,0.4148936170212766,0.5851063829787234,94,0.16005940446808511,-0.11973870750000004,-0.1379146859868421,-0.04627055747311829,-0.1341651342857143,-0.17158060758426966,-1.3686155750000002,-3.5287447050000003,1.728571725318937,0.1702127659574468,0.6063829787234043
JAN_JUN,7,1,2.382978723404255,6,94,0.3601837853191489,-0.203984915,-0.15677835697368422,0.031032457634408598,-0.09265046054945056,-0.16474791921348317,-1.27370307,-3.65662104,1.901857957402652,0.39361702127659576,0.6063829787234043,94,0.12109523297872345,-0.14081504,-0.16934013736842105,-0.08455803215053763,-0.17148469483516482,-0.2071700942696629,-1.40682554,-3.68989258,1.4943792724152891,0.14893617021276595,0.6276595744680851
JAN_JUN,7,1.5,2.382978723404255,6,94,0.2928237760106383,-0.268013815,-0.21820613894736843,-0.035678906236559144,-0.1586288195604396,-0.2287340420224719,-1.397577505,-3.9318345050000003,1.6718748970978985,0.3617021276595745,0.6382978723404256,94,0.08213106148936171,-0.1862070124999999,-0.20089615111842105,-0.12284550682795699,-0.2088042553846154,-0.24275958095505618,-1.4450355049999999,-3.8510404549999997,1.3017257640652073,0.13829787234042554,0.6382978723404256
JAN_JUN,7,2,2.382978723404255,6,94,0.2254637667021277,-0.31239003499999995,-0.27961559473684217,-0.1023902701075269,-0.22460717857142856,-0.2927201648314607,-1.5214519400000002,-4.21612653,1.4748267297774398,0.3404255319148936,0.6595744680851063,94,0.043166890000000006,-0.23654395499999992,-0.23163445986842104,-0.16113298150537633,-0.24612381593406593,-0.2783490676404494,-1.48324547,-4.01218833,1.1440078540788754,0.13829787234042554,0.6382978723404256
JAN_JUN,7,2.5,2.382978723404255,6,94,0.15810375739361707,-0.40087872750000003,-0.3410250505263158,-0.16910163397849462,-0.29058553758241756,-0.3567062876404494,-1.6453263750000002,-4.504813,1.3060570627228867,0.2872340425531915,0.7127659574468085,94,0.0042027185106383175,-0.2763975999999999,-0.2621954559868421,-0.19942045618279572,-0.2834433764835165,-0.3139385543258427,-1.521455435,-4.173336205,1.0128156502374162,0.1276595744680851,0.648936170212766
JAN_JUN,7,3,2.382978723404255,6,94,0.09074374808510641,-0.4673245649999999,-0.40243450631578953,-0.23581299784946239,-0.3565638965934066,-0.42069241044943817,-1.7692008100000003,-4.79349947,1.1615589900795915,0.26595744680851063,0.7340425531914894,94,-0.03476145297872341,-0.2995123250000001,-0.29275645210526313,-0.23770793086021505,-0.32076293703296704,-0.34952804101123597,-1.5596653999999996,-4.334484079999999,0.9027508818550205,0.11702127659574468,0.6595744680851063
JAN_JUN,10,0,2.4893617021276597,6,94,0.5450906044680851,-0.09759795,-0.040084890789473686,0.09508095548387097,0.01095718901098901,-0.04879774876404494,-1.06707883,-3.1536148099999997,2.618353183544527,0.4574468085106383,0.5425531914893617,94,0.24921037648936167,-0.07192336499999993,-0.11754113631578947,-0.07735731268817204,-0.12342073406593405,-0.15133311651685394,-1.3423604800000002,-3.3043835,2.3132700147648313,0.14893617021276595,0.6702127659574468
JAN_JUN,10,0.5,2.4893617021276597,6,94,0.47549221601063835,-0.14286759250000003,-0.10373761861842105,0.026384161075268812,-0.056077180164835164,-0.11591145460674157,-1.1926914,-3.506918495,2.2849483388056187,0.425531914893617,0.574468085106383,94,0.20800782585106384,-0.10555044500000005,-0.15209730809210528,-0.11763021790322581,-0.16221697846153849,-0.18936330438202248,-1.4188441150000002,-3.5468363400000005,1.9474472753308048,0.1276595744680851,0.6914893617021277
JAN_JUN,10,1,2.4893617021276597,6,94,0.4058938275531915,-0.216994715,-0.1672346619736842,-0.042312633333333335,-0.12311154934065935,-0.1830251604494382,-1.35963602,-3.88435386,1.9988836304415252,0.3829787234042553,0.6170212765957447,94,0.166805275212766,-0.14534402499999993,-0.18665347986842104,-0.1579031231182796,-0.20101322285714285,-0.227393492247191,-1.4953277500000002,-3.8034802,1.6602799525244116,0.1276595744680851,0.6914893617021277
JAN_JUN,10,1.5,2.4893617021276597,6,94,0.3362954390957447,-0.27638141250000003,-0.23073170532894738,-0.11100942774193549,-0.19014591851648352,-0.25013886629213483,-1.52658064,-4.261789225,1.7519436279596752,0.35106382978723405,0.648936170212766,94,0.1256027245744681,-0.1944910300000001,-0.22062140315789475,-0.19817602833333334,-0.23980946725274727,-0.26542368011235956,-1.5718113850000002,-4.0875973100000005,1.4396150933650886,0.1276595744680851,0.6914893617021277
JAN_JUN,10,2,2.4893617021276597,6,94,0.2666970506382979,-0.34891309,-0.2944930659210526,-0.17970622215053766,-0.2571802876923077,-0.3172525721348315,-1.69352526,-4.6392245899999995,1.5436567748763923,0.32978723404255317,0.6702127659574468,94,0.08440017393617028,-0.21594656000000004,-0.25347426828947367,-0.23844893354838712,-0.2786057116483517,-0.3034538679775281,-1.64829502,-4.37171442,1.2647489451804708,0.1276595744680851,0.6914893617021277
JAN_JUN,10,2.5,2.4893617021276597,6,94,0.19709866218085118,-0.43659883000000005,-0.35887174598684213,-0.2484030165591398,-0.32671357043956045,-0.3843662779775281,-1.86046988,-5.016659955,1.3674074919374446,0.3191489361702128,0.6808510638297872,94,0.04319762329787244,-0.23890844500000008,-0.2866331497368421,-0.27872183876344087,-0.31740195604395605,-0.3415985446629214,-1.7247786550000002,-4.65583153,1.122763834924946,0.1276595744680851,0.6914893617021277
JAN_JUN,10,3,2.4893617021276597,6,94,0.12750027372340436,-0.5323964800000001,-0.4232504260526316,-0.3170998109677419,-0.3962832531868132,-0.4514799838202247,-2.0274145,-5.39409532,1.2186868089821983,0.2765957446808511,0.723404255319149,94,0.0019950726595745418,-0.27030152499999993,-0.3176798265789474,-0.31899474397849464,-0.35619820043956046,-0.3803156143820225,-1.80126229,-4.93994864,1.0051825672811283,0.1276595744680851,0.6914893617021277
JUL_AUG,1,0,1.0,1,25,0.07194623239999999,0.24670391,0.0733293976190476,0.023382464166666648,-0.0642794531818182,-0.1480872095,-1.0200489,-3.04827037,1.3010528962348291,0.64,0.36,25,0.0,0.0,0.0,0.0,0.0,0.0,0.0,0.0,,0.0,0.0
JUL_AUG,1,0.5,1.0,1,25,0.03267632359999999,0.18721188500000002,0.03462853380952379,-0.015718279583333338,-0.10305077250000001,-0.18573234425000001,-1.059722125,-3.17175971,1.1296075599453679,0.6,0.4,25,0.0,0.0,0.0,0.0,0.0,0.0,0.0,0.0,,0.0,0.0
JUL_AUG,1,1,1.0,1,25,-0.006593585200000007,0.11676506,-0.0040723300000000025,-0.054819023333333335,-0.1418220918181818,-0.2249106275,-1.10147071,-3.29524905,0.9751777293027304,0.56,0.44,25,0.0,0.0,0.0,0.0,0.0,0.0,0.0,0.0,,0.0,0.0
JUL_AUG,1,1.5,1.0,1,25,-0.045863494000000005,0.046318234999999985,-0.0427731938095238,-0.09391976708333334,-0.18128892272727273,-0.264730516,-1.1446373850000002,-3.41873839,0.8374017085515242,0.52,0.48,25,0.0,0.0,0.0,0.0,0.0,0.0,0.0,0.0,,0.0,0.0
JUL_AUG,1,2,1.0,1,25,-0.0851334028,-0.024128590000000005,-0.08147405761904761,-0.13302051083333333,-0.22109121727272726,-0.3045504045,-1.1878040600000002,-3.54222773,0.715738885111766,0.48,0.52,25,0.0,0.0,0.0,0.0,0.0,0.0,0.0,0.0,,0.0,0.0
JUL_AUG,1,2.5,1.0,1,25,-0.1244033116,-0.07887418,-0.12017492142857142,-0.1721212545833333,-0.2608935118181818,-0.344370293,-1.230970735,-3.66571707,0.6097356074047332,0.48,0.52,25,0.0,0.0,0.0,0.0,0.0,0.0,0.0,0.0,,0.0,0.0
JUL_AUG,1,3,1.0,1,25,-0.16367322039999999,-0.10536796999999999,-0.1588757852380952,-0.21122199833333333,-0.30069580636363635,-0.3841901815,-1.2741374100000002,-3.7892064100000002,0.5158218032530003,0.48,0.52,25,0.0,0.0,0.0,0.0,0.0,0.0,0.0,0.0,,0.0,0.0
JUL_AUG,3,0,1.92,3,25,-0.06301936560000002,-0.14248487,-0.15076817142857143,-0.15387461125000002,-0.27349782181818183,-0.3665834625,-1.0200489,-3.04827037,0.8193038171754985,0.44,0.56,25,-0.134965598,-0.10324484,-0.14332664952380952,-0.17725707541666666,-0.21855122545454544,-0.242161467,-1.05882353,-2.29023586,0.30332847917542555,0.16,0.6
JUL_AUG,3,0.5,1.92,3,25,-0.13955179220000002,-0.188415785,-0.22766681523809526,-0.22818297812500002,-0.34843571840909093,-0.43971430400000006,-1.059722125,-3.176189365,0.6384521620102211,0.36,0.64,25,-0.17222811580000003,-0.14582972000000005,-0.17644973642857145,-0.2124646985416667,-0.25076150886363635,-0.27583765974999996,-1.085264185,-2.43744922,0.21952229095505146,0.12,0.64
JUL_AUG,3,1,1.92,3,25,-0.2160842188,-0.27647885,-0.30400820666666667,-0.302491345,-0.4237947772727273,-0.514684575,-1.11109765,-3.31196371,0.4994770304190648,0.28,0.72,25,-0.2094906336,-0.19070715,-0.20957282333333335,-0.24767232166666667,-0.2868343504545454,-0.3155177855,-1.11170484,-2.58466258,0.17005219979905065,0.08,0.68
JUL_AUG,3,1.5,1.92,3,25,-0.29261664540000004,-0.43676552,-0.3802753638095238,-0.376799711875,-0.49915383613636366,-0.589654846,-1.164032095,-3.4477380550000003,0.3932183385556319,0.28,0.72,25,-0.2467531514,-0.23099947999999992,-0.24269591023809525,-0.28287994479166667,-0.32329586772727276,-0.35562545450000005,-1.138145495,-2.73187594,0.13267895943033514,0.08,0.68
JUL_AUG,3,2,1.92,3,25,-0.369149072,-0.54955286,-0.456542520952381,-0.45110807875,-0.574512895,-0.664625117,-1.21696654,-3.5835124,0.3098546332549963,0.24,0.76,25,-0.28401566920000004,-0.27358435999999997,-0.2758189971428572,-0.3180875679166667,-0.35975738500000004,-0.3957331235,-1.16458615,-2.8790893000000004,0.10288129697083592,0.08,0.68
JUL_AUG,3,2.5,1.92,3,25,-0.44568149860000006,-0.61860304,-0.532809678095238,-0.525416445625,-0.6498719538636363,-0.739595388,-1.269900985,-3.7192867450000002,0.24674777278356955,0.2,0.8,25,-0.32127818700000005,-0.336854585,-0.3089420840476191,-0.3532951910416667,-0.3962189022727273,-0.4358407925000001,-1.1910268050000001,-3.0263026600000003,0.07856781498946079,0.08,0.68
JUL_AUG,3,3,1.92,3,25,-0.5222139252,-0.71218785,-0.6090768352380953,-0.5997248125,-0.7252310127272728,-0.814565659,-1.32283543,-3.8550610900000004,0.19863132052317464,0.2,0.8,25,-0.35854070480000005,-0.37351087,-0.342065170952381,-0.3885028141666667,-0.4326804195454546,-0.4759484615000001,-1.21746746,-3.17351602,0.05835207537486699,0.08,0.68
JUL_AUG,5,0,2.04,4,25,-0.01034017040000001,-0.07058824,-0.11882087809523811,-0.13314254250000002,-0.24319039590909092,-0.33236957450000004,-1.0200489,-3.04827037,0.9666728327141385,0.44,0.56,25,-0.08228640279999999,-0.12418301,-0.13272704666666665,-0.15652500666666666,-0.18639455636363636,-0.205034012,-0.6688075099999999,-1.6046523,0.49833687349394495,0.12,0.6
JUL_AUG,5,0.5,2.04,4,25,-0.0913732512,-0.155065545,-0.1990155242857143,-0.21033455041666668,-0.32005079363636363,-0.40842641449999995,-1.059722125,-3.17175971,0.7393501295374636,0.36,0.64,25,-0.12404957479999998,-0.15067072,-0.16711699119047618,-0.19461627083333333,-0.22302387363636364,-0.245326261,-0.709448575,-1.83397483,0.3679357119456527,0.08,0.64
JUL_AUG,5,1,2.04,4,25,-0.17240633200000002,-0.25893363,-0.2792101704761905,-0.28752655833333335,-0.39765367954545455,-0.485864945,-1.10147071,-3.29524905,0.5658315185262078,0.28,0.72,25,-0.1658127468,-0.18428336,-0.2015069357142857,-0.232707535,-0.262631575,-0.28889473250000003,-0.7961593600000001,-2.06329736,0.282555511807402,0.08,0.64
JUL_AUG,5,1.5,2.04,4,25,-0.25343941280000004,-0.395403255,-0.3594048166666667,-0.36471856625000004,-0.4752565654545455,-0.5633034754999999,-1.1446373850000002,-3.41873839,0.4406877803090309,0.24,0.76,25,-0.2075759188,-0.22686751500000002,-0.23589688023809524,-0.27079879916666666,-0.30223927636363634,-0.332463204,-0.9046988900000001,-2.29261989,0.21955303510821003,0.08,0.64
JUL_AUG,5,2,2.04,4,25,-0.33447249360000003,-0.48704636,-0.43959946285714285,-0.4419105741666667,-0.5528594513636363,-0.640742006,-1.1878040600000002,-3.54222773,0.3474899209277065,0.2,0.8,25,-0.2493390908,-0.3056174499999999,-0.2702868247619048,-0.30889006333333335,-0.34184697772727274,-0.3760316755,-1.01323842,-2.52194242,0.17114997536956167,0.08,0.64
JUL_AUG,5,2.5,2.04,4,25,-0.41550557439999997,-0.53296923,-0.516298154047619,-0.5191025820833334,-0.6304623372727273,-0.7181805365,-1.2918300800000002,-3.7412158400000006,0.27680862735271305,0.2,0.8,25,-0.2911022628,-0.3422734649999999,-0.3046767692857143,-0.3469813275,-0.38145467909090913,-0.41960014700000003,-1.1217779500000002,-2.7512649500000004,0.13279861529695794,0.08,0.64
JUL_AUG,5,3,2.04,4,25,-0.49653865519999996,-0.6371084499999999,-0.590628139047619,-0.59629459,-0.7080652231818182,-0.795619067,-1.4546611900000002,-3.9868868500000003,0.21988631903915898,0.2,0.8,25,-0.33286543479999997,-0.3789294799999999,-0.3390667138095238,-0.3850725916666667,-0.42106238045454547,-0.4631686185,-1.23031748,-2.98058748,0.10166238194740734,0.08,0.64
JUL_AUG,7,0,2.04,3,25,-0.1303433112,-0.06797386,-0.20370386619047623,-0.20919720166666667,-0.32916260136363634,-0.4059177235,-1.06281797,-3.0911582600000003,0.6373770135597365,0.4,0.6,25,-0.20228954359999998,-0.16346343,-0.18607210809523808,-0.23257966583333334,-0.2666960718181818,-0.293365679,-1.43258164,-2.46199202,0.1380657397895546,0.12,0.68
JUL_AUG,7,0.5,2.04,3,25,-0.212251562,-0.20610772,-0.2814522876190476,-0.28910397854166664,-0.4085673990909091,-0.48325799299999994,-1.184783,-3.33562444,0.47962619370678405,0.32,0.68,25,-0.2449278856,-0.243562255,-0.22162848333333335,-0.27338569895833337,-0.30895415886363636,-0.33984957475,-1.51387398,-2.67477588,0.09913126351499135,0.08,0.72
JUL_AUG,7,1,2.04,3,25,-0.29415981280000003,-0.34698539,-0.35910859333333334,-0.36901075541666667,-0.4879721968181819,-0.562068682,-1.30674803,-3.58009062,0.36308071179040896,0.28,0.72,25,-0.2875662276,-0.32366108000000005,-0.2571848585714286,-0.31419173208333334,-0.35152342636363637,-0.386675769,-1.5951663200000001,-2.92169375,0.07038968221461013,0.08,0.72
JUL_AUG,7,1.5,2.04,3,25,-0.3760680636,-0.48786306,-0.43676489904761906,-0.4489175322916667,-0.5673769945454545,-0.643758698,-1.4287130600000002,-3.8245568000000008,0.2756109922107357,0.24,0.76,25,-0.33020456960000005,-0.39662040499999995,-0.2927412338095238,-0.35499776520833337,-0.3940926938636364,-0.43350196325,-1.6764586600000002,-3.188624625,0.0478573409321232,0.08,0.72
JUL_AUG,7,2,2.04,3,25,-0.45797631440000003,-0.57499785,-0.5144212047619048,-0.5288243091666667,-0.6467817922727273,-0.7264313015,-1.5506780900000001,-4.069022980000001,0.21406132062021588,0.24,0.76,25,-0.37284291160000005,-0.43929114999999996,-0.32829760904761907,-0.39580379833333335,-0.43666196136363633,-0.48032815749999996,-1.7577510000000003,-3.4555555,0.029718261936372097,0.08,0.72
JUL_AUG,7,2.5,2.04,3,25,-0.5398845651999999,-0.61860304,-0.5920775104761904,-0.6087310860416667,-0.7261865900000001,-0.8095475244999999,-1.67264312,-4.328099485,0.16637913639868096,0.2,0.8,25,-0.4154812536,-0.475940845,-0.3638539842857143,-0.4366098314583333,-0.47923122886363634,-0.5271543517499999,-1.8390433400000001,-3.722486375,0.01480170793259508,0.08,0.72
JUL_AUG,7,3,2.04,3,25,-0.621792816,-0.65784724,-0.6697338161904762,-0.6886378629166666,-0.8055913877272727,-0.8926637475,-1.7946081500000002,-4.67981933,0.13079804507920068,0.16,0.84,25,-0.4581195956,-0.5125905399999999,-0.39941035952380954,-0.4781091691666666,-0.5218004963636363,-0.573980546,-1.9203356800000002,-3.98941725,0.0023189836472262346,0.08,0.72
JUL_AUG,10,0,2.04,4,25,-0.030958497200000008,-0.03489669,-0.10175894,-0.11821334666666666,-0.22887503818181817,-0.308627396,-1.0200489,-3.04827037,0.8925064648312669,0.48,0.52,25,-0.1029047296,-0.12418301,-0.13439599095238094,-0.1415958108333333,-0.1671297768181818,-0.18384275449999998,-0.43764594,-1.16382798,0.30032101428288815,0.08,0.72
JUL_AUG,10,0.5,2.04,4,25,-0.11113963380000001,-0.12356974,-0.18096028095238095,-0.19632058916666664,-0.3043701525,-0.3860157655,-1.059722125,-3.17175971,0.6591115710481583,0.4,0.6,25,-0.1438159574,-0.15067072,-0.1659110776190476,-0.18060230958333334,-0.20578932318181817,-0.2263682555,-0.5461980099999999,-1.4190367449999999,0.2058517818546337,0.08,0.72
JUL_AUG,10,1,2.04,4,25,-0.19132077039999998,-0.25893363,-0.2601616219047619,-0.2744278316666667,-0.37986526681818183,-0.46340413500000005,-1.10147071,-3.29524905,0.48521654308516016,0.28,0.72,25,-0.1847271852,-0.21397436,-0.19742616428571427,-0.21960880833333332,-0.24444886954545453,-0.26889375649999997,-0.6547500799999999,-1.6878307,0.14126313490659276,0.08,0.72
JUL_AUG,10,1.5,2.04,4,25,-0.271501907,-0.38772723499999995,-0.33936296285714285,-0.35253507416666663,-0.4553603811363636,-0.5407925044999999,-1.1446373850000002,-3.41873839,0.3724443646574247,0.2,0.8,25,-0.22563841299999995,-0.25467213499999997,-0.22894125095238096,-0.2586153070833333,-0.28310841590909086,-0.3114192575,-0.7633021499999999,-1.956624655,0.09431414577821993,0.08,0.72
JUL_AUG,10,2,2.04,4,25,-0.3516830436,-0.44840928999999996,-0.41856430380952375,-0.43064231666666664,-0.5308554954545455,-0.618180874,-1.1878040600000002,-3.54222773,0.2888751124642527,0.2,0.8,25,-0.2665496408,-0.27456999000000004,-0.2635052980952381,-0.29762180583333336,-0.32467833363636367,-0.357146167,-0.8718542199999999,-2.2254186099999997,0.06708490308395218,0.04,0.76
JUL_AUG,10,2.5,2.04,4,25,-0.4318641802,-0.53296923,-0.49776564476190477,-0.5087495591666666,-0.6079361184090909,-0.6955692434999999,-1.230970735,-3.66571707,0.22390153058859338,0.2,0.8,25,-0.3074608686,-0.2944678450000001,-0.29909876333333335,-0.33662830458333337,-0.36723087772727275,-0.40395396550000007,-0.9804062899999999,-2.4942125649999998,0.048589397372805335,0.04,0.76
JUL_AUG,10,3,2.04,4,25,-0.5120453168,-0.5788921,-0.5743377561904761,-0.5868568016666666,-0.6854935113636363,-0.772957613,-1.3133020699999998,-3.84552773,0.17193823408270126,0.2,0.8,25,-0.3483720964,-0.3143657000000001,-0.3346922285714286,-0.3756348033333334,-0.40978342181818184,-0.450761764,-1.0889583599999997,-2.76300652,0.033935095479837564,0.04,0.76
ALL,1,0,1.0,1,119,0.24883527092436974,0.2299469,0.1385575081443299,0.15114758262711864,0.11780016775862069,0.09166718166666667,-1.02312925,-3.06624616,2.045052990190166,0.6050420168067226,0.3949579831932773,119,0.0,0.0,0.0,0.0,0.0,0.0,0.0,0.0,,0.0,0.0
ALL,1,0.5,1.0,1,119,0.2181549644117647,0.19474181499999998,0.10907802242268042,0.12042580792372881,0.08671555344827586,0.06077553780701755,-1.078308935,-3.205296785,1.8711736848787308,0.5966386554621849,0.40336134453781514,119,0.0,0.0,0.0,0.0,0.0,0.0,0.0,0.0,,0.0,0.0
ALL,1,1,1.0,1,119,0.18747465789915968,0.17185139,0.07936720587628866,0.08970403322033899,0.05563093913793103,0.029883893947368418,-1.1401937,-3.35181193,1.7125244414507803,0.5798319327731093,0.42016806722689076,119,0.0,0.0,0.0,0.0,0.0,0.0,0.0,0.0,,0.0,0.0
ALL,1,1.5,1.0,1,119,0.15679435138655462,0.13740281,0.04947971860824741,0.05898225851694914,0.024546324827586195,-0.001007749912280712,-1.202078465,-3.5026605550000003,1.5671518844294439,0.5714285714285714,0.42857142857142855,119,0.0,0.0,0.0,0.0,0.0,0.0,0.0,0.0,,0.0,0.0
ALL,1,2,1.0,1,119,0.1261140448739496,0.10096911,0.019622086082474226,0.028260483813559317,-0.006538289482758624,-0.03192456622807018,-1.2639632299999999,-3.65350918,1.4348566050145293,0.5630252100840336,0.4369747899159664,119,0.0,0.0,0.0,0.0,0.0,0.0,0.0,0.0,,0.0,0.0
ALL,1,2.5,1.0,1,119,0.09543373836134456,0.071421505,-0.01036754278350516,-0.0024612908898305084,-0.03762290379310344,-0.06307250460526316,-1.3258479949999997,-3.8043578049999995,1.313670968028421,0.5462184873949579,0.453781512605042,119,0.0,0.0,0.0,0.0,0.0,0.0,0.0,0.0,,0.0,0.0
ALL,1,3,1.0,1,119,0.06475343184873951,0.04389907000000001,-0.04040964546391753,-0.033183065593220346,-0.06870751810344827,-0.09428147263157895,-1.3877327599999998,-3.95596333,1.2031163710760158,0.5462184873949579,0.453781512605042,119,0.0,0.0,0.0,0.0,0.0,0.0,0.0,0.0,,0.0,0.0
ALL,3,0,1.9327731092436975,3,119,0.31720843344537814,-0.09418723,-0.007095967628865977,0.15197963830508476,0.08416884344827585,0.0278999251754386,-1.03616692,-3.09085474,1.9754343538649322,0.44537815126050423,0.5546218487394958,119,0.06837316252100839,-0.030247279999999988,-0.062456336185567,0.0008320556779661028,-0.033773551982758616,-0.06667519254385965,-1.05882353,-3.08543065,1.4123455586313947,0.2184873949579832,0.5210084033613446
ALL,3,0.5,1.9327731092436975,3,119,0.25810239403361346,-0.14096428,-0.06384197994845361,0.09302172995762713,0.024693086465517242,-0.030842609166666667,-1.100040865,-3.29000127,1.7309261107876335,0.42857142857142855,0.5714285714285714,119,0.03994742962184874,-0.05290060000000002,-0.0873287686597938,-0.027404077966101694,-0.06202246698275862,-0.09442343390350877,-1.085264185,-3.2074245049999996,1.2180592495059148,0.21008403361344538,0.5294117647058824
ALL,3,1,1.9327731092436975,3,119,0.19899635462184875,-0.21684556,-0.12144715804123712,0.034063821610169485,-0.03478267051724139,-0.08958514350877195,-1.17403138,-3.50521109,1.518719807090403,0.3949579831932773,0.6050420168067226,119,0.011521696722689078,-0.08497628000000002,-0.11197571010309279,-0.05564021161016949,-0.09041360965517242,-0.1221716752631579,-1.13432427,-3.32954481,1.0571522186731912,0.19327731092436976,0.5462184873949579
ALL,3,1.5,1.9327731092436975,3,119,0.13989031521008402,-0.286491435,-0.179016609072165,-0.024894086737288157,-0.09425842750000003,-0.14832767785087722,-1.25751409,-3.72042091,1.3367039613025569,0.3865546218487395,0.6134453781512605,119,-0.016904036176470596,-0.11865055499999999,-0.13646227644329897,-0.0838763452542373,-0.11880475232758622,-0.14991991662280701,-1.188783705,-3.451665115,0.9234683154712859,0.16806722689075632,0.5714285714285714
ALL,3,2,1.9327731092436975,3,119,0.08078427579831936,-0.32620852999999994,-0.23646514865979384,-0.08385199508474576,-0.15373418448275863,-0.2070702121929825,-1.3409967999999999,-3.9356307299999997,1.1801581358057132,0.3697478991596639,0.6302521008403361,119,-0.045329769075630244,-0.13938556000000013,-0.16094612422680413,-0.1121124788983051,-0.14719589500000002,-0.17766815798245617,-1.2432431400000001,-3.57378542,0.8122175423999053,0.15966386554621848,0.5798319327731093
ALL,3,2.5,1.9327731092436975,3,119,0.02167823638655467,-0.38982754000000003,-0.2939220976804124,-0.1428099034322034,-0.21320994146551728,-0.26581274653508774,-1.4244795099999998,-4.15084055,1.0448243027438826,0.3277310924369748,0.6722689075630253,119,-0.07375550197478989,-0.15929012500000028,-0.1855609643814433,-0.14034861254237288,-0.17558703767241382,-0.2054163993421053,-1.297702575,-3.6959057250000003,0.7188818773934231,0.15966386554621848,0.5798319327731093
ALL,3,3,1.9327731092436975,3,119,-0.03742780302521006,-0.41807036,-0.3521129087628866,-0.20176781177966102,-0.2726856984482759,-0.324555280877193,-1.5079622199999998,-4.36605037,0.9282462836285713,0.3025210084033613,0.6974789915966386,119,-0.10218123487394955,-0.1791946900000002,-0.21040039876288663,-0.16858474618644068,-0.20397818034482762,-0.23323813500000004,-1.35216201,-3.81802603,0.6393618234996769,0.15966386554621848,0.5798319327731093
ALL,5,0,2.1596638655462184,4,119,0.27900306378151263,-0.1432949,-0.06091466443298969,0.07138902491525424,0.020471221637931032,-0.029471106754385964,-1.04568409,-3.11157462,1.8547726485660767,0.42857142857142855,0.5714285714285714,119,0.030167792857142862,-0.10664946,-0.11168171051546391,-0.07975855771186441,-0.11023806568965518,-0.13368969552631577,-1.31503507,-3.41070203,1.1574082350017616,0.16806722689075632,0.5798319327731093
ALL,5,0.5,2.1596638655462184,4,119,0.21269825172268905,-0.179790785,-0.12244632824742269,0.005387949152542374,-0.04527288077586207,-0.09450469605263159,-1.128256715,-3.3258245100000003,1.593312460295819,0.3865546218487395,0.6134453781512605,119,-0.005456712689075647,-0.14777231000000002,-0.13982112139175257,-0.11503785877118644,-0.14408000965517243,-0.16687900530701755,-1.353273645,-3.57184353,0.9746152623809227,0.15966386554621848,0.5882352941176471
ALL,5,1,2.1596638655462184,4,119,0.14639343966386553,-0.25893363,-0.18390385226804123,-0.0606131266101695,-0.11149415965517243,-0.1595382853508772,-1.21082934,-3.54970858,1.3721351300649212,0.35294117647058826,0.6470588235294118,119,-0.04108121823529414,-0.18138200999999998,-0.16875917948453606,-0.15031715983050847,-0.1779219536206897,-0.2000683150877193,-1.39151222,-3.73298503,0.827981184787993,0.15966386554621848,0.5882352941176471
ALL,5,1.5,2.1596638655462184,4,119,0.08008862760504198,-0.308209415,-0.24731979912371135,-0.12661420237288137,-0.17813457189655174,-0.22457187464912282,-1.2934019650000002,-3.7766288250000004,1.184762669737767,0.3277310924369748,0.6722689075630253,119,-0.07670572378151262,-0.2043629899999999,-0.1982835819587629,-0.1855964608898305,-0.2117638975862069,-0.23325762486842108,-1.429750795,-3.89412653,0.7079834659653492,0.15966386554621848,0.5882352941176471
ALL,5,2,2.1596638655462184,4,119,0.013783815546218452,-0.37454784,-0.3107357459793815,-0.19261527813559323,-0.24477498413793106,-0.28995077719298246,-1.3759745900000002,-4.00354907,1.029032231240453,0.31092436974789917,0.6890756302521008,119,-0.11233022932773114,-0.23013385000000003,-0.22741943783505156,-0.22087576194915254,-0.24560584155172413,-0.26664670289473685,-1.4679893700000002,-4.11318337,0.6091824708143699,0.13445378151260504,0.6134453781512605
ALL,5,2.5,2.1596638655462184,4,119,-0.052520996512605084,-0.46560985,-0.37339559355670104,-0.25861635389830506,-0.31141539637931037,-0.3557375172368421,-1.4585472150000003,-4.230469315000001,0.8984290163622928,0.3025210084033613,0.6974789915966386,119,-0.14795473487394964,-0.2614887800000001,-0.2560288944329897,-0.2561550630084746,-0.27944778551724136,-0.3003995639912281,-1.506227945,-4.35843076,0.5294578853979345,0.13445378151260504,0.6134453781512605
ALL,5,3,2.1596638655462184,4,119,-0.11882580857142862,-0.55495982,-0.43553567164948453,-0.324617429661017,-0.37805580862068966,-0.4215242572807018,-1.5411198400000004,-4.4641481800000005,0.787939236130247,0.2689075630252101,0.7310924369747899,119,-0.18357924042016813,-0.30029793000000005,-0.28429891536082474,-0.2914343640677966,-0.31342920931034485,-0.3341524250877193,-1.5508452099999999,-4.60367815,0.4641841667810487,0.11764705882352941,0.6302521008403361
ALL,7,0,2.310924369747899,6,119,0.3635493679831933,-0.09647708,-0.07864713030927835,0.10199787677966102,0.0027438504310344784,-0.05729489236842106,-1.06281797,-3.15687453,2.0724060561724165,0.4369747899159664,0.5630252100840336,119,0.11471409705882353,-0.09941897999999999,-0.12648807711340207,-0.04914970584745762,-0.11957056724137931,-0.15053024868421053,-1.43258164,-3.79722148,1.5629047280465578,0.15966386554621848,0.6218487394957983
ALL,7,0.5,2.310924369747899,6,119,0.2931330054201681,-0.151507675,-0.14189868226804123,0.03206683347457627,-0.0666676749137931,-0.12521130640350878,-1.184783,-3.460352585,1.7830402254309308,0.3949579831932773,0.6050420168067226,119,0.07497804100840337,-0.13532256000000004,-0.1597296018041237,-0.08835897444915254,-0.15803641689655173,-0.1876655369736842,-1.51387398,-3.99844355,1.325067650596274,0.15126050420168066,0.6302521008403361
ALL,7,1,2.310924369747899,6,119,0.22271664285714288,-0.20653827,-0.20502665175257734,-0.037864209830508484,-0.1360792002586207,-0.1931277204385965,-1.30674803,-3.7740433600000003,1.5399148336888044,0.3697478991596639,0.6302521008403361,119,0.03524198495798322,-0.17454549,-0.19212520783505152,-0.12756824305084746,-0.19650226655172415,-0.2248008252631579,-1.5951663200000001,-4.19966562,1.136347032526025,0.13445378151260504,0.6470588235294118
ALL,7,1.5,2.310924369747899,6,119,0.15230028029411763,-0.275766795,-0.2685686260824742,-0.10779525313559322,-0.20549072560344828,-0.26104413447368424,-1.4287130600000002,-4.099103995,1.335955062408643,0.33613445378151263,0.6638655462184874,119,-0.004494071092436974,-0.20962433000000014,-0.22455908474226804,-0.16677751165254237,-0.23496811620689656,-0.2619361135526316,-1.6764586600000002,-4.40088769,0.9843888663543544,0.12605042016806722,0.6554621848739496
ALL,7,2,2.310924369747899,6,119,0.08188391773109244,-0.37454784,-0.3336468884536083,-0.17772629644067797,-0.27490225094827586,-0.32896054850877193,-1.5506780900000001,-4.4284311800000005,1.1645916577325697,0.31932773109243695,0.680672268907563,119,-0.04423012714285714,-0.25926667000000003,-0.25650765969072165,-0.2059867802542373,-0.273433965862069,-0.2990714018421053,-1.7577510000000003,-4.60210976,0.8606958786148934,0.12605042016806722,0.6554621848739496
ALL,7,2.5,2.310924369747899,6,119,0.011467555168067262,-0.44322120499999995,-0.39971627654639175,-0.2476573397457627,-0.34431377629310345,-0.3968769625438597,-1.67264312,-4.757758365000001,1.0210755991780995,0.2689075630252101,0.7310924369747899,119,-0.0839661831932773,-0.287285255,-0.2882097606701031,-0.2451960488559322,-0.31189981551724144,-0.336206690131579,-1.8390433400000001,-4.80333183,0.7584677170036145,0.11764705882352941,0.6638655462184874
ALL,7,3,2.310924369747899,6,119,-0.05894880739495797,-0.53676519,-0.4649301025773196,-0.31758838305084747,-0.4137253016379311,-0.4647933765789474,-1.7946081500000002,-5.087085550000001,0.9007532990932643,0.24369747899159663,0.7563025210084033,119,-0.12370223924369748,-0.30392052000000014,-0.31991186164948454,-0.28440531745762715,-0.3503656651724138,-0.37334197842105266,-1.9203356800000002,-5.0045539,0.6734544660794467,0.1092436974789916,0.6722689075630253
ALL,10,0,2.3949579831932772,6,119,0.42407188563025205,-0.08509932,-0.05553549896907217,0.06837768161016948,0.0019236359482758597,-0.04488563219298246,-1.06707883,-3.1536148099999997,2.2985918272428325,0.46218487394957986,0.5378151260504201,119,0.17523661470588234,-0.08434404,-0.11954480092783504,-0.08276990101694914,-0.11899918137931034,-0.14071285622807017,-1.3423604800000002,-3.3043835,1.9692560980415905,0.13445378151260504,0.680672268907563
ALL,10,0.5,2.3949579831932772,6,119,0.3522502307563026,-0.128470145,-0.12352545768041237,-0.002752236144067805,-0.06794408827586207,-0.11486500267543859,-1.1926914,-3.506918495,1.9763028355375087,0.42016806722689076,0.5798319327731093,119,0.13409526634453783,-0.11468310499999998,-0.1551945819072165,-0.12317804406779662,-0.1582512411637931,-0.17937485109649123,-1.4188441150000002,-3.5468363400000005,1.6341172707575553,0.11764705882352941,0.6974789915966386
ALL,10,1,2.3949579831932772,6,119,0.280428575882353,-0.21949321,-0.19138560752577322,-0.07388215389830509,-0.13781181250000002,-0.18484437315789473,-1.35963602,-3.88435386,1.7027251444821068,0.36134453781512604,0.6386554621848739,119,0.09295391798319332,-0.17313727999999995,-0.19084436288659792,-0.1635861871186441,-0.19750330094827587,-0.21803684596491227,-1.4953277500000002,-3.8034802,1.379795627567257,0.11764705882352941,0.6974789915966386
ALL,10,1.5,2.3949579831932772,6,119,0.20860692100840336,-0.29696782,-0.2592010823195876,-0.14501207165254237,-0.20767953672413794,-0.2548237436403509,-1.52658064,-4.261789225,1.4696582376487426,0.31932773109243695,0.680672268907563,119,0.051812569621848756,-0.19914209,-0.22537728324742268,-0.20399433016949153,-0.2367553607327586,-0.25669884083333333,-1.5718113850000002,-4.0875973100000005,1.1863581882246732,0.11764705882352941,0.6974789915966386
ALL,10,2,2.3949579831932772,6,119,0.13678526613445383,-0.37663267,-0.32701655711340205,-0.21614198940677967,-0.27754726094827586,-0.32480311412280705,-1.69352526,-4.6392245899999995,1.2783592808232807,0.3025210084033613,0.6974789915966386,119,0.010671221260504252,-0.22609833999999984,-0.2586493402061856,-0.24440247322033898,-0.2760074205172414,-0.29536083570175437,-1.64829502,-4.37171442,1.0342196942854227,0.1092436974789916,0.7058823529411765
ALL,10,2.5,2.3949579831932772,6,119,0.0649636112605043,-0.509091345,-0.3948320319072165,-0.28727190716101697,-0.34937533978448276,-0.3947824846052632,-1.86046988,-5.016659955,1.1201563314145386,0.29411764705882354,0.7058823529411765,119,-0.030470127100840256,-0.26030004999999995,-0.2918110582989691,-0.2848106162711865,-0.3152594803017242,-0.3341122121929824,-1.7247786550000002,-4.65583153,0.9118962594877297,0.1092436974789916,0.7058823529411765
ALL,10,3,2.3949579831932772,6,119,-0.006858043613445292,-0.5697734,-0.4622359442268041,-0.35840182491525424,-0.42123197379310345,-0.4647618550877193,-2.0274145,-5.39409532,0.9883850764318864,0.2605042016806723,0.7394957983193278,119,-0.07161147546218481,-0.29679222000000005,-0.3227185862886598,-0.3252187593220339,-0.3545115400862069,-0.37331045692982456,-1.80126229,-4.93994864,0.8114708780848323,0.1092436974789916,0.7058823529411765
