partition,deadline_minutes,delay_minutes,gross_n,gross_mean,gross_median,gross_trim10,gross_exbest1,gross_extop3,gross_extop5,gross_worst1,gross_worst3_sum,gross_pf,gross_positive,gross_negative,inc_n,inc_mean,inc_median,inc_trim10,inc_exbest1,inc_extop3,inc_extop5,inc_worst1,inc_worst3_sum,inc_pf,inc_positive,inc_negative
JAN_JUN,10,0,342,2.6817334141151,0.9892723623557683,0.8174006252905486,2.020004749724544,1.2653320804006312,0.8334381711278979,-77.80794147805737,-170.61800390698994,1.5692753212607151,0.5292397660818714,0.47076023391812866,342,0.0,0.0,0.0,0.0,0.0,0.0,0.0,0.0,,0.0,0.0
JAN_JUN,10,1,342,1.8134736779684029,0.22348337175202468,0.3399916320230511,1.2403333340497507,0.6029848857524674,0.2791264932590513,-71.00259511835088,-174.66211366146462,1.3785022308808756,0.5058479532163743,0.48830409356725146,342,-0.8682597361466969,-0.2965601714686972,-0.35390614049716146,-0.9364848682494348,-1.0525462270015435,-1.1548767031071545,-38.9280519065747,-108.7676346640189,0.6743423539324401,0.4678362573099415,0.5321637426900585
JAN_JUN,10,3,342,1.4372184295809345,-0.4614547887609189,0.248640519558277,0.9577829318512431,0.33113859536090806,-0.0039796749489298235,-58.96050176688675,-157.27030864657766,1.3334999812822919,0.47953216374269003,0.52046783625731,342,-1.2445149845341652,-0.1983513131067074,-0.7019637741694537,-1.3550982170528894,-1.5660131146937832,-1.7698901994285234,-84.74922735871974,-224.4993732940743,0.714532600384027,0.4824561403508772,0.5175438596491229
JAN_JUN,10,5,342,1.1677433310887266,-0.16432420509971588,0.39134125788030844,0.7280063021256489,0.40961914215470807,0.11262784760656107,-58.233144686225195,-140.3673103357007,1.3216871698606658,0.49122807017543857,0.5058479532163743,342,-1.5139900830263733,-0.3822212492297604,-0.5591585672289722,-1.6571768316424866,-1.8942112941734803,-2.0948894318072124,-195.3891665746017,-357.3039176952097,0.7069319057653389,0.4824561403508772,0.5175438596491229
JAN_JUN,15,0,340,2.5680040012364436,-0.050388606227998,0.34301470038719334,1.7464090059445465,0.33915972170820496,-0.43091188113614565,-112.38051835293108,-259.3342068959622,1.3960477352734368,0.4970588235294118,0.5029411764705882,340,0.0,0.0,0.0,0.0,0.0,0.0,0.0,0.0,,0.0,0.0
JAN_JUN,15,1,340,1.702241293947648,-0.3702010598955211,-0.33060932602479143,0.9493535725444653,-0.3148384469793768,-1.0539852601514008,-105.55182580905961,-241.89463920159648,1.2582162247112862,0.4852941176470588,0.5117647058823529,340,-0.8657627072887955,-0.28060440190804936,-0.35057819904479803,-0.9343088666074713,-1.0516537307568423,-1.1544740461319851,-39.01250427979397,-108.9258788046539,0.6763811686410971,0.47058823529411764,0.5294117647058824
JAN_JUN,15,3,340,1.3317317199366636,-0.8817124711451488,-0.5484682373923626,0.6246713086660224,-0.5135552631174288,-1.2171178992926606,-92.81242831739762,-241.5310719497798,1.2021897205219527,0.47352941176470587,0.5235294117647059,340,-1.2362722812997797,-0.198329022226567,-0.6897152890536732,-1.347932775405413,-1.5599021063797818,-1.7655349964216056,-85.21003375226529,-224.89863438200422,0.7170392990079205,0.4823529411764706,0.5176470588235295
JAN_JUN,15,5,340,1.0531350206846444,-0.7419532714536601,-0.6428774365385823,0.3743611220496703,-0.6580618659496913,-1.0610287786474015,-86.14845669458002,-244.52556343990986,1.1784308493965314,0.45294117647058824,0.5470588235294118,340,-1.5148689805517992,-0.3821325473748127,-0.5591704901179525,-1.65982676831509,-1.8987541107279737,-2.100293764751775,-194.9298754707364,-357.5065988271013,0.7080509149588907,0.4823529411764706,0.5176470588235295
JAN_JUN,30,0,338,3.0238085613781966,0.856969902019602,0.5780630951286616,2.3037876300923794,1.27450569190648,0.6198450576872562,-116.5842294047631,-315.8164261141038,1.3465202379095011,0.5118343195266272,0.4881656804733728,338,0.0,0.0,0.0,0.0,0.0,0.0,0.0,0.0,,0.0,0.0
JAN_JUN,30,1,338,2.1537069486006466,-0.5552770519861384,-0.1360918252967157,1.5030494068602525,0.6186513266176898,-0.043786432930941976,-109.75269817713517,-296.375045853503,1.2398790019557984,0.48520710059171596,0.514792899408284,338,-0.8701016127775504,-0.28074873247325294,-0.355196488926937,-0.939142862840395,-1.056690555608654,-1.1602865769217705,-39.00605192245904,-109.11587284461888,0.6756481191251675,0.47041420118343197,0.5295857988165681
JAN_JUN,30,3,338,1.9075041639290637,-0.36565163314431415,0.06237098575222126,1.3034867698451758,0.504067066393874,-0.0778319748151774,-110.04688814972161,-299.23566782354806,1.2127638768183255,0.4911242603550296,0.5088757396449705,338,-1.1163043974491333,-0.1986885825044693,-0.6630095702530303,-1.2285627269873527,-1.4408751843566858,-1.6463351985934074,-85.50966806774471,-225.755701202585,0.7378793122141716,0.4822485207100592,0.5177514792899408
JAN_JUN,30,5,338,1.6625197645512253,0.7780612015836899,0.23368447800503409,1.0871632020289967,0.3173475174839037,-0.2394111871480401,-120.47032771299017,-293.4088351753059,1.1937866768494696,0.5088757396449705,0.4911242603550296,338,-1.3612887968269716,-0.3822419985352483,-0.5361501501663521,-1.5060130301141321,-1.7450917028624162,-1.9470524128004063,-196.3033934356576,-359.2051979473539,0.7299382448953082,0.4822485207100592,0.5177514792899408
JUL_AUG,10,0,88,0.7966132123256923,1.1776623433166826,0.5994617886303056,0.5297290463008196,0.03147708275386566,-0.4794797634849717,-26.807740677642332,-66.16225592109586,1.2295996672196083,0.5681818181818182,0.4318181818181818,88,0.0,0.0,0.0,0.0,0.0,0.0,0.0,0.0,,0.0,0.0
JUL_AUG,10,1,88,1.4936143209881414,1.7221442942965717,1.5956006650665104,1.2502103936564477,0.798952314517119,0.3837507136993391,-25.11555109926385,-63.31842148289202,1.5103458546551285,0.5568181818181818,0.4431818181818182,88,0.6970011086624491,0.33267411092503324,0.585249236796945,0.558416347805103,0.32473527283785014,0.14012709029279025,-12.94375804133046,-27.36464531448376,1.6347879963741785,0.5227272727272727,0.4772727272727273
JUL_AUG,10,3,88,1.5931375414477174,1.3616707322333657,1.3437760061539954,1.3381015717002056,0.9098324072448094,0.5288374286749924,-21.13994875860205,-46.87779916642426,1.7050980486118004,0.5795454545454546,0.42045454545454547,88,0.7965243291220251,0.7407526409120533,0.691378159369479,0.5987747995651624,0.336091396532587,0.10186589983199247,-12.392527284898769,-33.33605016031693,1.4766883877001602,0.5227272727272727,0.45454545454545453
JUL_AUG,10,5,88,0.6366559639334727,0.07336491044462261,0.23038931212575042,0.339870967750221,-0.11493359714482038,-0.4895115785285965,-18.093510214832516,-46.368185011758484,1.2659317421245349,0.5,0.5,88,-0.1599572483922196,-1.1885630053951082,-0.28124502506051763,-0.42220659626325013,-0.838751522353604,-1.1533490418875367,-30.02152977089452,-56.63350706464757,0.9469058956068473,0.45454545454545453,0.5454545454545454
JUL_AUG,15,0,88,0.816608515436116,0.6695300049377988,0.8753921439373373,0.48308959657348544,-0.17508832917091977,-0.6868776559747786,-43.37302266448311,-94.42906883392732,1.186636368089356,0.5340909090909091,0.4659090909090909,88,0.0,0.0,0.0,0.0,0.0,0.0,0.0,0.0,,0.0,0.0
JUL_AUG,15,1,88,1.5135603273323115,1.6922833852672943,1.582009251594606,1.1783631917420385,0.5739799725772898,-0.0025339338686306725,-45.82915555990373,-88.34066381808529,1.4019576949846209,0.5681818181818182,0.42045454545454547,88,0.6969518118961956,0.33268980181808905,0.5854417995748595,0.5584710383685155,0.3248326332816463,0.1402392202607752,-12.95704357690878,-27.36252000198755,1.6347316348186718,0.5227272727272727,0.4772727272727273
JUL_AUG,15,3,88,1.613216125116695,2.2011058702140307,1.3926178150151338,1.2965564221722516,0.6985706432180213,0.1572373811055971,-35.54597890694327,-74.20884584547449,1.4746125725215642,0.5340909090909091,0.4659090909090909,88,0.796607609680579,0.7405908356071238,0.6914072678597052,0.5988419581461663,0.3362390208062311,0.10188822301271937,-12.40046129856484,-33.34999526755542,1.4767051319041449,0.5227272727272727,0.45454545454545453
JUL_AUG,15,5,88,0.6565133336521926,-0.30796483627653265,0.5562209440013788,0.3129205790202985,-0.2885462233665787,-0.8251674450818349,-30.13063118056439,-78.8020051055818,1.175868109902133,0.48863636363636365,0.5113636363636364,88,-0.1600951817839235,-1.1879145922819871,-0.28051273401371524,-0.422193850800132,-0.8387055340082161,-1.1535933225292956,-30.050521610838597,-56.69076351468721,0.9468635797734353,0.45454545454545453,0.5454545454545454
JUL_AUG,30,0,86,0.7116018717932671,-0.4981570081576221,-0.5509306576351273,0.003416387043929953,-1.1529306067104188,-2.261636359071816,-42.011971783588116,-108.59030185741003,1.0976577265467118,0.4883720930232558,0.5116279069767442,86,0.0,0.0,0.0,0.0,0.0,0.0,0.0,0.0,,0.0,0.0
JUL_AUG,30,1,86,1.4194768377398836,0.06268166966616687,0.020834068748638742,0.8112961643939302,-0.3163207697914918,-1.45962136972747,-37.522597110608025,-97.61966247363966,1.2178952613987712,0.5,0.5,86,0.7078749659466166,0.3326874733286713,0.594881952896538,0.566470553968478,0.327508769109624,0.13824906795226047,-12.94727759848844,-27.309871789510392,1.639391626880835,0.5232558139534884,0.47674418604651164
JUL_AUG,30,3,86,1.4816421619960627,-0.42113786224230426,-0.3028753719075857,0.7275787681578372,-0.4355885260656131,-1.5691066745905464,-36.934481441617564,-95.87034813142293,1.2459461336211135,0.4883720930232558,0.5116279069767442,86,0.7700402902027959,0.7401171972201008,0.6547418703088994,0.5670894643073578,0.29679875378385046,0.05553213471877386,-12.388881927268415,-33.334589483043416,1.4502804661073079,0.5232558139534884,0.46511627906976744
JUL_AUG,30,5,86,0.4151230220248509,-2.4318385819551587,-0.8185085388078187,-0.4005677026627313,-1.6166765997480166,-2.530388636011768,-33.755493945271844,-97.58846173721604,1.063564604716519,0.4186046511627907,0.5813953488372093,86,-0.29647884976841615,-1.3263089648325344,-0.4528184786472052,-0.5665421880608812,-0.9973556890737026,-1.3236889857501974,-30.056275716476357,-56.656146432314074,0.9038152658785538,0.4418604651162791,0.5581395348837209
ALL,10,0,430,2.2959413728186626,1.0258988331419936,0.7726202914473417,1.7690526394888817,1.168734280891042,0.8258132384817941,-77.80794147805737,-170.61800390698994,1.5151581972540507,0.5372093023255814,0.4627906976744186,430,0.0,0.0,0.0,0.0,0.0,0.0,0.0,0.0,,0.0,0.0
ALL,10,1,430,1.7480140886329074,0.47691848805080694,0.6080805518630669,1.292288408293523,0.7865338091734025,0.5305969140594275,-71.00259511835088,-174.66211366146462,1.3964102337142161,0.5162790697674419,0.4790697674418605,430,-0.5479272841857554,-0.10890225413778776,-0.11693744656588513,-0.6014108217034074,-0.6919837784337886,-0.7714290620819189,-38.9280519065747,-108.7676346640189,0.7663668287081974,0.4790697674418605,0.5209302325581395
ALL,10,3,430,1.4691274571257644,7.630804037593586e-05,0.5024596423078652,1.0881120825376993,0.5912226872944893,0.3267175369167289,-58.96050176688675,-157.27030864657766,1.377671940927621,0.5,0.5,430,-0.8268139156928983,-0.08535207953300195,-0.35810100307739184,-0.9137397460426505,-1.0791201520338507,-1.238491426458057,-84.74922735871974,-224.4993732940743,0.7829509451190605,0.4906976744186046,0.5046511627906977
ALL,10,5,430,1.0590556838569538,-0.09881435061136397,0.36214081221887406,0.7092677712144332,0.4564089321231654,0.22113249286954512,-58.233144686225195,-140.3673103357007,1.313598244481738,0.4930232558139535,0.5046511627906977,430,-1.2368856889617093,-0.5428816238196303,-0.4689742932661364,-1.35005486584756,-1.5368006243169208,-1.694244650300108,-195.3891665746017,-357.3039176952097,0.7382434191260411,0.47674418604651164,0.5232558139534884
ALL,15,0,428,2.207903994810208,0.23332370015840442,0.48913282549409537,1.5547873591887107,0.438019707233043,-0.1713804511163844,-112.38051835293108,-259.3342068959622,1.3649116288286227,0.5046728971962616,0.4953271028037383,428,0.0,0.0,0.0,0.0,0.0,0.0,0.0,0.0,,0.0,0.0
ALL,15,1,428,1.663447076512719,0.06293646108042027,0.10678759087534713,1.0656303744679558,0.06374765217221988,-0.5198386603911958,-105.55182580905961,-241.89463920159648,1.2767296638139138,0.5023364485981309,0.4929906542056075,428,-0.5444569182974889,-0.10072908547242276,-0.11511063969248915,-0.598123996096177,-0.6895895242780957,-0.7693074373696214,-39.01250427979397,-108.9258788046539,0.7684112501696847,0.48130841121495327,0.5186915887850467
ALL,15,3,428,1.3896070181979785,-0.41619958824395076,-0.08230665537678857,0.8283995143982452,-0.07318848155365733,-0.628301364663764,-92.81242831739762,-241.5310719497798,1.234289031696062,0.48598130841121495,0.5116822429906542,428,-0.8182969766122293,-0.08532564528195292,-0.34762893218511737,-0.9059666070504544,-1.0719659769366954,-1.2325124211568483,-85.21003375226529,-224.89863438200422,0.7854678757208529,0.49065420560747663,0.5046728971962616
ALL,15,5,428,0.9715866364349813,-0.6842529240285016,-0.3915536405766306,0.43250958720428845,-0.3858674716791836,-0.7037150531571786,-86.14845669458002,-244.52556343990986,1.1780703455619361,0.4602803738317757,0.5397196261682243,428,-1.2363173583752265,-0.5426276020405236,-0.4675635677591006,-1.3507485959152246,-1.5387494383819114,-1.696659071368392,-194.9298754707364,-357.5065988271013,0.7392522276885237,0.4766355140186916,0.5233644859813084
ALL,30,0,424,2.5548232422642725,0.39673667586628064,0.3188021025453017,1.9800808328968154,1.1595182132135198,0.6386781985300174,-116.5842294047631,-315.8164261141038,1.3029111549174435,0.5070754716981132,0.49292452830188677,424,0.0,0.0,0.0,0.0,0.0,0.0,0.0,0.0,,0.0,0.0
ALL,30,1,424,2.0047829166807745,-0.3576046197752005,-0.11859471755741235,1.4860582935166313,0.7822403858968078,0.25654922644302225,-109.75269817713517,-296.375045853503,1.23645296439837,0.4882075471698113,0.5117924528301887,424,-0.5500403255834977,-0.10069030200072193,-0.11471583268078206,-0.6042881742453998,-0.6962329906353683,-0.7768453055931757,-39.00605192245904,-109.11587284461888,0.7672309967791917,0.4811320754716981,0.5188679245283019
ALL,30,3,424,1.8211264937256717,-0.36565163314431415,-0.018693555822275294,1.3397074878711246,0.70376174150501,0.24225102223915831,-110.04688814972161,-299.23566782354806,1.2176087006094511,0.49056603773584906,0.5094339622641509,424,-0.7336967485386005,-0.122328573312799,-0.34071175216115324,-0.8222273617903013,-0.9892392441853903,-1.1503726877665017,-85.50966806774471,-225.755701202585,0.8039191658705943,0.49056603773584906,0.5070754716981132
ALL,30,5,424,1.4095100479067249,-0.47822955468789496,-0.016245309111705332,0.9505309195695251,0.33732066092932284,-0.10506765018176654,-120.47032771299017,-293.4088351753059,1.172656920921489,0.49056603773584906,0.5094339622641509,424,-1.1453131943575476,-0.5649565485481733,-0.48725569732965907,-1.260103007632497,-1.4491755380973712,-1.6082712041589955,-196.3033934356576,-359.2051979473539,0.7533492731649044,0.4740566037735849,0.5259433962264151
