view,arm,partition,n,mean,median,positive_rate,negative_rate,trim10,exbest1,extop3,extop5,worst1,stddev,event_days,ci95_low,ci95_high,ci98333_low,ci98333_high
COMMON_DEADLINE,CONTROL,ALL,430,2.295941372818686,1.025898833142,0.5372093023255814,0.4627906976744186,0.7726202914473604,1.7690526394889046,1.1687342808910657,0.8258132384818189,-77.807941478057,20.782346143695314,124,0.16133431317980354,4.753477948958858,-0.2382041008711788,5.384957477591222
COMMON_DEADLINE,DELAY_1,ALL,430,1.7480140886328839,0.476918488051,0.5162790697674419,0.4790697674418605,0.6080805518630552,1.2922884082934987,0.7865338091733793,0.5305969140594047,-71.002595118351,18.842875981068193,124,-0.22235153293109933,4.01476972852452,-0.6169267587039242,4.556958997501833
COMMON_DEADLINE,DELAY_3,ALL,430,1.4691274571257582,7.630804049999981e-05,0.5,0.5,0.5024596423078547,1.0881120825376922,0.5912226872944825,0.32671753691672234,-58.960501766887,16.46998555523497,124,-0.1818516882257506,3.296222353592569,-0.5103094079827654,3.712348536265399
COMMON_DEADLINE,DELAY_5,ALL,430,1.059055683856963,-0.0988143506115,0.4930232558139535,0.5046511627906977,0.36214081221888955,0.7092677712144428,0.4564089321231757,0.22113249286955766,-58.233144686225,13.45533223862584,124,-0.39755377834572136,2.639786556358438,-0.6882622108546098,3.0492627918213575
COMMON_DEADLINE,CONTROL,JAN_JUN,342,2.681733414115117,0.989272362356,0.5292397660818714,0.47076023391812866,0.8174006252905621,2.02000474972456,1.2653320804006492,0.8334381711279168,-77.807941478057,22.734371731395797,93,0.0908639277940203,5.700568972810111,-0.37180261569652356,6.446358222619488
COMMON_DEADLINE,DELAY_1,JAN_JUN,342,1.8134736779683656,0.223483371752,0.5058479532163743,0.48830409356725146,0.3399916320230291,1.2403333340497127,0.6029848857524306,0.2791264932590148,-71.002595118351,20.599023851082993,93,-0.617139549883814,4.5881027129973955,-1.0801789868923648,5.217148118833041
COMMON_DEADLINE,DELAY_3,JAN_JUN,342,1.4372184295809123,-0.4614547887605,0.47953216374269003,0.52046783625731,0.24864051955824812,0.9577829318512199,0.3311385953608849,-0.0039796749489525544,-58.960501766887,18.02848276245524,93,-0.5603609836052704,3.638005277331306,-0.987312572720028,4.141942832547497
COMMON_DEADLINE,DELAY_5,JAN_JUN,342,1.167743331088728,-0.16432420509950002,0.49122807017543857,0.5058479532163743,0.39134125788031027,0.728006302125651,0.40961914215471085,0.11262784760656676,-58.233144686225,14.607980854154041,93,-0.6090599110233055,3.1052215146671585,-0.9786091984204387,3.593789366690893
COMMON_DEADLINE,CONTROL,JUL_AUG,88,0.7966132123257386,1.1776623433164999,0.5681818181818182,0.4318181818181818,0.5994617886303472,0.5297290463008621,0.031477082753905906,-0.47947976348493976,-26.807740677642,10.053018143678432,31,-1.42036717369316,3.411811787752025,-1.8363889811289045,4.032861584367155
COMMON_DEADLINE,DELAY_1,JUL_AUG,88,1.4936143209881705,1.7221442942965,0.5568181818181818,0.4431818181818182,1.5956006650665555,1.2502103936564828,0.798952314517153,0.3837507136993735,-25.115551099264,9.357490339600377,31,-0.5012734461507802,3.8619334169037445,-0.8751205433162648,4.438539923392973
COMMON_DEADLINE,DELAY_3,JUL_AUG,88,1.5931375414477729,1.3616707322335,0.5795454545454546,0.42045454545454547,1.3437760061540696,1.3381015717002642,0.9098324072448706,0.5288374286750602,-21.139948758602,7.976322299082444,31,-0.21476573213570188,3.7949744650257093,-0.547024739164302,4.286428396764493
COMMON_DEADLINE,DELAY_5,JUL_AUG,88,0.6366559639335114,0.0733649104445,0.5,0.5,0.23038931212580557,0.33987096775026443,-0.11493359714476468,-0.48951157852854216,-18.093510214833,7.490936625079671,31,-0.8282714228728042,2.4757094412896863,-1.0991240963794455,2.9503530846434605
COMMON_DEADLINE,CONTROL,JAN_MAR,147,6.000273208887435,1.963123809855,0.564625850340136,0.43537414965986393,2.0569050236998234,4.47745858722711,2.7349646481590484,1.7306760404872605,-77.807941478057,31.120708917311262,40,0.8365316545967502,12.041398424121112,-0.04879800664422379,13.618482324148196
COMMON_DEADLINE,DELAY_1,JAN_MAR,147,5.423593755216279,1.216428738999,0.5102040816326531,0.4897959183673469,2.3106974678878234,4.109684596318932,2.6491122251505974,1.9093374111260564,-71.002595118351,27.580346280425875,40,0.864854000819891,10.71024554032867,-0.011739968310929032,12.022719859090632
COMMON_DEADLINE,DELAY_3,JAN_MAR,147,4.398362359765952,1.317431009531,0.5510204081632653,0.4489795918367347,1.5305718031668234,3.298866737878007,1.856156581918493,1.0823198134586338,-58.306751545405,23.87662673144476,40,0.6540023144200446,8.618555913853593,-0.06348723558413054,9.612493621105552
COMMON_DEADLINE,DELAY_5,JAN_MAR,147,3.7968965182187824,0.87991376845,0.5510204081632653,0.4489795918367347,1.7131312962296723,2.787847383360705,2.066919848168493,1.3854306590790775,-51.665562952834,18.819071744342477,40,0.46940366332448275,7.6013159606372565,-0.10074710784516352,8.54915551509905
COMMON_DEADLINE,CONTROL,APR_JUN,195,0.18006495344060003,0.130600020026,0.5025641025641026,0.49743589743589745,0.1663748987036624,-0.031306585260355645,-0.4402648871473698,-0.7629074593198737,-49.803483353885,12.844507395179484,53,-1.8421098016869408,2.2239894497890003,-2.3469461840317356,2.614845011960524
COMMON_DEADLINE,DELAY_1,APR_JUN,195,-0.9080014571877538,0.043533719043,0.5025641025641026,0.48717948717948717,-0.7080910312219236,-1.12397264324267,-1.5402323213846876,-1.8182153673206,-51.42533691424,12.49212611441131,53,-3.0057974990256926,1.1762955470364742,-3.4339827353404075,1.589192428666495
COMMON_DEADLINE,DELAY_3,APR_JUN,195,-0.795028533173964,-1.406732533986,0.4256410256410256,0.5743589743589743,-0.5543327085274714,-0.9612675438522887,-1.2731906408212084,-1.5246372544334421,-58.960501766887,11.428777001023123,53,-2.6030293207969653,1.0126376368793841,-3.04937920212219,1.370659087204326
COMMON_DEADLINE,DELAY_5,APR_JUN,195,-0.8142336869016205,-0.591469738929,0.4461538461538462,0.5487179487179488,-0.48513859460715286,-1.005417416981541,-1.2871915366470363,-1.4745518187765159,-58.233144686225,9.96848753376015,53,-2.417235699615323,0.7341236625016537,-2.770236581966656,1.0543801758297735
COMMON_DEADLINE,CONTROL,2026.01,39,7.001167958457334,1.190853347533,0.5128205128205128,0.48717948717948717,3.1143555114793338,5.014799992278711,1.4237237372406113,-0.9739884588854999,-18.71186710593,23.743194756903065,13,-1.0498785749533912,18.575416999352225,-2.3533837500873,21.74810073193967
COMMON_DEADLINE,DELAY_1,2026.01,39,5.67980491220623,1.3524213796,0.5384615384615384,0.46153846153846156,4.0910572603740905,4.249120264676579,2.1614720934021108,0.362936769094147,-26.675644877239,17.84936901465932,13,-0.947004180876968,14.624701367960393,-2.072585186241778,16.940807049234333
COMMON_DEADLINE,DELAY_3,2026.01,39,3.9508296266506155,1.739208998714,0.5641025641025641,0.4358974358974359,2.0880395071336664,2.477818224591842,0.15012620737744445,-1.1082487172234412,-28.993304638929,17.450392272094106,13,-2.2388779252012223,12.577356309551691,-3.182723334193871,14.776956792422393
COMMON_DEADLINE,DELAY_5,2026.01,39,4.011746825111923,0.676256418983,0.5384615384615384,0.46153846153846156,2.256898005345364,2.7802287204002893,0.33980505759533325,-0.8444476893788824,-30.468602696641,16.49621312362538,13,-1.8064946890016063,12.027914594603946,-2.659470871862435,14.125788232297857
COMMON_DEADLINE,CONTROL,2026.02,47,14.206068426047255,3.769944456151,0.5957446808510638,0.40425531914893614,5.3478804267683335,9.551174088107087,4.28593590278775,2.4478073195072145,-23.685324770507,43.9838878150653,9,2.0284245940791337,28.14698249739849,0.8702151492299822,31.69282077108473
COMMON_DEADLINE,DELAY_1,2026.02,47,12.670152087472214,1.352941972318,0.5106382978723404,0.48936170212765956,4.673520766416103,8.657452546890545,4.137229525070454,1.890733919257905,-17.308365845911,39.26225179132135,9,1.0194996774837222,25.300055618168656,-0.36858127123495,28.742323037191273
COMMON_DEADLINE,DELAY_3,2026.02,47,9.235714703426298,0.375327918075,0.5106382978723404,0.48936170212765956,2.2976147540911027,5.851171041426739,1.245587999356909,-0.14861187014650007,-31.425572371307,34.622513389727175,9,0.30738088208865083,18.533253604793558,-0.9625991094997184,20.736033482024443
COMMON_DEADLINE,DELAY_5,2026.02,47,7.046811744533894,3.325432209518,0.5957446808510638,0.40425531914893614,2.884541664367282,3.914827864904239,2.0490892138819774,0.9747760448236191,-16.731459008999,24.925116936095105,9,0.11026814286393916,16.079126065287905,-0.8543988159007587,18.439144388699905
COMMON_DEADLINE,CONTROL,2026.03,61,-0.9621410606164591,0.938206149842,0.5737704918032787,0.4262295081967213,0.0687412602173264,-1.9227623170103167,-3.266005677213362,-4.243581380114393,-77.807941478057,20.341703880852496,18,-4.82260417573,2.6236090280695,-5.690418605667437,3.4435967377254464
COMMON_DEADLINE,DELAY_1,2026.03,61,-0.32362717492531146,-0.419940368468,0.4918032786885246,0.5081967213114754,0.44802972070777536,-1.206312613015167,-2.649302023197948,-3.596282022718232,-71.002595118351,19.81421411461217,18,-3.800269054090037,3.198294287577672,-4.578316237476949,3.9198176911293086
COMMON_DEADLINE,DELAY_3,2026.03,61,0.9573495145112295,1.004772670184,0.5737704918032787,0.4262295081967213,0.7138257255071224,0.15807172365233338,-0.9686275696708793,-1.742163557340625,-58.306751545405,15.647723156291674,18,-2.506283604495821,4.819160278319846,-3.249368924430891,5.7170220671830005
COMMON_DEADLINE,DELAY_5,2026.03,61,1.1555001640279179,0.274850942445,0.5245901639344263,0.47540983606557374,0.8421759896450611,0.30127275248996666,-0.8352082560618621,-1.429751007798,-51.665562952834,14.062007520020487,18,-2.544338375573444,5.250769353050486,-3.3415757274279274,6.2016455044790675
COMMON_DEADLINE,CONTROL,2026.04,66,-2.776291664636864,-2.668995981259,0.30303030303030304,0.696969696969697,-3.0194634009609076,-3.4414321752502,-4.102477209253619,-4.584395305062886,-28.776886744366,10.38466813112103,18,-4.692572738145521,-0.8627765303895847,-5.134437382977947,-0.4045822897639536
COMMON_DEADLINE,DELAY_1,2026.04,66,-4.630822342074954,-3.418910553595,0.3181818181818182,0.6818181818181818,-4.114966540413852,-5.268740569951323,-5.856778440719968,-6.318656579944164,-34.06865204172,11.065623738088949,18,-7.115055646298027,-2.279826894309042,-7.661890344619507,-1.8613104107624656
COMMON_DEADLINE,DELAY_3,2026.04,66,-3.909649436137591,-3.4768944553055,0.3484848484848485,0.6515151515151515,-3.363712735221444,-4.386681269509261,-4.871794490794318,-5.305591208238,-40.003055334286,9.632800743569394,18,-5.8984773346483665,-2.1959592766071,-6.442551273479393,-1.8275525241015507
COMMON_DEADLINE,DELAY_5,2026.04,66,-2.724162632443333,-2.1973236496824997,0.3787878787878788,0.6212121212121212,-2.6706385628110003,-3.324156056767123,-3.834694917412079,-4.296254972451508,-23.100560705774,9.522455705628694,18,-4.640330751482407,-1.2514798340590514,-5.154204813662491,-0.9809435987126777
COMMON_DEADLINE,CONTROL,2026.05,66,0.4840686502392273,1.1271023799825,0.5454545454545454,0.45454545454545453,0.35052273037914816,-0.14211711608672306,-1.2448307402266985,-1.9477301366807704,-41.238630939901,14.257939603257439,16,-3.478477458318964,4.41175461694647,-4.455791279480364,5.096310699144974
COMMON_DEADLINE,DELAY_1,2026.05,66,-0.15926638908410615,0.5098879461604999,0.5151515151515151,0.4696969696969697,-0.537431730814389,-0.7923383125694924,-1.8113725263109206,-2.4452874383853938,-38.775765035363,12.778236427522495,16,-3.861974677910844,3.5256058349830512,-4.81231836095835,4.338918121769672
COMMON_DEADLINE,DELAY_3,2026.05,66,-0.26820648465528785,-1.9780339883384999,0.3787878787878788,0.6212121212121212,-0.7797086977885556,-0.7562610388564615,-1.6238442476530157,-2.2714250465116885,-35.508735639356,10.851928773025016,16,-3.2619954885972184,2.794766333502753,-3.9392517031689374,3.4737703371495603
COMMON_DEADLINE,DELAY_5,2026.05,66,-0.7305715992067727,-1.7578810067625001,0.36363636363636365,0.6212121212121212,-1.0676712207082222,-1.2485321930099849,-1.7775766146779046,-2.2487003020428196,-22.997359644865,8.510521439238309,16,-3.247791008177672,1.8680124070797615,-3.7413850800355624,2.404330301381683
COMMON_DEADLINE,CONTROL,2026.06,63,2.9587203947803333,3.986690971274,0.6666666666666666,0.3333333333333333,3.6990980186473137,2.534919528302726,1.7399399902560333,1.1111274505813966,-49.803483353885,13.145319072699369,19,-1.0509707598918698,6.525615856105576,-2.03721130647327,7.219675465715115
COMMON_DEADLINE,DELAY_1,2026.06,63,2.207707493728349,2.991047724601,0.6825396825396826,0.30158730158730157,3.0757073684242937,1.7947806435108387,1.1402847508614,0.5545708784680172,-51.42533691424,12.787647883717614,19,-1.797249738367155,5.652378602419082,-2.8017202836563624,6.369930032307625
COMMON_DEADLINE,DELAY_3,2026.06,63,1.9159988381493176,2.58400360821,0.5555555555555556,0.4444444444444444,3.134415731759059,1.57669986738529,0.9490842755953001,0.3603295519493448,-58.960501766887,13.033452403479608,19,-1.902295210841448,5.124330194216138,-2.901945835371344,5.744157773947888
COMMON_DEADLINE,DELAY_5,2026.06,63,1.098998259414143,2.072480945984,0.6031746031746031,0.3968253968253968,2.4230986995412747,0.8078058257948548,0.3032040710660333,-0.1569807920618104,-58.233144686225,11.503294002012774,19,-2.5122653032670472,4.188886469764042,-3.4564593796883125,4.789991459384906
COMMON_DEADLINE,CONTROL,2026.07,57,-0.29792171702821046,0.93389957139,0.543859649122807,0.45614035087719296,-0.32916787042674467,-0.6917051236787499,-1.3828172467163886,-1.902396376216077,-22.664482530989,9.07322630297906,18,-2.76954926461935,2.6525055897521366,-3.2185501290266196,3.33598312900888
COMMON_DEADLINE,DELAY_1,2026.07,57,0.9085805447779824,1.178021071852,0.543859649122807,0.45614035087719296,1.2497705136851065,0.6232036314972144,0.1256416057924074,-0.3371204385958654,-25.115551099264,8.206831083003465,18,-1.2705471256463585,3.5156948279091917,-1.6979492211441147,4.243661756927869
COMMON_DEADLINE,DELAY_3,2026.07,57,0.7612422026551403,0.272650434877,0.543859649122807,0.45614035087719296,0.590528220113383,0.41926467738946427,-0.05846164538240742,-0.46932787624346156,-14.853577440152,6.771655715802701,18,-1.1608221755606,3.0533589405632036,-1.4906635056267257,3.654876308192846
COMMON_DEADLINE,DELAY_5,2026.07,57,-0.44417262126991225,-0.515660106324,0.43859649122807015,0.5614035087719298,-0.5344178903174255,-0.7952699003990714,-1.2485406823560925,-1.5649163468963463,-18.093510214833,6.002043299454499,18,-1.801080212565922,1.2866953844218056,-2.071735440229847,1.755837615410829
COMMON_DEADLINE,CONTROL,2026.08,31,2.809145179202355,1.828746035788,0.6129032258064516,0.3870967741935484,3.00478837611992,2.1022654966261,0.7355568748375357,-0.6823103564458463,-26.807740677642,11.530450287272107,13,-0.9769628679788858,7.616539568356036,-1.6905749171440816,8.547107625360885
COMMON_DEADLINE,DELAY_1,2026.08,31,2.569321586923033,2.20921493156,0.5806451612903226,0.41935483870967744,2.6684014689010804,1.8993071065256335,0.5757805600576072,-0.7307689110900768,-23.535306407165,11.241072794989849,13,-1.0102837085226584,7.215109664546929,-1.6275993518222187,8.130778326036564
COMMON_DEADLINE,DELAY_3,2026.08,31,3.122751551485839,1.861765091216,0.6451612903225806,0.3548387096774194,3.13297749877168,2.434134372886,1.2765899593585,0.23753654238330774,-21.139948758602,9.755704827845927,13,-0.1283701569715134,7.552030479342333,-0.6135527892438787,8.376861895357955
COMMON_DEADLINE,DELAY_5,2026.08,31,2.623985943178516,2.378873854212,0.6129032258064516,0.3870967741935484,2.2481646022396,1.8295537868886,0.6601379138035358,-0.341282959735423,-17.558641066215,9.443755190430787,13,-0.2534467202773674,6.397296907369927,-0.7292118628205959,7.22044286945572
EQUAL_HOLD,CONTROL,ALL,428,2.299244831862276,1.025898833142,0.5373831775700935,0.46261682242990654,0.7717836793799737,1.7698959720509577,1.1667565545070684,0.8222047850586099,-77.807941478057,20.827187358390972,124,0.15641487724310246,4.775142712410409,-0.23885837471691626,5.380878656039254
EQUAL_HOLD,DELAY_1,ALL,428,1.7800012973445982,0.603544515158,0.5350467289719626,0.4649532710280374,0.7480060801843895,1.25871476108837,0.6963842134801764,0.41279877055897163,-73.417115217758,20.75033604617738,124,-0.2379906290511081,4.072479889316889,-0.6290671812082166,4.629877211501688
EQUAL_HOLD,DELAY_3,ALL,428,1.4398978723940608,-0.4973336432935,0.48130841121495327,0.5186915887850467,-0.01108235580904941,0.9844953174676369,0.18605010706035993,-0.24191577090666203,-111.829761538326,23.19461084783926,124,-0.5783121428198154,3.6586945743078005,-0.9057696865035034,4.250605568227732
EQUAL_HOLD,DELAY_5,ALL,428,0.9840805999363341,-0.6392646223364999,0.46261682242990654,0.5373831775700935,-0.37619901901768615,0.44503281057332555,-0.3732957349789906,-0.6922778182966359,-86.030901375007,23.004207313374664,124,-1.116625560682587,3.455204356970591,-1.5575712937869979,4.10763958331674
EQUAL_HOLD,CONTROL,JAN_JUN,340,2.6881612510364383,0.989272362356,0.5294117647058824,0.47058823529411764,0.8117270921126214,2.0225475438970326,1.2634111957888399,0.8289273474481402,-77.807941478057,22.79690448839377,93,0.09162660276963241,5.722630069605888,-0.36269986521973585,6.465827320159489
EQUAL_HOLD,DELAY_1,JAN_JUN,340,1.8573106283462206,0.42063209157049997,0.5205882352941177,0.47941176470588237,0.4894016365441176,1.200932924362717,0.4914194335409555,0.13211623379305076,-73.417115217758,22.735545471678495,93,-0.6106223277333511,4.655140342005902,-1.0867881142770603,5.346438554236791
EQUAL_HOLD,DELAY_3,JAN_JUN,340,1.40117598797385,-0.891823745062,0.45,0.55,-0.4034560158281948,0.8274426167703008,-0.18043073582461727,-0.7230054464688568,-111.829761538326,25.518167253693502,93,-1.0268781402629907,4.168371496723211,-1.5206155295217127,4.760296718073625
EQUAL_HOLD,DELAY_5,JAN_JUN,340,1.0744530079202355,-0.6842529240285,0.45588235294117646,0.5441176470588235,-0.622407428205353,0.39574199420335987,-0.6365672446467122,-1.0409134066249195,-86.030901375007,25.239947752557523,93,-1.5336432731786211,4.166943155728003,-1.9861133847665113,5.009820250038648
EQUAL_HOLD,CONTROL,JUL_AUG,88,0.7966132123257386,1.1776623433164999,0.5681818181818182,0.4318181818181818,0.5994617886303472,0.5297290463008621,0.031477082753905906,-0.47947976348493976,-26.807740677642,10.053018143678432,31,-1.42036717369316,3.411811787752025,-1.8363889811289045,4.032861584367155
EQUAL_HOLD,DELAY_1,JUL_AUG,88,1.4813061548383295,1.802662934513,0.5909090909090909,0.4090909090909091,1.6594320562637639,1.2257261234812182,0.7492458967267763,0.3065600044239276,-28.099092709888,9.951292098695733,31,-0.7381426098314028,4.023435125875393,-1.2039781447305835,4.675922007068119
EQUAL_HOLD,DELAY_3,JUL_AUG,88,1.5895051531085114,1.679503728636,0.6022727272727273,0.3977272727272727,1.3461181020260973,1.2135075029434943,0.5887394894135058,0.13964316778318067,-22.378087064439,10.154147125825805,31,-0.693088720311643,4.131973454074026,-1.0928338146241963,4.739764942723552
EQUAL_HOLD,DELAY_5,JUL_AUG,88,0.6349144781803523,-0.2219185876475,0.48863636363636365,0.5113636363636364,0.5499769898464861,0.291073460841885,-0.3103725834072941,-0.835331018299723,-30.130631180564,10.716036843519138,31,-1.8478850290026922,3.5276898610493714,-2.2951998910108777,4.271239416522675
EQUAL_HOLD,CONTROL,JAN_MAR,146,6.069863999125137,1.986474380916,0.5684931506849316,0.4315068493150685,2.109590508356746,4.537027144144655,2.7831810594455946,1.772453758262468,-77.807941478057,31.21635806629536,40,0.8726985321496948,12.139845592248692,-0.029676734348855063,13.655078056330067
EQUAL_HOLD,DELAY_1,JAN_MAR,146,4.826568416939007,0.6289103724039999,0.541095890410959,0.4589041095890411,1.9146644835374917,3.3124802523747654,1.6699421282425315,0.8931259244169362,-73.417115217758,30.395649982713984,40,0.16093808495152828,10.168479974572376,-0.7176572044345625,11.479793775925726
EQUAL_HOLD,DELAY_3,JAN_MAR,146,2.964634554309651,-2.076486537016,0.4246575342465753,0.5753424657534246,-0.5770170061223898,1.634067973125738,-0.7298485940894825,-2.026737698928844,-111.829761538326,34.29220893707358,40,-1.640550695372738,8.307207210595895,-2.44410192150213,9.744951882925198
EQUAL_HOLD,DELAY_5,JAN_MAR,146,2.6052438121602672,-1.2656508148030001,0.4520547945205479,0.547945205479452,-0.8388752564951357,1.0290214477066069,-1.394906206737224,-2.3663433853675815,-86.030901375007,34.49752493410675,40,-2.4673761193570374,9.171958259796442,-3.3462575097639564,10.885640141060021
EQUAL_HOLD,CONTROL,APR_JUN,194,0.14316846123772684,0.044387251766999994,0.5,0.5,0.12040304266459614,-0.06948944031765283,-0.48098870561828794,-0.8057693212252592,-49.803483353885,12.867375686098045,53,-1.8650342294363218,2.186090324456048,-2.376886258241995,2.5700034721071052
EQUAL_HOLD,DELAY_1,APR_JUN,194,-0.37728543935762887,0.23393884266999998,0.5051546391752577,0.4948453608247423,-0.2763302636138205,-0.6925570426680051,-1.172633816847152,-1.5231169269568572,-49.478678903664,14.21704812213686,53,-2.5903282185485295,1.9912353413518136,-3.05217317770791,2.4788884713446615
EQUAL_HOLD,DELAY_3,APR_JUN,194,0.224552530834536,-0.5234212518715,0.4690721649484536,0.5309278350515464,-0.1609216259923333,-0.15355483281742494,-0.8085575906822462,-1.2787111548383228,-65.203662011214,16.032662540270273,53,-2.163526066464204,2.685088755490474,-2.721277704358641,3.2862418117550902
EQUAL_HOLD,DELAY_5,APR_JUN,194,-0.07758543238411854,-0.516009297502,0.4587628865979381,0.5412371134020618,-0.43494766120406414,-0.392916472566373,-0.9354641438912199,-1.348972214793894,-73.394008927796,14.891758735894955,53,-2.3924550335244836,2.2061754277190837,-2.8655374485648513,2.7270915162276648
EQUAL_HOLD,CONTROL,2026.01,39,7.001167958457334,1.190853347533,0.5128205128205128,0.48717948717948717,3.1143555114793338,5.014799992278711,1.4237237372406113,-0.9739884588854999,-18.71186710593,23.743194756903065,13,-1.0498785749533912,18.575416999352225,-2.3533837500873,21.74810073193967
EQUAL_HOLD,DELAY_1,2026.01,39,3.7612217634073843,0.739307225639,0.5641025641025641,0.4358974358974359,2.1214434116183334,2.258115052363237,-0.15479337150574993,-1.8074355716252646,-26.21743738495,18.692681554499483,13,-2.725973212579941,12.132073438579363,-3.9559419405269733,14.196534524902033
EQUAL_HOLD,DELAY_3,2026.01,39,0.4463991618429742,-1.042712094156,0.46153846153846156,0.5384615384615384,-0.5865463051400001,-2.045285774022658,-4.450348350280501,-5.522526085549,-90.95098785717,25.955278461796265,13,-4.773547607536384,6.820427771641281,-5.8536159806612575,8.236076340594526
EQUAL_HOLD,DELAY_5,2026.01,39,-0.13877287045825623,-1.194800229402,0.46153846153846156,0.5384615384615384,-2.173599990029515,-4.0462390235685,-5.752950050156194,-7.050409241993147,-83.843817822227,30.231671133077565,13,-6.473911424868893,7.659446278811153,-7.501028540630129,9.330389171910076
EQUAL_HOLD,CONTROL,2026.02,46,14.605330395435608,3.8580188635474997,0.6086956521739131,0.391304347826087,5.598087337099526,9.8558664493054,4.482352602057628,2.6089729167102442,-23.685324770507,44.38371701855119,9,2.1987200406277676,28.473980436518698,1.0548502699980589,32.20224750790522
EQUAL_HOLD,DELAY_1,2026.02,46,13.041310745283523,1.5710030295634998,0.5434782608695652,0.45652173913043476,4.135504263375921,8.345132044539733,3.1168146453169534,1.2743096099177804,-22.420177772439,43.81661412424426,9,0.9635741625664528,25.525181464119548,-0.3266334784922653,28.471639699489934
EQUAL_HOLD,DELAY_3,2026.02,46,11.669906542100087,-2.683600334048,0.391304347826087,0.6086956521739131,1.482532794328763,7.5759758246806,-0.00905332435816295,-3.5116023930852927,-57.516756003338,50.062378177646885,9,-0.686033043444111,24.01001384871452,-2.475006393415604,27.225381368244093
EQUAL_HOLD,DELAY_5,2026.02,46,10.433397181801283,-1.7066955694845,0.43478260869565216,0.5652173913043478,1.9118879523425527,5.528417415664844,-0.4158161348725581,-3.034996606294171,-53.921443898799,49.38713091670458,9,-1.7802002113707276,28.163604651738183,-3.72062298872781,32.756850382922025
EQUAL_HOLD,CONTROL,2026.03,61,-0.9621410606164591,0.938206149842,0.5737704918032787,0.4262295081967213,0.0687412602173264,-1.9227623170103167,-3.266005677213362,-4.243581380114393,-77.807941478057,20.341703880852496,18,-4.82260417573,2.6236090280695,-5.690418605667437,3.4435967377254464
EQUAL_HOLD,DELAY_1,2026.03,61,-0.6870320357841803,0.364425676522,0.5245901639344263,0.47540983606557374,0.5939540823710409,-1.5650107732607335,-3.107636369536086,-4.226095884459893,-73.417115217758,22.094080752746844,18,-4.45546297658565,2.837308842252123,-5.167244935153714,3.653459988847235
EQUAL_HOLD,DELAY_3,2026.03,61,-1.9899774314634588,-2.025243535536,0.4262295081967213,0.5737704918032787,-0.9267813724752245,-2.6630829736876,-3.975015618658655,-5.028579191871697,-111.829761538326,21.17477238682892,18,-5.55041246659572,1.0554140978714517,-6.428698353066999,1.5922810111955252
EQUAL_HOLD,DELAY_5,2026.03,61,-1.5435824891735739,-1.443551135795,0.45901639344262296,0.5409836065573771,-0.9989068380082857,-2.7002873440284336,-3.9148441212705176,-4.785536183256019,-86.030901375007,19.962353531731445,18,-6.544982788471747,3.0097247283783823,-7.820312012191016,3.9413122105816614
EQUAL_HOLD,CONTROL,2026.04,66,-2.776291664636864,-2.668995981259,0.30303030303030304,0.696969696969697,-3.0194634009609076,-3.4414321752502,-4.102477209253619,-4.584395305062886,-28.776886744366,10.38466813112103,18,-4.692572738145521,-0.8627765303895847,-5.134437382977947,-0.4045822897639536
EQUAL_HOLD,DELAY_1,2026.04,66,-3.964044004545606,-3.535038742655,0.3787878787878788,0.6212121212121212,-3.5932575750001665,-4.6126556857020775,-5.307661079438698,-5.896115954210705,-39.707531705635,12.469583781584294,18,-6.502194397897313,-1.3395996063893465,-7.046077643957271,-0.7501105578269296
EQUAL_HOLD,DELAY_3,2026.04,66,-2.636063277500848,-1.4412368714485,0.42424242424242425,0.5757575757575758,-2.394577133534018,-3.2424827808394925,-4.074797465819445,-4.614324528053557,-39.866276995226,12.60832742242255,18,-5.425881257117164,-0.12334450333813622,-6.18928903029936,0.3966935703639835
EQUAL_HOLD,DELAY_5,2026.04,66,-1.197103923645106,-1.1165812898665,0.3939393939393939,0.6060606060606061,-1.6546026570363148,-1.9009962877276152,-2.879790777420651,-3.570159047696115,-44.685618409455,13.523819131903668,18,-4.845982089002485,1.634527778601762,-5.755650878707158,2.186596005725
EQUAL_HOLD,CONTROL,2026.05,66,0.4840686502392273,1.1271023799825,0.5454545454545454,0.45454545454545453,0.35052273037914816,-0.14211711608672306,-1.2448307402266985,-1.9477301366807704,-41.238630939901,14.257939603257439,16,-3.478477458318964,4.41175461694647,-4.455791279480364,5.096310699144974
EQUAL_HOLD,DELAY_1,2026.05,66,0.09980626250086372,0.20143168479850002,0.5,0.5,-0.3258301979548704,-0.8289680103767383,-2.1183573694327302,-2.78157673105559,-49.478678903664,15.713804724537264,16,-4.190319283057846,4.700951493537321,-5.014244426535521,5.919393962780072
EQUAL_HOLD,DELAY_3,2026.05,66,0.4030616089114242,-1.394857789075,0.3787878787878788,0.6212121212121212,-1.035003437937463,-0.7168801158078308,-2.0846038178873334,-2.9042436908794755,-37.715493221465,16.173543200262568,16,-3.627060905503274,5.077296588595356,-4.370881953520323,6.40220762301678
EQUAL_HOLD,DELAY_5,2026.05,66,0.2234015040048939,-0.848879243763,0.42424242424242425,0.5757575757575758,-1.2750721674102223,-0.7082585547456616,-2.04410123234554,-2.7105776451311643,-25.891509454965,14.38659017917769,16,-3.525129754708284,4.8766319844444705,-4.151929721231827,6.134428189899
EQUAL_HOLD,CONTROL,2026.06,62,2.8880871037155322,3.8921024177845,0.6612903225806451,0.3387096774193548,3.6263202902043004,2.4561807592454263,1.6450578809248135,1.0018843454898771,-49.803483353885,13.240571258919369,19,-1.1474810383998637,6.505350506498759,-2.058332800052778,7.215664991983491
EQUAL_HOLD,DELAY_1,2026.06,62,2.9330050925737585,4.2731276034465004,0.6451612903225806,0.3548387096774194,3.5709935448442,2.383771059836902,1.5919017513752036,0.8798142314555439,-44.681030433683,13.61628681773944,19,-0.8965200526397286,6.428727173343509,-1.8301244074472902,7.066679535797963
EQUAL_HOLD,DELAY_3,2026.06,62,3.079698404980677,2.063651610012,0.6129032258064516,0.3870967741935484,3.3806048455946,2.0084864349971636,0.6675750717361184,-0.12662137251026334,-65.203662011214,18.65403442731021,19,-1.8565706206853239,7.571637141517298,-3.0119919307667438,8.429924054539088
EQUAL_HOLD,DELAY_5,2026.06,62,0.7937546098989517,1.3330878139000002,0.5645161290322581,0.43548387096774194,1.86854477076714,0.17859317793514765,-0.8936185242490507,-1.7274623281105614,-73.394008927796,16.8519957919698,19,-3.5605600260452093,4.535599648364558,-4.660600531064636,5.2546402761206465
EQUAL_HOLD,CONTROL,2026.07,57,-0.29792171702821046,0.93389957139,0.543859649122807,0.45614035087719296,-0.32916787042674467,-0.6917051236787499,-1.3828172467163886,-1.902396376216077,-22.664482530989,9.07322630297906,18,-2.76954926461935,2.6525055897521366,-3.2185501290266196,3.33598312900888
EQUAL_HOLD,DELAY_1,2026.07,57,0.964492599509649,1.704659154637,0.5789473684210527,0.42105263157894735,1.3982981847514895,0.7163483595904999,0.2115276532149814,-0.2840718602248847,-28.099092709888,8.616191129473947,18,-1.5191888242998894,3.906578105365983,-1.996685187621184,4.739430216579591
EQUAL_HOLD,DELAY_3,2026.07,57,0.5830113553631228,0.849717468942,0.5964912280701754,0.40350877192982454,0.6268184197955107,0.12631313332082136,-0.4530994103087778,-0.92650672276925,-22.378087064439,8.596856674633882,18,-2.0444938382039437,3.4731301053841457,-2.5942811823404,4.0752614166869074
EQUAL_HOLD,DELAY_5,2026.07,57,-1.5257184397769825,-2.332645244791,0.40350877192982454,0.5964912280701754,-1.1538427059592766,-1.9916460883455536,-2.7080681641081665,-3.1837241597647883,-30.130631180564,9.811128527281241,18,-3.988429137551857,1.4192328353424544,-4.530398179312632,2.116352659911182
EQUAL_HOLD,CONTROL,2026.08,31,2.809145179202355,1.828746035788,0.6129032258064516,0.3870967741935484,3.00478837611992,2.1022654966261,0.7355568748375357,-0.6823103564458463,-26.807740677642,11.530450287272107,13,-0.9769628679788858,7.616539568356036,-1.6905749171440816,8.547107625360885
EQUAL_HOLD,DELAY_1,2026.08,31,2.4315762404426775,3.641382678793,0.6129032258064516,0.3870967741935484,2.6178608567057595,1.7220698190272,0.31106510891878564,-1.1358306848024617,-20.915164873556,12.131043899368601,13,-1.4573599293686055,7.245192921320964,-2.1443189349577954,8.094757281695319
EQUAL_HOLD,DELAY_3,2026.08,31,3.440155039285516,4.225362553403,0.6129032258064516,0.3870967741935484,2.97570306222216,2.4114501833462,0.8476030378982141,-0.3648084405981154,-21.254839784464,12.473485988624002,13,-0.17195503073923088,8.282778769730895,-0.6677050371191036,9.211372535232679
EQUAL_HOLD,DELAY_5,2026.08,31,4.607691133779323,4.932343954605,0.6451612903225806,0.3548387096774194,4.35561672439564,3.7429780720177335,2.3102609709941073,1.1867191789782308,-16.948689210245,11.320602907347297,13,0.3701630429525665,9.591832630413668,-0.33640149563770283,10.553452144076232
