research_join_key,signal_time,signal_time_msc,arm,max_layers,status,base_entry_bid,m5_atr,stop_distance,layers_opened,checkpoint_pass_count,checkpoint_reject_count,checkpoint_missing_count,protected_exit_count,hard_sl_exit_count,time_exit_count,gross_total_r,nominal_total_r_1bps,stress_total_r_2bps,incremental_gross_r_vs_control,incremental_nominal_r_vs_control,incremental_stress_r_vs_control
1769055300007_SELL,2026.01.22 04:15:00,1769055300007,CONTROL_L1,1,OK,4793.51,8.46,10.58,1,0,0,0,0,0,1,0.45465440,0.40934483,0.36403526,0.00000000,0.00000000,0.00000000
1769055300007_SELL,2026.01.22 04:15:00,1769055300007,PYRAMID_L3,3,OK,4793.51,8.46,10.58,2,1,1,0,1,0,1,0.42440712,0.33379091,0.24317469,-0.03024728,-0.07555392,-0.12086056
1769055300007_SELL,2026.01.22 04:15:00,1769055300007,PYRAMID_L5,5,OK,4793.51,8.46,10.58,2,1,3,0,1,0,1,0.27128028,0.18067890,0.09007753,-0.18337412,-0.22866593,-0.27395773
1769055300007_SELL,2026.01.22 04:15:00,1769055300007,PYRAMID_L7,7,OK,4793.51,8.46,10.58,2,1,5,0,1,0,1,0.24197823,0.15137978,0.06078134,-0.21267618,-0.25796505,-0.30325392
1769055300007_SELL,2026.01.22 04:15:00,1769055300007,PYRAMID_L10,10,OK,4793.51,8.46,10.58,2,1,8,0,1,0,1,0.27128028,0.18067890,0.09007753,-0.18337412,-0.22866593,-0.27395773
1769174100008_SELL,2026.01.23 13:15:00,1769174100008,CONTROL_L1,1,OK,4918.50,4.71,5.89,1,0,0,0,0,0,1,-0.18850644,-0.27203518,-0.35556391,0.00000000,0.00000000,0.00000000
1769174100008_SELL,2026.01.23 13:15:00,1769174100008,PYRAMID_L3,3,OK,4918.50,4.71,5.89,2,1,1,0,1,1,0,-1.00706596,-1.17403138,-1.34099680,-0.81855951,-0.90199620,-0.98543289
1769174100008_SELL,2026.01.23 13:15:00,1769174100008,PYRAMID_L5,5,OK,4918.50,4.71,5.89,2,1,3,0,1,0,1,-0.94932525,-1.11630697,-1.28328870,-0.76081880,-0.84427179,-0.92772479
1769174100008_SELL,2026.01.23 13:15:00,1769174100008,PYRAMID_L7,7,OK,4918.50,4.71,5.89,2,1,5,0,1,1,0,-1.02235027,-1.18932571,-1.35630115,-0.83384382,-0.91729053,-1.00073724
1769174100008_SELL,2026.01.23 13:15:00,1769174100008,PYRAMID_L10,10,OK,4918.50,4.71,5.89,4,3,6,0,3,1,0,-1.02574678,-1.35963602,-1.69352525,-0.83724033,-1.08760084,-1.33796134
1769469300010_SELL,2026.01.26 23:15:00,1769469300010,CONTROL_L1,1,OK,5034.23,11.48,14.35,1,0,0,0,0,0,1,0.94930612,0.91421783,0.87912953,0.00000000,0.00000000,0.00000000
1769469300010_SELL,2026.01.26 23:15:00,1769469300010,PYRAMID_L3,3,OK,5034.23,11.48,14.35,3,2,0,0,0,0,3,1.58426784,1.47912933,1.37399082,0.63496173,0.56491151,0.49486129
1769469300010_SELL,2026.01.26 23:15:00,1769469300010,PYRAMID_L5,5,OK,5034.23,11.48,14.35,4,3,1,0,1,0,3,1.14864646,1.00853062,0.86841478,0.19934034,0.09431280,-0.01071475
1769469300010_SELL,2026.01.26 23:15:00,1769469300010,PYRAMID_L7,7,OK,5034.23,11.48,14.35,3,2,4,0,1,0,2,1.45741490,1.35222084,1.24702678,0.50810878,0.43800301,0.36789724
1769469300010_SELL,2026.01.26 23:15:00,1769469300010,PYRAMID_L10,10,OK,5034.23,11.48,14.35,3,2,7,0,1,0,2,1.74666750,1.64142625,1.53618500,0.79736138,0.72720842,0.65705547
1769482200011_SELL,2026.01.27 02:50:00,1769482200011,CONTROL_L1,1,OK,5023.55,7.41,9.26,1,0,0,0,0,1,0,-1.00227580,-1.05653207,-1.11078835,0.00000000,0.00000000,0.00000000
1769482200011_SELL,2026.01.27 02:50:00,1769482200011,PYRAMID_L3,3,OK,5023.55,7.41,9.26,2,1,1,0,1,1,0,-1.01415622,-1.12262255,-1.23108888,-0.01188042,-0.06609048,-0.12030053
1769482200011_SELL,2026.01.27 02:50:00,1769482200011,PYRAMID_L5,5,OK,5023.55,7.41,9.26,2,1,3,0,1,1,0,-1.01847637,-1.12689561,-1.23531485,-0.01620058,-0.07036354,-0.12452650
1769482200011_SELL,2026.01.27 02:50:00,1769482200011,PYRAMID_L7,7,OK,5023.55,7.41,9.26,3,2,4,0,2,1,0,-1.01307618,-1.17572481,-1.33837343,-0.01080039,-0.11919273,-0.22758508
1769482200011_SELL,2026.01.27 02:50:00,1769482200011,PYRAMID_L10,10,OK,5023.55,7.41,9.26,3,2,7,0,2,1,0,-1.03899711,-1.20162953,-1.36426196,-0.03672131,-0.14509746,-0.25347360
1769721300024_SELL,2026.01.29 21:15:00,1769721300024,CONTROL_L1,1,OK,5306.71,23.10,28.88,1,0,0,0,0,0,1,-0.26940391,-0.28777985,-0.30615580,0.00000000,0.00000000,0.00000000
1769721300024_SELL,2026.01.29 21:15:00,1769721300024,PYRAMID_L3,3,OK,5306.71,23.10,28.88,1,0,2,0,0,0,1,-0.26940391,-0.28777985,-0.30615580,0.00000000,0.00000000,0.00000000
1769721300024_SELL,2026.01.29 21:15:00,1769721300024,PYRAMID_L5,5,OK,5306.71,23.10,28.88,1,0,4,0,0,0,1,-0.26940391,-0.28777985,-0.30615580,0.00000000,0.00000000,0.00000000
1769721300024_SELL,2026.01.29 21:15:00,1769721300024,PYRAMID_L7,7,OK,5306.71,23.10,28.88,1,0,6,0,0,0,1,-0.26940391,-0.28777985,-0.30615580,0.00000000,0.00000000,0.00000000
1769721300024_SELL,2026.01.29 21:15:00,1769721300024,PYRAMID_L10,10,OK,5306.71,23.10,28.88,1,0,9,0,0,0,1,-0.26940391,-0.28777985,-0.30615580,0.00000000,0.00000000,0.00000000
1769742000015_SELL,2026.01.30 03:00:00,1769742000015,CONTROL_L1,1,OK,5407.18,16.48,20.60,1,0,0,0,0,0,1,1.96093459,1.93468273,1.90843087,0.00000000,0.00000000,0.00000000
1769742000015_SELL,2026.01.30 03:00:00,1769742000015,PYRAMID_L3,3,OK,5407.18,16.48,20.60,3,2,0,0,0,0,3,3.85001517,3.77146287,3.69291057,1.88908058,1.83678014,1.78447970
1769742000015_SELL,2026.01.30 03:00:00,1769742000015,PYRAMID_L5,5,OK,5407.18,16.48,20.60,3,2,2,0,1,0,2,2.79745112,2.71891538,2.64037963,0.83651654,0.78423265,0.73194877
1769742000015_SELL,2026.01.30 03:00:00,1769742000015,PYRAMID_L7,7,OK,5407.18,16.48,20.60,3,2,4,0,1,0,2,3.15477914,3.07617062,2.99756210,1.19384455,1.14148789,1.08913123
1769742000015_SELL,2026.01.30 03:00:00,1769742000015,PYRAMID_L10,10,OK,5407.18,16.48,20.60,3,2,7,0,1,0,2,2.83532013,2.75671083,2.67810153,0.87438554,0.82202810,0.76967066
1769760000047_SELL,2026.01.30 08:00:00,1769760000047,CONTROL_L1,1,OK,5184.98,15.80,19.76,1,0,0,0,0,0,1,-0.42925066,-0.45549660,-0.48174254,0.00000000,0.00000000,0.00000000
1769760000047_SELL,2026.01.30 08:00:00,1769760000047,PYRAMID_L3,3,OK,5184.98,15.80,19.76,1,0,2,0,0,0,1,-0.42925066,-0.45549660,-0.48174254,0.00000000,0.00000000,0.00000000
1769760000047_SELL,2026.01.30 08:00:00,1769760000047,PYRAMID_L5,5,OK,5184.98,15.80,19.76,2,1,3,0,1,0,1,-0.59426919,-0.64674477,-0.69922036,-0.16501853,-0.19124817,-0.21747782
1769760000047_SELL,2026.01.30 08:00:00,1769760000047,PYRAMID_L7,7,OK,5184.98,15.80,19.76,1,0,6,0,0,0,1,-0.42925066,-0.45549660,-0.48174254,0.00000000,0.00000000,0.00000000
1769760000047_SELL,2026.01.30 08:00:00,1769760000047,PYRAMID_L10,10,OK,5184.98,15.80,19.76,2,1,8,0,1,0,1,-0.59426919,-0.64674477,-0.69922036,-0.16501853,-0.19124817,-0.21747782
1769784600035_SELL,2026.01.30 14:50:00,1769784600035,CONTROL_L1,1,OK,5066.15,22.65,28.31,1,0,0,0,0,1,0,-1.00058655,-1.01847967,-1.03637279,0.00000000,0.00000000,0.00000000
1769784600035_SELL,2026.01.30 14:50:00,1769784600035,PYRAMID_L3,3,OK,5066.15,22.65,28.31,1,0,2,0,0,1,0,-1.00058655,-1.01847967,-1.03637279,0.00000000,0.00000000,0.00000000
1769784600035_SELL,2026.01.30 14:50:00,1769784600035,PYRAMID_L5,5,OK,5066.15,22.65,28.31,1,0,4,0,0,1,0,-1.00058655,-1.01847967,-1.03637279,0.00000000,0.00000000,0.00000000
1769784600035_SELL,2026.01.30 14:50:00,1769784600035,PYRAMID_L7,7,OK,5066.15,22.65,28.31,1,0,6,0,0,1,0,-1.00058655,-1.01847967,-1.03637279,0.00000000,0.00000000,0.00000000
1769784600035_SELL,2026.01.30 14:50:00,1769784600035,PYRAMID_L10,10,OK,5066.15,22.65,28.31,1,0,9,0,0,1,0,-1.00058655,-1.01847967,-1.03637279,0.00000000,0.00000000,0.00000000
1769792400039_SELL,2026.01.30 17:00:00,1769792400039,CONTROL_L1,1,OK,5033.17,31.48,39.35,1,0,0,0,0,0,1,0.82644823,0.81365717,0.80086610,0.00000000,0.00000000,0.00000000
1769792400039_SELL,2026.01.30 17:00:00,1769792400039,PYRAMID_L3,3,OK,5033.17,31.48,39.35,3,2,0,0,1,0,2,0.67701663,0.63882842,0.60064021,-0.14943160,-0.17482874,-0.20022589
1769792400039_SELL,2026.01.30 17:00:00,1769792400039,PYRAMID_L5,5,OK,5033.17,31.48,39.35,3,2,2,0,1,0,2,0.61119557,0.57299852,0.53480146,-0.21525266,-0.24065865,-0.26606464
1769792400039_SELL,2026.01.30 17:00:00,1769792400039,PYRAMID_L7,7,OK,5033.17,31.48,39.35,3,2,4,0,1,0,2,0.52606022,0.48789608,0.44973193,-0.30038801,-0.32576109,-0.35113417
1769792400039_SELL,2026.01.30 17:00:00,1769792400039,PYRAMID_L10,10,OK,5033.17,31.48,39.35,5,4,5,0,2,0,3,0.81374146,0.75013168,0.68652191,-0.01270677,-0.06352548,-0.11434420
1769813100051_SELL,2026.01.30 22:45:00,1769813100051,CONTROL_L1,1,OK,4861.74,30.30,37.88,1,0,0,0,0,0,1,0.61194107,0.59910631,0.58627154,0.00000000,0.00000000,0.00000000
1769813100051_SELL,2026.01.30 22:45:00,1769813100051,PYRAMID_L3,3,OK,4861.74,30.30,37.88,2,1,1,0,1,0,1,0.58554154,0.55987434,0.53420713,-0.02639953,-0.03923197,-0.05206441
1769813100051_SELL,2026.01.30 22:45:00,1769813100051,PYRAMID_L5,5,OK,4861.74,30.30,37.88,2,1,3,0,1,0,1,0.32814614,0.30250449,0.27686284,-0.28379493,-0.29660182,-0.30940871
1769813100051_SELL,2026.01.30 22:45:00,1769813100051,PYRAMID_L7,7,OK,4861.74,30.30,37.88,2,1,5,0,1,0,1,0.53696641,0.51130235,0.48563828,-0.07497466,-0.08780396,-0.10063326
1769813100051_SELL,2026.01.30 22:45:00,1769813100051,PYRAMID_L10,10,OK,4861.74,30.30,37.88,2,1,8,0,1,0,1,0.50739894,0.48173918,0.45607942,-0.10454213,-0.11736713,-0.13019213
1769994300011_SELL,2026.02.02 01:05:00,1769994300011,CONTROL_L1,1,OK,4828.32,31.01,38.76,1,0,0,0,0,0,1,2.20966070,2.19720425,2.18474780,0.00000000,0.00000000,0.00000000
1769994300011_SELL,2026.02.02 01:05:00,1769994300011,PYRAMID_L3,3,OK,4828.32,31.01,38.76,3,2,0,0,0,0,3,4.31999631,4.28285786,4.24571941,2.11033561,2.08565361,2.06097161
1769994300011_SELL,2026.02.02 01:05:00,1769994300011,PYRAMID_L5,5,OK,4828.32,31.01,38.76,3,2,2,0,0,1,2,3.09920070,3.06205820,3.02491570,0.88954000,0.86485395,0.84016790
1769994300011_SELL,2026.02.02 01:05:00,1769994300011,PYRAMID_L7,7,OK,4828.32,31.01,38.76,4,3,3,0,0,0,4,5.96698685,5.91744822,5.86790958,3.75732615,3.72024396,3.68316178
1769994300011_SELL,2026.02.02 01:05:00,1769994300011,PYRAMID_L10,10,OK,4828.32,31.01,38.76,3,2,7,0,1,0,2,4.08393799,4.04662579,4.00931358,1.87427729,1.84942154,1.82456578
1770000900026_SELL,2026.02.02 02:55:00,1770000900026,CONTROL_L1,1,OK,4791.37,34.86,43.57,1,0,0,0,0,0,1,0.80688468,0.79588900,0.78489331,0.00000000,0.00000000,0.00000000
1770000900026_SELL,2026.02.02 02:55:00,1770000900026,PYRAMID_L3,3,OK,4791.37,34.86,43.57,3,2,0,0,1,0,2,0.82730924,0.79443667,0.76156411,0.02042456,-0.00145232,-0.02332920
1770000900026_SELL,2026.02.02 02:55:00,1770000900026,PYRAMID_L5,5,OK,4791.37,34.86,43.57,3,2,2,0,1,1,1,-0.21204819,-0.24485664,-0.27766508,-1.01893287,-1.04074563,-1.06255839
1770000900026_SELL,2026.02.02 02:55:00,1770000900026,PYRAMID_L7,7,OK,4791.37,34.86,43.57,3,2,4,0,1,0,2,0.45071715,0.41789526,0.38507337,-0.35616753,-0.37799373,-0.39981994
1770000900026_SELL,2026.02.02 02:55:00,1770000900026,PYRAMID_L10,10,OK,4791.37,34.86,43.57,3,2,7,0,1,0,2,1.01755594,0.98465450,0.95175307,0.21067126,0.18876551,0.16685976
1770008100047_SELL,2026.02.02 04:55:00,1770008100047,CONTROL_L1,1,OK,4727.83,27.54,34.43,1,0,0,0,0,0,1,0.60498937,0.59125779,0.57752622,0.00000000,0.00000000,0.00000000
1770008100047_SELL,2026.02.02 04:55:00,1770008100047,PYRAMID_L3,3,OK,4727.83,27.54,34.43,2,1,1,0,1,0,1,0.08103314,0.05362219,0.02621123,-0.52395623,-0.53763561,-0.55131499
1770008100047_SELL,2026.02.02 04:55:00,1770008100047,PYRAMID_L5,5,OK,4727.83,27.54,34.43,2,1,3,0,1,0,1,0.01336030,-0.01404389,-0.04144807,-0.59162906,-0.60530168,-0.61897429
1770008100047_SELL,2026.02.02 04:55:00,1770008100047,PYRAMID_L7,7,OK,4727.83,27.54,34.43,3,2,4,0,2,0,1,-0.06738240,-0.10845601,-0.14952961,-0.67237176,-0.69971380,-0.72705583
1770008100047_SELL,2026.02.02 04:55:00,1770008100047,PYRAMID_L10,10,OK,4727.83,27.54,34.43,2,1,8,0,1,0,1,-0.08509932,-0.11249366,-0.13988801,-0.69008869,-0.70375146,-0.71741423
1770060000091_SELL,2026.02.02 19:20:00,1770060000091,CONTROL_L1,1,OK,4678.05,27.38,34.23,1,0,0,0,0,0,1,0.30882246,0.29515465,0.28148685,0.00000000,0.00000000,0.00000000
1770060000091_SELL,2026.02.02 19:20:00,1770060000091,PYRAMID_L3,3,OK,4678.05,27.38,34.23,2,1,1,0,1,0,1,0.18815673,0.16083278,0.13350883,-0.12066573,-0.13432187,-0.14797802
1770060000091_SELL,2026.02.02 19:20:00,1770060000091,PYRAMID_L5,5,OK,4678.05,27.38,34.23,2,1,3,0,1,0,1,0.13498200,0.10766337,0.08034473,-0.17384045,-0.18749128,-0.20114211
1770060000091_SELL,2026.02.02 19:20:00,1770060000091,PYRAMID_L7,7,OK,4678.05,27.38,34.23,3,2,4,0,2,0,1,0.08823499,0.04726313,0.00629127,-0.22058747,-0.24789152,-0.27519558
1770060000091_SELL,2026.02.02 19:20:00,1770060000091,PYRAMID_L10,10,OK,4678.05,27.38,34.23,2,1,8,0,1,0,1,0.04879219,0.02148233,-0.00582754,-0.26003026,-0.27367232,-0.28731439
1770073200031_SELL,2026.02.02 23:00:00,1770073200031,CONTROL_L1,1,OK,4652.67,21.13,26.41,1,0,0,0,0,0,1,-0.41728312,-0.43490091,-0.45251870,0.00000000,0.00000000,0.00000000
1770073200031_SELL,2026.02.02 23:00:00,1770073200031,PYRAMID_L3,3,OK,4652.67,21.13,26.41,2,1,1,0,1,0,1,-0.60812766,-0.64334689,-0.67856611,-0.19084455,-0.20844598,-0.22604741
1770073200031_SELL,2026.02.02 23:00:00,1770073200031,PYRAMID_L5,5,OK,4652.67,21.13,26.41,2,1,3,0,1,0,1,-0.58995199,-0.62517038,-0.66038878,-0.17266888,-0.19026948,-0.20787008
1770073200031_SELL,2026.02.02 23:00:00,1770073200031,PYRAMID_L7,7,OK,4652.67,21.13,26.41,2,1,5,0,1,0,1,-0.47446075,-0.50969334,-0.54492593,-0.05717763,-0.07479243,-0.09240723
1770073200031_SELL,2026.02.02 23:00:00,1770073200031,PYRAMID_L10,10,OK,4652.67,21.13,26.41,2,1,8,0,1,0,1,-0.58995199,-0.62517038,-0.66038878,-0.17266888,-0.19026948,-0.20787008
1770076500040_SELL,2026.02.02 23:55:00,1770076500040,ALL,0,NO_TICK_NEAR_TARGET,4664.72,16.15,20.18,0,0,0,0,0,0,0,,,,,,
1770288900046_SELL,2026.02.05 10:55:00,1770288900046,CONTROL_L1,1,OK,4904.71,12.06,15.07,1,0,0,0,0,0,1,1.35745513,1.32491396,1.29237278,0.00000000,0.00000000,0.00000000
1770288900046_SELL,2026.02.05 10:55:00,1770288900046,PYRAMID_L3,3,OK,4904.71,12.06,15.07,2,1,1,0,0,0,2,2.52582193,2.46075850,2.39569506,1.16836680,1.13584454,1.10332228
1770288900046_SELL,2026.02.05 10:55:00,1770288900046,PYRAMID_L5,5,OK,4904.71,12.06,15.07,2,1,3,0,1,0,1,1.14580890,1.08074772,1.01568654,-0.21164623,-0.24416624,-0.27668624
1770288900046_SELL,2026.02.05 10:55:00,1770288900046,PYRAMID_L7,7,OK,4904.71,12.06,15.07,2,1,5,0,1,0,1,1.25859842,1.19352597,1.12845351,-0.09885670,-0.13138799,-0.16391927
1770288900046_SELL,2026.02.05 10:55:00,1770288900046,PYRAMID_L10,10,OK,4904.71,12.06,15.07,2,1,8,0,1,0,1,1.14580890,1.08074772,1.01568654,-0.21164623,-0.24416624,-0.27668624
1770299400010_SELL,2026.02.05 13:50:00,1770299400010,CONTROL_L1,1,OK,4871.72,10.79,13.48,1,0,0,0,0,0,1,0.24547742,0.20934759,0.17321777,0.00000000,0.00000000,0.00000000
1770299400010_SELL,2026.02.05 13:50:00,1770299400010,PYRAMID_L3,3,OK,4871.72,10.79,13.48,2,1,1,0,1,0,1,-0.14461661,-0.21684556,-0.28907451,-0.39009403,-0.42619315,-0.46229227
1770299400010_SELL,2026.02.05 13:50:00,1770299400010,PYRAMID_L5,5,OK,4871.72,10.79,13.48,3,2,2,0,2,0,1,-0.26401801,-0.37233481,-0.48065161,-0.50949543,-0.58168240,-0.65386938
1770299400010_SELL,2026.02.05 13:50:00,1770299400010,PYRAMID_L7,7,OK,4871.72,10.79,13.48,3,2,4,0,2,0,1,-0.26846775,-0.37679501,-0.48512227,-0.51394517,-0.58614260,-0.65834003
1770299400010_SELL,2026.02.05 13:50:00,1770299400010,PYRAMID_L10,10,OK,4871.72,10.79,13.48,4,3,6,0,3,0,1,-0.30999868,-0.45443351,-0.59886835,-0.55547610,-0.66378110,-0.77208611
1770311700035_SELL,2026.02.05 17:15:00,1770311700035,CONTROL_L1,1,OK,4828.45,26.15,32.69,1,0,0,0,0,0,1,-0.08686913,-0.10163826,-0.11640738,0.00000000,0.00000000,0.00000000
1770311700035_SELL,2026.02.05 17:15:00,1770311700035,PYRAMID_L3,3,OK,4828.45,26.15,32.69,1,0,2,0,0,0,1,-0.08686913,-0.10163826,-0.11640738,0.00000000,0.00000000,0.00000000
1770311700035_SELL,2026.02.05 17:15:00,1770311700035,PYRAMID_L5,5,OK,4828.45,26.15,32.69,2,1,3,0,1,0,1,-0.10797466,-0.13751154,-0.16704842,-0.02110553,-0.03587328,-0.05064103
1770311700035_SELL,2026.02.05 17:15:00,1770311700035,PYRAMID_L7,7,OK,4828.45,26.15,32.69,2,1,5,0,1,0,1,-0.09359843,-0.12313601,-0.15267359,-0.00672930,-0.02149775,-0.03626621
1770311700035_SELL,2026.02.05 17:15:00,1770311700035,PYRAMID_L10,10,OK,4828.45,26.15,32.69,2,1,8,0,1,0,1,-0.10797466,-0.13751154,-0.16704842,-0.02110553,-0.03587328,-0.05064103
1770312300005_SELL,2026.02.05 17:25:00,1770312300005,CONTROL_L1,1,OK,4831.24,24.84,31.05,1,0,0,0,0,0,1,0.53135513,0.51579692,0.50023871,0.00000000,0.00000000,0.00000000
1770312300005_SELL,2026.02.05 17:25:00,1770312300005,PYRAMID_L3,3,OK,4831.24,24.84,31.05,2,1,1,0,0,0,2,0.69269387,0.66161445,0.63053504,0.16133874,0.14581753,0.13029633
1770312300005_SELL,2026.02.05 17:25:00,1770312300005,PYRAMID_L5,5,OK,4831.24,24.84,31.05,3,2,2,0,0,0,3,0.99379511,0.94718051,0.90056592,0.46243998,0.43138359,0.40032720
1770312300005_SELL,2026.02.05 17:25:00,1770312300005,PYRAMID_L7,7,OK,4831.24,24.84,31.05,3,2,4,0,1,0,2,0.52813479,0.48155620,0.43497761,-0.00322033,-0.03424072,-0.06526110
1770312300005_SELL,2026.02.05 17:25:00,1770312300005,PYRAMID_L10,10,OK,4831.24,24.84,31.05,4,3,6,0,1,0,3,0.98606630,0.92393875,0.86181119,0.45471118,0.40814183,0.36157248
1770324900011_SELL,2026.02.05 20:55:00,1770324900011,CONTROL_L1,1,OK,4858.84,14.13,17.66,1,0,0,0,0,0,1,0.22994690,0.20242781,0.17490872,0.00000000,0.00000000,0.00000000
1770324900011_SELL,2026.02.05 20:55:00,1770324900011,PYRAMID_L3,3,OK,4858.84,14.13,17.66,2,1,1,0,1,0,1,-0.08325664,-0.13826350,-0.19327037,-0.31320354,-0.34069131,-0.36817909
1770324900011_SELL,2026.02.05 20:55:00,1770324900011,PYRAMID_L5,5,OK,4858.84,14.13,17.66,2,1,3,0,1,0,1,-0.03851327,-0.09352462,-0.14853596,-0.26846018,-0.29595242,-0.32344467
1770324900011_SELL,2026.02.05 20:55:00,1770324900011,PYRAMID_L7,7,OK,4858.84,14.13,17.66,3,2,4,0,2,0,1,-0.11893805,-0.20143156,-0.28392507,-0.34888496,-0.40385937,-0.45883378
1770324900011_SELL,2026.02.05 20:55:00,1770324900011,PYRAMID_L10,10,OK,4858.84,14.13,17.66,3,2,7,0,2,0,1,-0.08722124,-0.16971905,-0.25221686,-0.31716814,-0.37214686,-0.42712558
1770348000038_SELL,2026.02.06 03:20:00,1770348000038,CONTROL_L1,1,OK,4718.03,30.54,38.17,1,0,0,0,0,0,1,0.15430750,0.14194710,0.12958671,0.00000000,0.00000000,0.00000000
1770348000038_SELL,2026.02.06 03:20:00,1770348000038,PYRAMID_L3,3,OK,4718.03,30.54,38.17,2,1,1,0,1,0,1,0.02593624,0.00122799,-0.02348026,-0.12837127,-0.14071911,-0.15306696
1770348000038_SELL,2026.02.06 03:20:00,1770348000038,PYRAMID_L5,5,OK,4718.03,30.54,38.17,2,1,3,0,1,0,1,-0.10191107,-0.12660653,-0.15130199,-0.25621857,-0.26855363,-0.28088870
1770348000038_SELL,2026.02.06 03:20:00,1770348000038,PYRAMID_L7,7,OK,4718.03,30.54,38.17,2,1,5,0,1,0,1,-0.15980913,-0.18449880,-0.20918847,-0.31411663,-0.32644590,-0.33877518
1770348000038_SELL,2026.02.06 03:20:00,1770348000038,PYRAMID_L10,10,OK,4718.03,30.54,38.17,2,1,8,0,1,0,1,0.10557882,0.08086266,0.05614650,-0.04872868,-0.06108445,-0.07344021
1770700500091_SELL,2026.02.10 05:15:00,1770700500091,CONTROL_L1,1,OK,5026.88,8.73,10.91,1,0,0,0,0,0,1,0.13934681,0.09326262,0.04717843,0.00000000,0.00000000,0.00000000
1770700500091_SELL,2026.02.10 05:15:00,1770700500091,PYRAMID_L3,3,OK,5026.88,8.73,10.91,2,1,1,0,0,0,2,-0.27869362,-0.37080627,-0.46291891,-0.41804044,-0.46406889,-0.51009734
1770700500091_SELL,2026.02.10 05:15:00,1770700500091,PYRAMID_L5,5,OK,5026.88,8.73,10.91,3,2,2,0,1,0,2,-0.45654416,-0.59470570,-0.73286724,-0.59589097,-0.68796832,-0.78004567
1770700500091_SELL,2026.02.10 05:15:00,1770700500091,PYRAMID_L7,7,OK,5026.88,8.73,10.91,4,3,3,0,2,0,2,-0.55096996,-0.73515198,-0.91933399,-0.69031677,-0.82841460,-0.96651242
1770700500091_SELL,2026.02.10 05:15:00,1770700500091,PYRAMID_L10,10,OK,5026.88,8.73,10.91,3,2,7,0,1,0,2,-0.45654416,-0.59466940,-0.73279463,-0.59589097,-0.68793202,-0.77997306
1770708000060_SELL,2026.02.10 07:20:00,1770708000060,CONTROL_L1,1,OK,5023.59,5.20,6.50,1,0,0,0,0,0,1,0.64189115,0.56456266,0.48723417,0.00000000,0.00000000,0.00000000
1770708000060_SELL,2026.02.10 07:20:00,1770708000060,PYRAMID_L3,3,OK,5023.59,5.20,6.50,2,1,1,0,1,0,1,0.53567894,0.38103043,0.22638192,-0.10621220,-0.18353223,-0.26085225
1770708000060_SELL,2026.02.10 07:20:00,1770708000060,PYRAMID_L5,5,OK,5023.59,5.20,6.50,4,3,1,0,0,0,4,0.31709731,0.00800840,-0.30108051,-0.32479384,-0.55655426,-0.78831468
1770708000060_SELL,2026.02.10 07:20:00,1770708000060,PYRAMID_L7,7,OK,5023.59,5.20,6.50,5,4,2,0,1,0,4,0.89587686,0.50947501,0.12307316,0.25398571,-0.05508765,-0.36416101
1770708000060_SELL,2026.02.10 07:20:00,1770708000060,PYRAMID_L10,10,OK,5023.59,5.20,6.50,2,1,8,0,1,0,1,0.61726223,0.46260695,0.30795167,-0.02462892,-0.10195571,-0.17928251
1770713700081_SELL,2026.02.10 08:55:00,1770713700081,CONTROL_L1,1,OK,5022.23,6.70,8.37,1,0,0,0,0,0,1,-0.84701867,-0.90701757,-0.96701648,0.00000000,0.00000000,0.00000000
1770713700081_SELL,2026.02.10 08:55:00,1770713700081,PYRAMID_L3,3,OK,5022.23,6.70,8.37,2,1,1,0,1,0,1,-0.96768000,-1.08766694,-1.20765389,-0.12066133,-0.18064937,-0.24063741
1770713700081_SELL,2026.02.10 08:55:00,1770713700081,PYRAMID_L5,5,OK,5022.23,6.70,8.37,1,0,4,0,0,0,1,-0.84701867,-0.90701757,-0.96701648,0.00000000,0.00000000,0.00000000
1770713700081_SELL,2026.02.10 08:55:00,1770713700081,PYRAMID_L7,7,OK,5022.23,6.70,8.37,1,0,6,0,0,0,1,-0.84701867,-0.90701757,-0.96701648,0.00000000,0.00000000,0.00000000
1770713700081_SELL,2026.02.10 08:55:00,1770713700081,PYRAMID_L10,10,OK,5022.23,6.70,8.37,1,0,9,0,0,0,1,-0.84701867,-0.90701757,-0.96701648,0.00000000,0.00000000,0.00000000
1770754200012_SELL,2026.02.10 20:10:00,1770754200012,CONTROL_L1,1,OK,5021.00,6.14,7.68,1,0,0,0,0,0,1,1.19525692,1.12988235,1.06450779,0.00000000,0.00000000,0.00000000
1770754200012_SELL,2026.02.10 20:10:00,1770754200012,PYRAMID_L3,3,OK,5021.00,6.14,7.68,3,2,0,0,0,0,3,2.32931876,2.13332072,1.93732267,1.13406185,1.00343836,0.87281488
1770754200012_SELL,2026.02.10 20:10:00,1770754200012,PYRAMID_L5,5,OK,5021.00,6.14,7.68,3,2,2,0,1,0,2,1.52987677,1.33387313,1.13786948,0.33461986,0.20399077,0.07336169
1770754200012_SELL,2026.02.10 20:10:00,1770754200012,PYRAMID_L7,7,OK,5021.00,6.14,7.68,3,2,4,0,1,0,2,1.80460358,1.60858613,1.41256869,0.60934666,0.47870378,0.34806090
1770754200012_SELL,2026.02.10 20:10:00,1770754200012,PYRAMID_L10,10,OK,5021.00,6.14,7.68,3,2,7,0,1,0,2,2.01683329,1.82077535,1.62471741,0.82157638,0.69089300,0.56020963
1770767100003_SELL,2026.02.10 23:45:00,1770767100003,CONTROL_L1,1,OK,5024.06,4.87,6.08,1,0,0,0,0,0,1,-0.34362889,-0.42623234,-0.50883580,0.00000000,0.00000000,0.00000000
1770767100003_SELL,2026.02.10 23:45:00,1770767100003,PYRAMID_L3,3,OK,5024.06,4.87,6.08,2,1,1,0,1,0,1,-0.54092777,-0.70611528,-0.87130278,-0.19729888,-0.27988294,-0.36246699
1770767100003_SELL,2026.02.10 23:45:00,1770767100003,PYRAMID_L5,5,OK,5024.06,4.87,6.08,2,1,3,0,1,1,0,-1.04568409,-1.21082934,-1.37597459,-0.70205520,-0.78459699,-0.86713879
1770767100003_SELL,2026.02.10 23:45:00,1770767100003,PYRAMID_L7,7,OK,5024.06,4.87,6.08,3,2,4,0,2,1,0,-1.02595420,-1.27370307,-1.52145193,-0.68232531,-0.84747072,-1.01261614
1770767100003_SELL,2026.02.10 23:45:00,1770767100003,PYRAMID_L10,10,OK,5024.06,4.87,6.08,2,1,8,0,1,1,0,-1.04568409,-1.21082934,-1.37597459,-0.70205520,-0.78459699,-0.86713879
1770871800022_SELL,2026.02.12 04:50:00,1770871800022,CONTROL_L1,1,OK,5060.38,6.14,7.68,1,0,0,0,0,0,1,-0.75439739,-0.82033068,-0.88626397,0.00000000,0.00000000,0.00000000
1770871800022_SELL,2026.02.12 04:50:00,1770871800022,PYRAMID_L3,3,OK,5060.38,6.14,7.68,1,0,2,0,0,0,1,-0.75439739,-0.82033068,-0.88626397,0.00000000,0.00000000,0.00000000
1770871800022_SELL,2026.02.12 04:50:00,1770871800022,PYRAMID_L5,5,OK,5060.38,6.14,7.68,1,0,4,0,0,0,1,-0.75439739,-0.82033068,-0.88626397,0.00000000,0.00000000,0.00000000
1770871800022_SELL,2026.02.12 04:50:00,1770871800022,PYRAMID_L7,7,OK,5060.38,6.14,7.68,1,0,6,0,0,0,1,-0.75439739,-0.82033068,-0.88626397,0.00000000,0.00000000,0.00000000
1770871800022_SELL,2026.02.12 04:50:00,1770871800022,PYRAMID_L10,10,OK,5060.38,6.14,7.68,1,0,9,0,0,0,1,-0.75439739,-0.82033068,-0.88626397,0.00000000,0.00000000,0.00000000
1770892800280_SELL,2026.02.12 10:40:00,1770892800280,CONTROL_L1,1,OK,5060.02,4.77,5.96,1,0,0,0,0,0,1,-0.34051221,-0.42538898,-0.51026576,0.00000000,0.00000000,0.00000000
1770892800280_SELL,2026.02.12 10:40:00,1770892800280,PYRAMID_L3,3,OK,5060.02,4.77,5.96,1,0,2,0,0,0,1,-0.34051221,-0.42538898,-0.51026576,0.00000000,0.00000000,0.00000000
1770892800280_SELL,2026.02.12 10:40:00,1770892800280,PYRAMID_L5,5,OK,5060.02,4.77,5.96,1,0,4,0,0,0,1,-0.34051221,-0.42538898,-0.51026576,0.00000000,0.00000000,0.00000000
1770892800280_SELL,2026.02.12 10:40:00,1770892800280,PYRAMID_L7,7,OK,5060.02,4.77,5.96,1,0,6,0,0,0,1,-0.34051221,-0.42538898,-0.51026576,0.00000000,0.00000000,0.00000000
1770892800280_SELL,2026.02.12 10:40:00,1770892800280,PYRAMID_L10,10,OK,5060.02,4.77,5.96,1,0,9,0,0,0,1,-0.34051221,-0.42538898,-0.51026576,0.00000000,0.00000000,0.00000000
1770913800023_SELL,2026.02.12 16:30:00,1770913800023,CONTROL_L1,1,OK,5059.96,8.59,10.74,1,0,0,0,0,1,0,-1.01268179,-1.05977857,-1.10687535,0.00000000,0.00000000,0.00000000
1770913800023_SELL,2026.02.12 16:30:00,1770913800023,PYRAMID_L3,3,OK,5059.96,8.59,10.74,1,0,2,0,0,1,0,-1.01268179,-1.05977857,-1.10687535,0.00000000,0.00000000,0.00000000
1770913800023_SELL,2026.02.12 16:30:00,1770913800023,PYRAMID_L5,5,OK,5059.96,8.59,10.74,1,0,4,0,0,1,0,-1.01268179,-1.05977857,-1.10687535,0.00000000,0.00000000,0.00000000
1770913800023_SELL,2026.02.12 16:30:00,1770913800023,PYRAMID_L7,7,OK,5059.96,8.59,10.74,1,0,6,0,0,1,0,-1.01268179,-1.05977857,-1.10687535,0.00000000,0.00000000,0.00000000
1770913800023_SELL,2026.02.12 16:30:00,1770913800023,PYRAMID_L10,10,OK,5059.96,8.59,10.74,2,1,8,0,1,1,0,-1.02664340,-1.12082802,-1.21501264,-0.01396161,-0.06104945,-0.10813729
1770919800044_SELL,2026.02.12 18:10:00,1770919800044,CONTROL_L1,1,OK,5050.12,7.83,9.79,1,0,0,0,0,0,1,11.77598249,11.72440837,11.67283424,0.00000000,0.00000000,0.00000000
1770919800044_SELL,2026.02.12 18:10:00,1770919800044,PYRAMID_L3,3,OK,5050.12,7.83,9.79,3,2,0,0,0,0,3,19.81420626,19.66103525,19.50786425,8.03822376,7.93662688,7.83503001
1770919800044_SELL,2026.02.12 18:10:00,1770919800044,PYRAMID_L5,5,OK,5050.12,7.83,9.79,4,3,1,0,0,1,3,24.77745965,24.57316826,24.36887687,13.00147716,12.84875989,12.69604263
1770919800044_SELL,2026.02.12 18:10:00,1770919800044,PYRAMID_L7,7,OK,5050.12,7.83,9.79,5,4,2,0,0,1,4,31.22662533,30.97125726,30.71588919,19.45064284,19.24684890,19.04305495
1770919800044_SELL,2026.02.12 18:10:00,1770919800044,PYRAMID_L10,10,OK,5050.12,7.83,9.79,6,5,4,0,0,1,5,42.39598796,42.08909469,41.78220141,30.62000547,30.36468632,30.10936717
1770934800047_SELL,2026.02.12 22:20:00,1770934800047,CONTROL_L1,1,OK,4937.60,9.03,11.29,1,0,0,0,0,0,1,1.30358188,1.25985521,1.21612854,0.00000000,0.00000000,0.00000000
1770934800047_SELL,2026.02.12 22:20:00,1770934800047,PYRAMID_L3,3,OK,4937.60,9.03,11.29,3,2,0,0,0,0,3,2.93837274,2.80728996,2.67620719,1.63479086,1.54743476,1.46007865
1770934800047_SELL,2026.02.12 22:20:00,1770934800047,PYRAMID_L5,5,OK,4937.60,9.03,11.29,4,3,1,0,1,0,3,2.63284573,2.45812644,2.28340715,1.32926386,1.19827124,1.06727861
1770934800047_SELL,2026.02.12 22:20:00,1770934800047,PYRAMID_L7,7,OK,4937.60,9.03,11.29,3,2,4,0,1,0,2,2.30695026,2.17582861,2.04470696,1.00336839,0.91597341,0.82857843
1770934800047_SELL,2026.02.12 22:20:00,1770934800047,PYRAMID_L10,10,OK,4937.60,9.03,11.29,5,4,5,0,2,0,3,2.47344034,2.25509126,2.03674218,1.16985846,0.99523606,0.82061365
1770965700033_SELL,2026.02.13 06:55:00,1770965700033,CONTROL_L1,1,OK,4975.18,5.85,7.32,1,0,0,0,0,0,1,-0.74356846,-0.81157190,-0.87957534,0.00000000,0.00000000,0.00000000
1770965700033_SELL,2026.02.13 06:55:00,1770965700033,PYRAMID_L3,3,OK,4975.18,5.85,7.32,1,0,2,0,0,0,1,-0.74356846,-0.81157190,-0.87957534,0.00000000,0.00000000,0.00000000
1770965700033_SELL,2026.02.13 06:55:00,1770965700033,PYRAMID_L5,5,OK,4975.18,5.85,7.32,1,0,4,0,0,0,1,-0.74356846,-0.81157190,-0.87957534,0.00000000,0.00000000,0.00000000
1770965700033_SELL,2026.02.13 06:55:00,1770965700033,PYRAMID_L7,7,OK,4975.18,5.85,7.32,2,1,5,0,1,1,0,-1.03197462,-1.16797493,-1.30397524,-0.28840615,-0.35640303,-0.42439990
1770965700033_SELL,2026.02.13 06:55:00,1770965700033,PYRAMID_L10,10,OK,4975.18,5.85,7.32,1,0,9,0,0,0,1,-0.74356846,-0.81157190,-0.87957534,0.00000000,0.00000000,0.00000000
1770982200032_SELL,2026.02.13 11:30:00,1770982200032,CONTROL_L1,1,OK,4964.98,6.87,8.58,1,0,0,0,0,0,1,-0.01980239,-0.07763679,-0.13547119,0.00000000,0.00000000,0.00000000
1770982200032_SELL,2026.02.13 11:30:00,1770982200032,PYRAMID_L3,3,OK,4964.98,6.87,8.58,1,0,2,0,0,0,1,-0.01980239,-0.07763679,-0.13547119,0.00000000,0.00000000,0.00000000
1770982200032_SELL,2026.02.13 11:30:00,1770982200032,PYRAMID_L5,5,OK,4964.98,6.87,8.58,1,0,4,0,0,0,1,-0.01980239,-0.07763679,-0.13547119,0.00000000,0.00000000,0.00000000
1770982200032_SELL,2026.02.13 11:30:00,1770982200032,PYRAMID_L7,7,OK,4964.98,6.87,8.58,1,0,6,0,0,0,1,-0.01980239,-0.07763679,-0.13547119,0.00000000,0.00000000,0.00000000
1770982200032_SELL,2026.02.13 11:30:00,1770982200032,PYRAMID_L10,10,OK,4964.98,6.87,8.58,2,1,8,0,1,0,1,-0.05591264,-0.17157783,-0.28724302,-0.03611024,-0.09394103,-0.15177182
1771292400019_SELL,2026.02.17 01:40:00,1771292400019,CONTROL_L1,1,OK,4989.92,5.43,6.78,1,0,0,0,0,0,1,-0.57923411,-0.65277945,-0.72632479,0.00000000,0.00000000,0.00000000
1771292400019_SELL,2026.02.17 01:40:00,1771292400019,PYRAMID_L3,3,OK,4989.92,5.43,6.78,2,1,1,0,1,0,1,-0.68387946,-0.83095997,-0.97804048,-0.10464535,-0.17818052,-0.25171569
1771292400019_SELL,2026.02.17 01:40:00,1771292400019,PYRAMID_L5,5,OK,4989.92,5.43,6.78,2,1,3,0,1,0,1,-0.78115542,-0.92823666,-1.07531791,-0.20192131,-0.27545721,-0.34899312
1771292400019_SELL,2026.02.17 01:40:00,1771292400019,PYRAMID_L7,7,OK,4989.92,5.43,6.78,2,1,5,0,1,0,1,-0.71483090,-0.86190831,-1.00898573,-0.13559679,-0.20912886,-0.28266094
1771292400019_SELL,2026.02.17 01:40:00,1771292400019,PYRAMID_L10,10,OK,4989.92,5.43,6.78,2,1,8,0,1,0,1,-0.64261087,-0.78969521,-0.93677956,-0.06337676,-0.13691576,-0.21045477
1771303500080_SELL,2026.02.17 04:45:00,1771303500080,CONTROL_L1,1,OK,4961.03,4.67,5.83,1,0,0,0,0,0,1,-0.41310070,-0.49813826,-0.58317581,0.00000000,0.00000000,0.00000000
1771303500080_SELL,2026.02.17 04:45:00,1771303500080,PYRAMID_L3,3,OK,4961.03,4.67,5.83,1,0,2,0,0,0,1,-0.41310070,-0.49813826,-0.58317581,0.00000000,0.00000000,0.00000000
1771303500080_SELL,2026.02.17 04:45:00,1771303500080,PYRAMID_L5,5,OK,4961.03,4.67,5.83,1,0,4,0,0,0,1,-0.41310070,-0.49813826,-0.58317581,0.00000000,0.00000000,0.00000000
1771303500080_SELL,2026.02.17 04:45:00,1771303500080,PYRAMID_L7,7,OK,4961.03,4.67,5.83,1,0,6,0,0,0,1,-0.41310070,-0.49813826,-0.58317581,0.00000000,0.00000000,0.00000000
1771303500080_SELL,2026.02.17 04:45:00,1771303500080,PYRAMID_L10,10,OK,4961.03,4.67,5.83,1,0,9,0,0,0,1,-0.41310070,-0.49813826,-0.58317581,0.00000000,0.00000000,0.00000000
1771305300049_SELL,2026.02.17 05:15:00,1771305300049,CONTROL_L1,1,OK,4961.56,4.75,5.94,1,0,0,0,0,0,1,0.57785800,0.49426975,0.41068149,0.00000000,0.00000000,0.00000000
1771305300049_SELL,2026.02.17 05:15:00,1771305300049,PYRAMID_L3,3,OK,4961.56,4.75,5.94,2,1,1,0,1,0,1,0.25776173,0.09061706,-0.07652761,-0.32009627,-0.40365268,-0.48720910
1771305300049_SELL,2026.02.17 05:15:00,1771305300049,PYRAMID_L5,5,OK,4961.56,4.75,5.94,4,3,1,0,3,0,1,-0.17858002,-0.51281107,-0.84704212,-0.75643803,-1.00708082,-1.25772361
1771305300049_SELL,2026.02.17 05:15:00,1771305300049,PYRAMID_L7,7,OK,4961.56,4.75,5.94,3,2,4,0,2,0,1,0.03706378,-0.21360041,-0.46426460,-0.54079422,-0.70787016,-0.87494609
1771305300049_SELL,2026.02.17 05:15:00,1771305300049,PYRAMID_L10,10,OK,4961.56,4.75,5.94,3,2,7,0,2,0,1,-0.32851986,-0.57914007,-0.82976029,-0.90637786,-1.07340982,-1.24044178
1771365900046_SELL,2026.02.17 22:05:00,1771365900046,CONTROL_L1,1,OK,4879.02,7.21,9.01,1,0,0,0,0,0,1,-0.09659001,-0.15075835,-0.20492669,0.00000000,0.00000000,0.00000000
1771365900046_SELL,2026.02.17 22:05:00,1771365900046,PYRAMID_L3,3,OK,4879.02,7.21,9.01,2,1,1,0,1,0,1,-0.41966693,-0.52797197,-0.63627702,-0.32307692,-0.37721362,-0.43135033
1771365900046_SELL,2026.02.17 22:05:00,1771365900046,PYRAMID_L5,5,OK,4879.02,7.21,9.01,3,2,2,0,2,0,1,-0.40079302,-0.56325286,-0.72571270,-0.30420301,-0.41249451,-0.52078601
1771365900046_SELL,2026.02.17 22:05:00,1771365900046,PYRAMID_L7,7,OK,4879.02,7.21,9.01,4,3,3,0,3,0,1,-0.51847740,-0.73507805,-0.95167870,-0.42188739,-0.58431970,-0.74675201
1771365900046_SELL,2026.02.17 22:05:00,1771365900046,PYRAMID_L10,10,OK,4879.02,7.21,9.01,2,1,8,0,1,0,1,-0.18207772,-0.29040585,-0.39873399,-0.08548771,-0.13964750,-0.19380730
1771922100025_SELL,2026.02.24 08:35:00,1771922100025,CONTROL_L1,1,OK,5166.50,6.47,8.09,1,0,0,0,0,0,1,-0.33137558,-0.39525811,-0.45914065,0.00000000,0.00000000,0.00000000
1771922100025_SELL,2026.02.24 08:35:00,1771922100025,PYRAMID_L3,3,OK,5166.50,6.47,8.09,2,1,1,0,1,1,0,-1.03616692,-1.16391481,-1.29166269,-0.70479134,-0.76865669,-0.83252204
1771922100025_SELL,2026.02.24 08:35:00,1771922100025,PYRAMID_L5,5,OK,5166.50,6.47,8.09,2,1,3,0,1,1,0,-1.02503864,-1.15270961,-1.28038059,-0.69366306,-0.75745150,-0.82123994
1771922100025_SELL,2026.02.24 08:35:00,1771922100025,PYRAMID_L7,7,OK,5166.50,6.47,8.09,2,1,5,0,1,1,0,-1.03616692,-1.16381713,-1.29146733,-0.70479134,-0.76855901,-0.83232668
1771922100025_SELL,2026.02.24 08:35:00,1771922100025,PYRAMID_L10,10,OK,5166.50,6.47,8.09,3,2,7,0,2,1,0,-1.06707883,-1.25855852,-1.45003821,-0.73570325,-0.86330040,-0.99089756
1772495400108_SELL,2026.03.02 23:50:00,1772495400108,ALL,0,NO_TICK_NEAR_TARGET,5327.23,6.03,7.54,0,0,0,0,0,0,0,,,,,,
1772533800012_SELL,2026.03.03 10:30:00,1772533800012,CONTROL_L1,1,OK,5312.34,8.47,10.59,1,0,0,0,0,0,1,1.15976052,1.10958917,1.05941781,0.00000000,0.00000000,0.00000000
1772533800012_SELL,2026.03.03 10:30:00,1772533800012,PYRAMID_L3,3,OK,5312.34,8.47,10.59,3,2,0,0,1,0,2,1.99935914,1.84890325,1.69844737,0.83959862,0.73931409,0.63902956
1772533800012_SELL,2026.03.03 10:30:00,1772533800012,PYRAMID_L5,5,OK,5312.34,8.47,10.59,3,2,2,0,1,0,2,1.69147483,1.54105937,1.39064391,0.53171431,0.43147020,0.33122609
1772533800012_SELL,2026.03.03 10:30:00,1772533800012,PYRAMID_L7,7,OK,5312.34,8.47,10.59,3,2,4,0,1,0,2,1.81991736,1.66948141,1.51904545,0.66015684,0.55989224,0.45962764
1772533800012_SELL,2026.03.03 10:30:00,1772533800012,PYRAMID_L10,10,OK,5312.34,8.47,10.59,4,3,6,0,2,0,2,1.79441774,1.59384056,1.39326338,0.63465722,0.48425139,0.33384557
1772550600012_SELL,2026.03.03 15:10:00,1772550600012,CONTROL_L1,1,OK,5152.70,19.81,24.76,1,0,0,0,0,0,1,-0.89499838,-0.91580911,-0.93661984,0.00000000,0.00000000,0.00000000
1772550600012_SELL,2026.03.03 15:10:00,1772550600012,PYRAMID_L3,3,OK,5152.70,19.81,24.76,1,0,2,0,0,0,1,-0.89499838,-0.91580911,-0.93661984,0.00000000,0.00000000,0.00000000
1772550600012_SELL,2026.03.03 15:10:00,1772550600012,PYRAMID_L5,5,OK,5152.70,19.81,24.76,1,0,4,0,0,0,1,-0.89499838,-0.91580911,-0.93661984,0.00000000,0.00000000,0.00000000
1772550600012_SELL,2026.03.03 15:10:00,1772550600012,PYRAMID_L7,7,OK,5152.70,19.81,24.76,1,0,6,0,0,0,1,-0.89499838,-0.91580911,-0.93661984,0.00000000,0.00000000,0.00000000
1772550600012_SELL,2026.03.03 15:10:00,1772550600012,PYRAMID_L10,10,OK,5152.70,19.81,24.76,2,1,8,0,1,1,0,-1.01979734,-1.06139970,-1.10300206,-0.12479896,-0.14559059,-0.16638222
1772578200046_SELL,2026.03.03 22:50:00,1772578200046,CONTROL_L1,1,OK,5104.64,11.65,14.56,1,0,0,0,0,0,1,0.49167382,0.45662050,0.42156718,0.00000000,0.00000000,0.00000000
1772578200046_SELL,2026.03.03 22:50:00,1772578200046,PYRAMID_L3,3,OK,5104.64,11.65,14.56,2,1,1,0,0,1,1,-0.50952790,-0.57951856,-0.64950922,-1.00120172,-1.03613906,-1.07107639
1772578200046_SELL,2026.03.03 22:50:00,1772578200046,PYRAMID_L5,5,OK,5104.64,11.65,14.56,2,1,3,0,0,0,2,0.10506438,0.03504556,-0.03497325,-0.38660944,-0.42157494,-0.45654043
1772578200046_SELL,2026.03.03 22:50:00,1772578200046,PYRAMID_L7,7,OK,5104.64,11.65,14.56,3,2,4,0,1,0,2,0.23210300,0.12704076,0.02197851,-0.25957082,-0.32957974,-0.39958867
1772578200046_SELL,2026.03.03 22:50:00,1772578200046,PYRAMID_L10,10,OK,5104.64,11.65,14.56,3,2,7,0,1,0,2,0.10506438,0.00001463,-0.10503512,-0.38660944,-0.45660587,-0.52660230
1772601000125_SELL,2026.03.04 05:10:00,1772601000125,CONTROL_L1,1,OK,5152.52,11.30,14.12,1,0,0,0,0,0,1,-0.59692736,-0.63341229,-0.66989723,0.00000000,0.00000000,0.00000000
1772601000125_SELL,2026.03.04 05:10:00,1772601000125,PYRAMID_L3,3,OK,5152.52,11.30,14.12,1,0,2,0,0,0,1,-0.59692736,-0.63341229,-0.66989723,0.00000000,0.00000000,0.00000000
1772601000125_SELL,2026.03.04 05:10:00,1772601000125,PYRAMID_L5,5,OK,5152.52,11.30,14.12,1,0,4,0,0,0,1,-0.59692736,-0.63341229,-0.66989723,0.00000000,0.00000000,0.00000000
1772601000125_SELL,2026.03.04 05:10:00,1772601000125,PYRAMID_L7,7,OK,5152.52,11.30,14.12,1,0,6,0,0,0,1,-0.59692736,-0.63341229,-0.66989723,0.00000000,0.00000000,0.00000000
1772601000125_SELL,2026.03.04 05:10:00,1772601000125,PYRAMID_L10,10,OK,5152.52,11.30,14.12,1,0,9,0,0,0,1,-0.59692736,-0.63341229,-0.66989723,0.00000000,0.00000000,0.00000000
1774248900012_SELL,2026.03.23 06:55:00,1774248900012,CONTROL_L1,1,OK,4354.22,10.31,12.89,1,0,0,0,0,1,0,-1.00217467,-1.03594935,-1.06972403,0.00000000,0.00000000,0.00000000
1774248900012_SELL,2026.03.23 06:55:00,1774248900012,PYRAMID_L3,3,OK,4354.22,10.31,12.89,1,0,2,0,0,1,0,-1.00217467,-1.03594935,-1.06972403,0.00000000,0.00000000,0.00000000
1774248900012_SELL,2026.03.23 06:55:00,1774248900012,PYRAMID_L5,5,OK,4354.22,10.31,12.89,1,0,4,0,0,1,0,-1.00217467,-1.03594935,-1.06972403,0.00000000,0.00000000,0.00000000
1774248900012_SELL,2026.03.23 06:55:00,1774248900012,PYRAMID_L7,7,OK,4354.22,10.31,12.89,1,0,6,0,0,1,0,-1.00217467,-1.03594935,-1.06972403,0.00000000,0.00000000,0.00000000
1774248900012_SELL,2026.03.23 06:55:00,1774248900012,PYRAMID_L10,10,OK,4354.22,10.31,12.89,2,1,8,0,1,1,0,-1.02311794,-1.09066180,-1.15820566,-0.02094328,-0.05471245,-0.08848163
1774250700030_SELL,2026.03.23 07:25:00,1774250700030,CONTROL_L1,1,OK,4354.42,10.47,13.08,1,0,0,0,0,0,1,1.61605351,1.58276602,1.54947853,0.00000000,0.00000000,0.00000000
1774250700030_SELL,2026.03.23 07:25:00,1774250700030,PYRAMID_L3,3,OK,4354.42,10.47,13.08,2,1,1,0,0,0,2,1.30492117,1.23853890,1.17215664,-0.31113235,-0.34422712,-0.37732189
1774250700030_SELL,2026.03.23 07:25:00,1774250700030,PYRAMID_L5,5,OK,4354.42,10.47,13.08,2,1,3,0,1,0,1,1.54648829,1.47991989,1.41335148,-0.06956522,-0.10284613,-0.13612705
1774250700030_SELL,2026.03.23 07:25:00,1774250700030,PYRAMID_L7,7,OK,4354.42,10.47,13.08,2,1,5,0,1,0,1,1.41194458,1.34538656,1.27882855,-0.20410893,-0.23737946,-0.27064998
1774250700030_SELL,2026.03.23 07:25:00,1774250700030,PYRAMID_L10,10,OK,4354.42,10.47,13.08,2,1,8,0,1,0,1,1.54648829,1.47991989,1.41335148,-0.06956522,-0.10284613,-0.13612705
1774330800114_SELL,2026.03.24 05:40:00,1774330800114,CONTROL_L1,1,OK,4342.09,14.03,17.54,1,0,0,0,0,0,1,0.09807056,0.07331293,0.04855530,0.00000000,0.00000000,0.00000000
1774330800114_SELL,2026.03.24 05:40:00,1774330800114,PYRAMID_L3,3,OK,4342.09,14.03,17.54,2,1,1,0,1,0,1,-0.08723718,-0.13673397,-0.18623075,-0.18530774,-0.21004690,-0.23478605
1774330800114_SELL,2026.03.24 05:40:00,1774330800114,PYRAMID_L5,5,OK,4342.09,14.03,17.54,3,2,2,0,2,0,1,-0.14026371,-0.21449622,-0.28872874,-0.23833427,-0.28780915,-0.33728404
1774330800114_SELL,2026.03.24 05:40:00,1774330800114,PYRAMID_L7,7,OK,4342.09,14.03,17.54,3,2,4,0,2,0,1,-0.10662322,-0.18086549,-0.25510775,-0.20469378,-0.25417842,-0.30366306
1774330800114_SELL,2026.03.24 05:40:00,1774330800114,PYRAMID_L10,10,OK,4342.09,14.03,17.54,3,2,7,0,2,0,1,-0.14026371,-0.21449622,-0.28872874,-0.23833427,-0.28780915,-0.33728404
1774487100044_SELL,2026.03.26 01:05:00,1774487100044,CONTROL_L1,1,OK,4504.51,11.79,14.74,1,0,0,0,0,0,1,-0.31342904,-0.34398844,-0.37454784,0.00000000,0.00000000,0.00000000
1774487100044_SELL,2026.03.26 01:05:00,1774487100044,PYRAMID_L3,3,OK,4504.51,11.79,14.74,1,0,2,0,0,0,1,-0.31342904,-0.34398844,-0.37454784,0.00000000,0.00000000,0.00000000
1774487100044_SELL,2026.03.26 01:05:00,1774487100044,PYRAMID_L5,5,OK,4504.51,11.79,14.74,1,0,4,0,0,0,1,-0.31342904,-0.34398844,-0.37454784,0.00000000,0.00000000,0.00000000
1774487100044_SELL,2026.03.26 01:05:00,1774487100044,PYRAMID_L7,7,OK,4504.51,11.79,14.74,1,0,6,0,0,0,1,-0.31342904,-0.34398844,-0.37454784,0.00000000,0.00000000,0.00000000
1774487100044_SELL,2026.03.26 01:05:00,1774487100044,PYRAMID_L10,10,OK,4504.51,11.79,14.74,2,1,8,0,1,0,1,-0.46675147,-0.52785731,-0.58896315,-0.15332243,-0.18386887,-0.21441531
1774499700030_SELL,2026.03.26 04:35:00,1774499700030,CONTROL_L1,1,OK,4523.54,7.73,9.66,1,0,0,0,0,0,1,0.37985399,0.33303424,0.28621449,0.00000000,0.00000000,0.00000000
1774499700030_SELL,2026.03.26 04:35:00,1774499700030,PYRAMID_L3,3,OK,4523.54,7.73,9.66,2,1,1,0,0,0,2,-0.09418723,-0.18774133,-0.28129544,-0.47404122,-0.52077557,-0.56750993
1774499700030_SELL,2026.03.26 04:35:00,1774499700030,PYRAMID_L5,5,OK,4523.54,7.73,9.66,3,2,2,0,1,0,2,-0.19354958,-0.33386464,-0.47417970,-0.57340357,-0.66689888,-0.76039420
1774499700030_SELL,2026.03.26 04:35:00,1774499700030,PYRAMID_L7,7,OK,4523.54,7.73,9.66,4,3,3,0,2,0,2,-0.18630441,-0.37337515,-0.56044589,-0.56615840,-0.70640939,-0.84666038
1774499700030_SELL,2026.03.26 04:35:00,1774499700030,PYRAMID_L10,10,OK,4523.54,7.73,9.66,3,2,7,0,1,0,2,-0.33017281,-0.47045693,-0.61074104,-0.71002680,-0.80349117,-0.89695553
1774509300030_SELL,2026.03.26 07:15:00,1774509300030,CONTROL_L1,1,OK,4508.79,3.98,4.98,1,0,0,0,0,0,1,0.70100430,0.61044037,0.51987644,0.00000000,0.00000000,0.00000000
1774509300030_SELL,2026.03.26 07:15:00,1774509300030,PYRAMID_L3,3,OK,4508.79,3.98,4.98,2,1,1,0,1,0,1,0.40573888,0.22463974,0.04354060,-0.29526542,-0.38580063,-0.47633584
1774509300030_SELL,2026.03.26 07:15:00,1774509300030,PYRAMID_L5,5,OK,4508.79,3.98,4.98,2,1,3,0,1,0,1,0.39569584,0.21459770,0.03349957,-0.30530846,-0.39584267,-0.48637687
1774509300030_SELL,2026.03.26 07:15:00,1774509300030,PYRAMID_L7,7,OK,4508.79,3.98,4.98,3,2,4,0,2,0,1,0.26714491,-0.00448502,-0.27611495,-0.43385940,-0.61492539,-0.79599139
1774509300030_SELL,2026.03.26 07:15:00,1774509300030,PYRAMID_L10,10,OK,4508.79,3.98,4.98,3,2,7,0,2,0,1,0.36154950,0.08989265,-0.18176419,-0.33945481,-0.52054772,-0.70164063
1774533300023_SELL,2026.03.26 13:55:00,1774533300023,CONTROL_L1,1,OK,4427.45,9.45,11.82,1,0,0,0,0,0,1,0.15486211,0.11739521,0.07992831,0.00000000,0.00000000,0.00000000
1774533300023_SELL,2026.03.26 13:55:00,1774533300023,PYRAMID_L3,3,OK,4427.45,9.45,11.82,2,1,1,0,1,0,1,-0.05246694,-0.12738035,-0.20229375,-0.20732905,-0.24477556,-0.28222206
1774533300023_SELL,2026.03.26 13:55:00,1774533300023,PYRAMID_L5,5,OK,4427.45,9.45,11.82,2,1,3,0,1,0,1,-0.25302607,-0.32791941,-0.40281276,-0.40788818,-0.44531462,-0.48274107
1774533300023_SELL,2026.03.26 13:55:00,1774533300023,PYRAMID_L7,7,OK,4427.45,9.45,11.82,2,1,5,0,1,0,1,-0.45527767,-0.53015079,-0.60502392,-0.61013978,-0.64754600,-0.68495223
1774533300023_SELL,2026.03.26 13:55:00,1774533300023,PYRAMID_L10,10,OK,4427.45,9.45,11.82,3,2,7,0,2,0,1,-0.25641103,-0.36875875,-0.48110647,-0.41127314,-0.48615396,-0.56103478
1774536900013_SELL,2026.03.26 14:55:00,1774536900013,CONTROL_L1,1,OK,4432.56,10.89,13.61,1,0,0,0,0,0,1,-0.39162894,-0.42419778,-0.45676661,0.00000000,0.00000000,0.00000000
1774536900013_SELL,2026.03.26 14:55:00,1774536900013,PYRAMID_L3,3,OK,4432.56,10.89,13.61,2,1,1,0,1,0,1,-0.48641344,-0.55154162,-0.61666981,-0.09478449,-0.12734385,-0.15990320
1774536900013_SELL,2026.03.26 14:55:00,1774536900013,PYRAMID_L5,5,OK,4432.56,10.89,13.61,2,1,3,0,1,0,1,-0.60617989,-0.67129646,-0.73641304,-0.21455094,-0.24709869,-0.27964643
1774536900013_SELL,2026.03.26 14:55:00,1774536900013,PYRAMID_L7,7,OK,4432.56,10.89,13.61,2,1,5,0,1,0,1,-0.44747097,-0.51260496,-0.57773895,-0.05584203,-0.08840718,-0.12097234
1774536900013_SELL,2026.03.26 14:55:00,1774536900013,PYRAMID_L10,10,OK,4432.56,10.89,13.61,2,1,8,0,1,0,1,-0.60617989,-0.67129646,-0.73641304,-0.21455094,-0.24709869,-0.27964643
1774578300027_SELL,2026.03.27 02:25:00,1774578300027,CONTROL_L1,1,OK,4389.76,7.62,9.53,1,0,0,0,0,0,1,-0.61289355,-0.65896300,-0.70503244,0.00000000,0.00000000,0.00000000
1774578300027_SELL,2026.03.27 02:25:00,1774578300027,PYRAMID_L3,3,OK,4389.76,7.62,9.53,2,1,1,0,1,0,1,-0.88155922,-0.97367229,-1.06578537,-0.26866567,-0.31470930,-0.36075292
1774578300027_SELL,2026.03.27 02:25:00,1774578300027,PYRAMID_L5,5,OK,4389.76,7.62,9.53,2,1,3,0,1,0,1,-0.65382309,-0.74595894,-0.83809478,-0.04092954,-0.08699594,-0.13306234
1774578300027_SELL,2026.03.27 02:25:00,1774578300027,PYRAMID_L7,7,OK,4389.76,7.62,9.53,2,1,5,0,1,0,1,-0.83748126,-0.92959874,-1.02171622,-0.22458771,-0.27063574,-0.31668378
1774578300027_SELL,2026.03.27 02:25:00,1774578300027,PYRAMID_L10,10,OK,4389.76,7.62,9.53,3,2,7,0,2,1,0,-1.01799100,-1.15616849,-1.29434597,-0.40509745,-0.49720549,-0.58931352
1778600100002_SELL,2026.05.12 15:35:00,1778600100002,CONTROL_L1,1,OK,4692.72,5.81,7.26,1,0,0,0,0,1,0,-1.00090965,-1.06551747,-1.13012530,0.00000000,0.00000000,0.00000000
1778600100002_SELL,2026.05.12 15:35:00,1778600100002,PYRAMID_L3,3,OK,4692.72,5.81,7.26,1,0,2,0,0,1,0,-1.00090965,-1.06551747,-1.13012530,0.00000000,0.00000000,0.00000000
1778600100002_SELL,2026.05.12 15:35:00,1778600100002,PYRAMID_L5,5,OK,4692.72,5.81,7.26,1,0,4,0,0,1,0,-1.00090965,-1.06551747,-1.13012530,0.00000000,0.00000000,0.00000000
1778600100002_SELL,2026.05.12 15:35:00,1778600100002,PYRAMID_L7,7,OK,4692.72,5.81,7.26,1,0,6,0,0,1,0,-1.00090965,-1.06551747,-1.13012530,0.00000000,0.00000000,0.00000000
1778600100002_SELL,2026.05.12 15:35:00,1778600100002,PYRAMID_L10,10,OK,4692.72,5.81,7.26,1,0,9,0,0,1,0,-1.00090965,-1.06551747,-1.13012530,0.00000000,0.00000000,0.00000000
1778749800032_SELL,2026.05.14 09:10:00,1778749800032,CONTROL_L1,1,OK,4690.62,4.87,6.08,1,0,0,0,0,0,1,0.32544761,0.24834907,0.17125053,0.00000000,0.00000000,0.00000000
1778749800032_SELL,2026.05.14 09:10:00,1778749800032,PYRAMID_L3,3,OK,4690.62,4.87,6.08,2,1,1,0,0,0,2,0.07725271,-0.07688700,-0.23102671,-0.24819489,-0.32523607,-0.40227724
1778749800032_SELL,2026.05.14 09:10:00,1778749800032,PYRAMID_L5,5,OK,4690.62,4.87,6.08,3,2,2,0,1,0,2,0.09697681,-0.13422626,-0.36542934,-0.22847080,-0.38257533,-0.53667987
1778749800032_SELL,2026.05.14 09:10:00,1778749800032,PYRAMID_L7,7,OK,4690.62,4.87,6.08,3,2,4,0,1,0,2,0.07232169,-0.15886528,-0.39005225,-0.25312592,-0.40721435,-0.56130278
1778749800032_SELL,2026.05.14 09:10:00,1778749800032,PYRAMID_L10,10,OK,4690.62,4.87,6.08,4,3,6,0,2,0,2,0.08875844,-0.21949321,-0.52774485,-0.23668917,-0.46784228,-0.69899539
1778829600067_SELL,2026.05.15 07:20:00,1778829600067,CONTROL_L1,1,OK,4614.20,4.85,6.06,1,0,0,0,0,0,1,0.51509434,0.43891651,0.36273868,0.00000000,0.00000000,0.00000000
1778829600067_SELL,2026.05.15 07:20:00,1778829600067,PYRAMID_L3,3,OK,4614.20,4.85,6.06,2,1,1,0,0,0,2,0.36981132,0.21752170,0.06523208,-0.14528302,-0.22139481,-0.29750660
1778829600067_SELL,2026.05.15 07:20:00,1778829600067,PYRAMID_L5,5,OK,4614.20,4.85,6.06,2,1,3,0,0,0,2,0.42099057,0.26869583,0.11640108,-0.09410377,-0.17022068,-0.24633759
1778829600067_SELL,2026.05.15 07:20:00,1778829600067,PYRAMID_L7,7,OK,4614.20,4.85,6.06,3,2,4,0,1,0,2,0.14858491,-0.07979785,-0.30818061,-0.36650943,-0.51871436,-0.67091929
1778829600067_SELL,2026.05.15 07:20:00,1778829600067,PYRAMID_L10,10,OK,4614.20,4.85,6.06,4,3,6,0,2,0,2,0.24929245,-0.05524321,-0.35977887,-0.26580189,-0.49415972,-0.72251755
1778870100003_SELL,2026.05.15 18:35:00,1778870100003,CONTROL_L1,1,OK,4543.75,7.94,9.93,1,0,0,0,0,0,1,0.21763224,0.17185139,0.12607053,0.00000000,0.00000000,0.00000000
1778870100003_SELL,2026.05.15 18:35:00,1778870100003,PYRAMID_L3,3,OK,4543.75,7.94,9.93,2,1,1,0,1,0,1,0.07254408,-0.01900373,-0.11055154,-0.14508816,-0.19085511,-0.23662207
1778870100003_SELL,2026.05.15 18:35:00,1778870100003,PYRAMID_L5,5,OK,4543.75,7.94,9.93,1,0,4,0,0,0,1,0.21763224,0.17185139,0.12607053,0.00000000,0.00000000,0.00000000
1778870100003_SELL,2026.05.15 18:35:00,1778870100003,PYRAMID_L7,7,OK,4543.75,7.94,9.93,2,1,5,0,1,0,1,0.13098237,0.03942730,-0.05212776,-0.08664987,-0.13242408,-0.17819829
1778870100003_SELL,2026.05.15 18:35:00,1778870100003,PYRAMID_L10,10,OK,4543.75,7.94,9.93,2,1,8,0,1,0,1,0.05440806,-0.03713935,-0.12868675,-0.16322418,-0.20899073,-0.25475728
1778883300079_SELL,2026.05.15 22:15:00,1778883300079,CONTROL_L1,1,OK,4550.44,4.43,5.53,1,0,0,0,0,0,1,0.04519045,-0.03706412,-0.11931868,0.00000000,0.00000000,0.00000000
1778883300079_SELL,2026.05.15 22:15:00,1778883300079,PYRAMID_L3,3,OK,4550.44,4.43,5.53,2,1,1,0,1,0,1,-0.23137508,-0.39585836,-0.56034164,-0.27656553,-0.35879424,-0.44102296
1778883300079_SELL,2026.05.15 22:15:00,1778883300079,PYRAMID_L5,5,OK,4550.44,4.43,5.53,2,1,3,0,1,0,1,-0.06145901,-0.22595928,-0.39045955,-0.10664945,-0.18889516,-0.27114087
1778883300079_SELL,2026.05.15 22:15:00,1778883300079,PYRAMID_L7,7,OK,4550.44,4.43,5.53,2,1,5,0,1,0,1,-0.05422853,-0.21872953,-0.38323052,-0.09941898,-0.18166541,-0.26391184
1778883300079_SELL,2026.05.15 22:15:00,1778883300079,PYRAMID_L10,10,OK,4550.44,4.43,5.53,2,1,8,0,1,0,1,-0.00903809,-0.17354270,-0.33804731,-0.05422853,-0.13647858,-0.21872862
1779094800031_SELL,2026.05.18 09:00:00,1779094800031,CONTROL_L1,1,OK,4530.94,7.77,9.72,1,0,0,0,0,1,0,-1.00143356,-1.04806702,-1.09470047,0.00000000,0.00000000,0.00000000
1779094800031_SELL,2026.05.18 09:00:00,1779094800031,PYRAMID_L3,3,OK,4530.94,7.77,9.72,1,0,2,0,0,1,0,-1.00143356,-1.04806702,-1.09470047,0.00000000,0.00000000,0.00000000
1779094800031_SELL,2026.05.18 09:00:00,1779094800031,PYRAMID_L5,5,OK,4530.94,7.77,9.72,1,0,4,0,0,1,0,-1.00143356,-1.04806702,-1.09470047,0.00000000,0.00000000,0.00000000
1779094800031_SELL,2026.05.18 09:00:00,1779094800031,PYRAMID_L7,7,OK,4530.94,7.77,9.72,1,0,6,0,0,1,0,-1.00143356,-1.04806702,-1.09470047,0.00000000,0.00000000,0.00000000
1779094800031_SELL,2026.05.18 09:00:00,1779094800031,PYRAMID_L10,10,OK,4530.94,7.77,9.72,1,0,9,0,0,1,0,-1.00143356,-1.04806702,-1.09470047,0.00000000,0.00000000,0.00000000
1779187500003_SELL,2026.05.19 10:45:00,1779187500003,CONTROL_L1,1,OK,4542.13,5.31,6.64,1,0,0,0,0,1,0,-1.00559140,-1.07396755,-1.14234370,0.00000000,0.00000000,0.00000000
1779187500003_SELL,2026.05.19 10:45:00,1779187500003,PYRAMID_L3,3,OK,4542.13,5.31,6.64,1,0,2,0,0,1,0,-1.00559140,-1.07396755,-1.14234370,0.00000000,0.00000000,0.00000000
1779187500003_SELL,2026.05.19 10:45:00,1779187500003,PYRAMID_L5,5,OK,4542.13,5.31,6.64,1,0,4,0,0,1,0,-1.00559140,-1.07396755,-1.14234370,0.00000000,0.00000000,0.00000000
1779187500003_SELL,2026.05.19 10:45:00,1779187500003,PYRAMID_L7,7,OK,4542.13,5.31,6.64,1,0,6,0,0,1,0,-1.00559140,-1.07396755,-1.14234370,0.00000000,0.00000000,0.00000000
1779187500003_SELL,2026.05.19 10:45:00,1779187500003,PYRAMID_L10,10,OK,4542.13,5.31,6.64,1,0,9,0,0,1,0,-1.00559140,-1.07396755,-1.14234370,0.00000000,0.00000000,0.00000000
1779976200048_SELL,2026.05.28 13:50:00,1779976200048,CONTROL_L1,1,OK,4380.93,5.17,6.46,1,0,0,0,0,1,0,-1.00058083,-1.06843648,-1.13629212,0.00000000,0.00000000,0.00000000
1779976200048_SELL,2026.05.28 13:50:00,1779976200048,PYRAMID_L3,3,OK,4380.93,5.17,6.46,2,1,1,0,1,1,0,-1.03155857,-1.16726490,-1.30297123,-0.03097773,-0.09882842,-0.16667911
1779976200048_SELL,2026.05.28 13:50:00,1779976200048,PYRAMID_L5,5,OK,4380.93,5.17,6.46,2,1,3,0,1,1,0,-1.04085189,-1.17653545,-1.31221901,-0.04027106,-0.10809897,-0.17592689
1779976200048_SELL,2026.05.28 13:50:00,1779976200048,PYRAMID_L7,7,OK,4380.93,5.17,6.46,2,1,5,0,1,1,0,-1.05788964,-1.19359226,-1.32929487,-0.05730881,-0.12515578,-0.19300275
1779976200048_SELL,2026.05.28 13:50:00,1779976200048,PYRAMID_L10,10,OK,4380.93,5.17,6.46,2,1,8,0,1,1,0,-1.04085189,-1.17653545,-1.31221901,-0.04027106,-0.10809897,-0.17592689
1779981600010_SELL,2026.05.28 15:20:00,1779981600010,CONTROL_L1,1,OK,4388.35,4.25,5.31,1,0,0,0,0,0,1,0.52500000,0.44242352,0.35984704,0.00000000,0.00000000,0.00000000
1779981600010_SELL,2026.05.28 15:20:00,1779981600010,PYRAMID_L3,3,OK,4388.35,4.25,5.31,2,1,1,0,0,1,1,-0.47607527,-0.64109218,-0.80610909,-1.00107527,-1.08351570,-1.16595613
1779981600010_SELL,2026.05.28 15:20:00,1779981600010,PYRAMID_L5,5,OK,4388.35,4.25,5.31,2,1,3,0,0,1,1,-0.50994624,-0.67495374,-0.83996124,-1.03494624,-1.11737726,-1.19980828
1779981600010_SELL,2026.05.28 15:20:00,1779981600010,PYRAMID_L7,7,OK,4388.35,4.25,5.31,2,1,5,0,0,1,1,-0.47795699,-0.64296976,-0.80798253,-1.00295699,-1.08539328,-1.16782957
1779981600010_SELL,2026.05.28 15:20:00,1779981600010,PYRAMID_L10,10,OK,4388.35,4.25,5.31,3,2,7,0,1,1,1,-0.53064516,-0.77812809,-1.02561102,-1.05564516,-1.22055161,-1.38545806
1780305300197_SELL,2026.06.01 09:15:00,1780305300197,CONTROL_L1,1,OK,4514.15,5.04,6.30,1,0,0,0,0,0,1,1.27337681,1.20170332,1.13002983,0.00000000,0.00000000,0.00000000
1780305300197_SELL,2026.06.01 09:15:00,1780305300197,PYRAMID_L3,3,OK,4514.15,5.04,6.30,3,2,0,0,0,0,3,3.06753615,2.85259094,2.63764573,1.79415934,1.65088762,1.50761590
1780305300197_SELL,2026.06.01 09:15:00,1780305300197,PYRAMID_L5,5,OK,4514.15,5.04,6.30,4,3,1,0,0,0,4,2.95004253,2.66356291,2.37708330,1.67666572,1.46185960,1.24705347
1780305300197_SELL,2026.06.01 09:15:00,1780305300197,PYRAMID_L7,7,OK,4514.15,5.04,6.30,3,2,4,0,1,0,2,1.69571874,1.48083212,1.26594549,0.42234193,0.27912880,0.13591567
1780305300197_SELL,2026.06.01 09:15:00,1780305300197,PYRAMID_L10,10,OK,4514.15,5.04,6.30,2,1,8,0,1,0,1,1.24479728,1.10145252,0.95810776,-0.02857953,-0.10025080,-0.17192206
1780316700002_SELL,2026.06.01 12:25:00,1780316700002,CONTROL_L1,1,OK,4499.65,4.70,5.87,1,0,0,0,0,0,1,1.48470660,1.40809352,1.33148045,0.00000000,0.00000000,0.00000000
1780316700002_SELL,2026.06.01 12:25:00,1780316700002,PYRAMID_L3,3,OK,4499.65,4.70,5.87,3,2,0,0,0,0,3,3.24013378,3.01041596,2.78069813,1.75542718,1.60232243,1.44921768
1780316700002_SELL,2026.06.01 12:25:00,1780316700002,PYRAMID_L5,5,OK,4499.65,4.70,5.87,3,2,2,0,1,0,2,2.60845242,2.37866359,2.14887477,1.12374582,0.97057007,0.81739432
1780316700002_SELL,2026.06.01 12:25:00,1780316700002,PYRAMID_L7,7,OK,4499.65,4.70,5.87,3,2,4,0,1,0,2,2.61696564,2.38718840,2.15741115,1.13225905,0.97909487,0.82593070
1780316700002_SELL,2026.06.01 12:25:00,1780316700002,PYRAMID_L10,10,OK,4499.65,4.70,5.87,2,1,8,0,1,0,1,1.35530556,1.20209236,1.04887915,-0.12940103,-0.20600117,-0.28260130
1780327500017_SELL,2026.06.01 15:25:00,1780327500017,CONTROL_L1,1,OK,4501.90,4.32,5.40,1,0,0,0,0,1,0,-1.02306801,-1.10650551,-1.18994301,0.00000000,0.00000000,0.00000000
1780327500017_SELL,2026.06.01 15:25:00,1780327500017,PYRAMID_L3,3,OK,4501.90,4.32,5.40,1,0,2,0,0,1,0,-1.02306801,-1.10650551,-1.18994301,0.00000000,0.00000000,0.00000000
1780327500017_SELL,2026.06.01 15:25:00,1780327500017,PYRAMID_L5,5,OK,4501.90,4.32,5.40,1,0,4,0,0,1,0,-1.02306801,-1.10650551,-1.18994301,0.00000000,0.00000000,0.00000000
1780327500017_SELL,2026.06.01 15:25:00,1780327500017,PYRAMID_L7,7,OK,4501.90,4.32,5.40,1,0,6,0,0,1,0,-1.02306801,-1.10650551,-1.18994301,0.00000000,0.00000000,0.00000000
1780327500017_SELL,2026.06.01 15:25:00,1780327500017,PYRAMID_L10,10,OK,4501.90,4.32,5.40,1,0,9,0,0,1,0,-1.02306801,-1.10650551,-1.18994301,0.00000000,0.00000000,0.00000000
1780329600032_SELL,2026.06.01 16:00:00,1780329600032,CONTROL_L1,1,OK,4502.25,5.13,6.41,1,0,0,0,0,0,1,0.15757069,0.08733083,0.01709096,0.00000000,0.00000000,0.00000000
1780329600032_SELL,2026.06.01 16:00:00,1780329600032,PYRAMID_L3,3,OK,4502.25,5.13,6.41,2,1,1,0,1,0,1,-0.63496309,-0.77536528,-0.91576748,-0.79253378,-0.86269611,-0.93285844
1780329600032_SELL,2026.06.01 16:00:00,1780329600032,PYRAMID_L5,5,OK,4502.25,5.13,6.41,2,1,3,0,1,0,1,-0.19345313,-0.33389947,-0.47434582,-0.35102382,-0.42123030,-0.49143678
1780329600032_SELL,2026.06.01 16:00:00,1780329600032,PYRAMID_L7,7,OK,4502.25,5.13,6.41,2,1,5,0,1,0,1,0.00156011,-0.13890449,-0.27936909,-0.15601059,-0.22623532,-0.29646005
1780329600032_SELL,2026.06.01 16:00:00,1780329600032,PYRAMID_L10,10,OK,4502.25,5.13,6.41,2,1,8,0,1,0,1,-0.43682964,-0.57725165,-0.71767366,-0.59440033,-0.66458248,-0.73476462
1780353900068_SELL,2026.06.01 22:45:00,1780353900068,CONTROL_L1,1,OK,4483.52,2.02,2.53,1,0,0,0,0,0,1,1.30021171,1.12302250,0.94583328,0.00000000,0.00000000,0.00000000
1780353900068_SELL,2026.06.01 22:45:00,1780353900068,PYRAMID_L3,3,OK,4483.52,2.02,2.53,2,1,1,0,0,0,2,2.10642202,1.75209299,1.39776395,0.80621030,0.62907049,0.45193067
1780353900068_SELL,2026.06.01 22:45:00,1780353900068,PYRAMID_L5,5,OK,4483.52,2.02,2.53,3,2,2,0,0,0,3,1.99576570,1.46438854,0.93301138,0.69555399,0.34136604,-0.01282191
1780353900068_SELL,2026.06.01 22:45:00,1780353900068,PYRAMID_L7,7,OK,4483.52,2.02,2.53,3,2,4,0,0,0,3,2.12618207,1.59479187,1.06340167,0.82597036,0.47176937,0.11756838
1780353900068_SELL,2026.06.01 22:45:00,1780353900068,PYRAMID_L10,10,OK,4483.52,2.02,2.53,2,1,8,0,1,0,1,1.09470713,0.74034845,0.38598978,-0.20550459,-0.38267404,-0.55984350
1780368600011_SELL,2026.06.02 02:50:00,1780368600011,CONTROL_L1,1,OK,4481.12,2.90,3.62,1,0,0,0,0,1,0,-1.01642417,-1.14019370,-1.26396323,0.00000000,0.00000000,0.00000000
1780368600011_SELL,2026.06.02 02:50:00,1780368600011,PYRAMID_L3,3,OK,4481.12,2.90,3.62,1,0,2,0,0,1,0,-1.01642417,-1.14019370,-1.26396323,0.00000000,0.00000000,0.00000000
1780368600011_SELL,2026.06.02 02:50:00,1780368600011,PYRAMID_L5,5,OK,4481.12,2.90,3.62,1,0,4,0,0,1,0,-1.01642417,-1.14019370,-1.26396323,0.00000000,0.00000000,0.00000000
1780368600011_SELL,2026.06.02 02:50:00,1780368600011,PYRAMID_L7,7,OK,4481.12,2.90,3.62,1,0,6,0,0,1,0,-1.01642417,-1.14019370,-1.26396323,0.00000000,0.00000000,0.00000000
1780368600011_SELL,2026.06.02 02:50:00,1780368600011,PYRAMID_L10,10,OK,4481.12,2.90,3.62,1,0,9,0,0,1,0,-1.01642417,-1.14019370,-1.26396323,0.00000000,0.00000000,0.00000000
1780372800001_SELL,2026.06.02 04:00:00,1780372800001,CONTROL_L1,1,OK,4481.37,4.68,5.86,1,0,0,0,0,0,1,0.30570296,0.22916843,0.15263390,0.00000000,0.00000000,0.00000000
1780372800001_SELL,2026.06.02 04:00:00,1780372800001,PYRAMID_L3,3,OK,4481.37,4.68,5.86,1,0,2,0,0,0,1,0.30570296,0.22916843,0.15263390,0.00000000,0.00000000,0.00000000
1780372800001_SELL,2026.06.02 04:00:00,1780372800001,PYRAMID_L5,5,OK,4481.37,4.68,5.86,2,1,3,0,1,1,0,-1.00933211,-1.16234379,-1.31535546,-1.31503507,-1.39151222,-1.46798936
1780372800001_SELL,2026.06.02 04:00:00,1780372800001,PYRAMID_L7,7,OK,4481.37,4.68,5.86,2,1,5,0,1,1,0,-1.02470265,-1.17765711,-1.33061158,-1.33040561,-1.40682554,-1.48324548
1780372800001_SELL,2026.06.02 04:00:00,1780372800001,PYRAMID_L10,10,OK,4481.37,4.68,5.86,3,2,7,0,2,1,0,-1.03665752,-1.26615932,-1.49566112,-1.34236048,-1.49532775,-1.64829502
1780375200009_SELL,2026.06.02 04:40:00,1780375200009,CONTROL_L1,1,OK,4481.86,7.03,8.78,1,0,0,0,0,0,1,0.70932195,0.65829335,0.60726475,0.00000000,0.00000000,0.00000000
1780375200009_SELL,2026.06.02 04:40:00,1780375200009,PYRAMID_L3,3,OK,4481.86,7.03,8.78,2,1,1,0,1,0,1,0.39052557,0.28849228,0.18645899,-0.31879638,-0.36980107,-0.42080576
1780375200009_SELL,2026.06.02 04:40:00,1780375200009,PYRAMID_L5,5,OK,4481.86,7.03,8.78,2,1,3,0,1,0,1,0.47819457,0.37615252,0.27411046,-0.23112738,-0.28214083,-0.33315429
1780375200009_SELL,2026.06.02 04:40:00,1780375200009,PYRAMID_L7,7,OK,4481.86,7.03,8.78,2,1,5,0,1,0,1,0.56586358,0.46381276,0.36176194,-0.14345837,-0.19448059,-0.24550282
1780375200009_SELL,2026.06.02 04:40:00,1780375200009,PYRAMID_L10,10,OK,4481.86,7.03,8.78,2,1,8,0,1,0,1,0.47819457,0.37615252,0.27411046,-0.23112738,-0.28214083,-0.33315429
1780452000017_SELL,2026.06.03 02:00:00,1780452000017,CONTROL_L1,1,OK,4484.76,3.86,4.83,1,0,0,0,0,0,1,0.49497041,0.40209077,0.30921112,0.00000000,0.00000000,0.00000000
1780452000017_SELL,2026.06.03 02:00:00,1780452000017,PYRAMID_L3,3,OK,4484.76,3.86,4.83,2,1,1,0,0,0,2,0.63372781,0.44800414,0.26228047,0.13875740,0.04591337,-0.04693065
1780452000017_SELL,2026.06.03 02:00:00,1780452000017,PYRAMID_L5,5,OK,4484.76,3.86,4.83,2,1,3,0,1,0,1,0.14497041,-0.04075408,-0.22647858,-0.35000000,-0.44284485,-0.53568970
1780452000017_SELL,2026.06.03 02:00:00,1780452000017,PYRAMID_L7,7,OK,4484.76,3.86,4.83,2,1,5,0,1,0,1,0.26094675,0.07521065,-0.11052544,-0.23402367,-0.32688012,-0.41973657
1780452000017_SELL,2026.06.03 02:00:00,1780452000017,PYRAMID_L10,10,OK,4484.76,3.86,4.83,2,1,8,0,1,0,1,0.14497041,-0.04075408,-0.22647858,-0.35000000,-0.44284485,-0.53568970
1780460100006_SELL,2026.06.03 04:15:00,1780460100006,CONTROL_L1,1,OK,4471.36,5.97,7.46,1,0,0,0,0,0,1,0.66103196,0.60107838,0.54112479,0.00000000,0.00000000,0.00000000
1780460100006_SELL,2026.06.03 04:15:00,1780460100006,PYRAMID_L3,3,OK,4471.36,5.97,7.46,2,1,1,0,0,0,2,1.12496109,1.00507363,0.88518616,0.46392913,0.40399525,0.34406137
1780460100006_SELL,2026.06.03 04:15:00,1780460100006,PYRAMID_L5,5,OK,4471.36,5.97,7.46,2,1,3,0,1,0,1,0.39420567,0.27432250,0.15443932,-0.26682629,-0.32675588,-0.38668546
1780460100006_SELL,2026.06.03 04:15:00,1780460100006,PYRAMID_L7,7,OK,4471.36,5.97,7.46,3,2,4,0,2,0,1,0.30436969,0.12455478,-0.05526013,-0.35666228,-0.47652360,-0.59638492
1780460100006_SELL,2026.06.03 04:15:00,1780460100006,PYRAMID_L10,10,OK,4471.36,5.97,7.46,2,1,8,0,1,0,1,0.54437926,0.42448228,0.30458529,-0.11665270,-0.17659610,-0.23653949
1780471800004_SELL,2026.06.03 07:30:00,1780471800004,CONTROL_L1,1,OK,4477.09,2.65,3.32,1,0,0,0,0,0,1,1.59870724,1.46365901,1.32861078,0.00000000,0.00000000,0.00000000
1780471800004_SELL,2026.06.03 07:30:00,1780471800004,PYRAMID_L3,3,OK,4477.09,2.65,3.32,3,2,0,0,1,0,2,2.05720442,1.65226092,1.24731743,0.45849717,0.18860191,-0.08129336
1780471800004_SELL,2026.06.03 07:30:00,1780471800004,PYRAMID_L5,5,OK,4477.09,2.65,3.32,3,2,2,0,1,0,2,2.45838944,2.05338109,1.64837274,0.85968220,0.58972208,0.31976196
1780471800004_SELL,2026.06.03 07:30:00,1780471800004,PYRAMID_L7,7,OK,4477.09,2.65,3.32,4,3,3,0,0,0,4,3.69512524,3.15520228,2.61527933,2.09641799,1.69154327,1.28666855
1780471800004_SELL,2026.06.03 07:30:00,1780471800004,PYRAMID_L10,10,OK,4477.09,2.65,3.32,4,3,6,0,1,0,3,3.76148667,3.22145030,2.68141393,2.16277942,1.75779128,1.35280315
1780500300041_SELL,2026.06.03 15:25:00,1780500300041,CONTROL_L1,1,OK,4457.92,4.12,5.15,1,0,0,0,0,0,1,1.20776699,1.12120544,1.03464388,0.00000000,0.00000000,0.00000000
1780500300041_SELL,2026.06.03 15:25:00,1780500300041,PYRAMID_L3,3,OK,4457.92,4.12,5.15,2,1,1,0,0,0,2,1.30873786,1.13572544,0.96271301,0.10097087,0.01452000,-0.07193087
1780500300041_SELL,2026.06.03 15:25:00,1780500300041,PYRAMID_L5,5,OK,4457.92,4.12,5.15,3,2,2,0,1,0,2,1.64466019,1.38511612,1.12557204,0.43689320,0.26391068,0.09092816
1780500300041_SELL,2026.06.03 15:25:00,1780500300041,PYRAMID_L7,7,OK,4457.92,4.12,5.15,4,3,3,0,2,0,2,1.41553398,1.06950214,0.72347029,0.20776699,-0.05170330,-0.31117359
1780500300041_SELL,2026.06.03 15:25:00,1780500300041,PYRAMID_L10,10,OK,4457.92,4.12,5.15,5,4,5,0,3,0,2,1.38058252,0.94806816,0.51555379,0.17281553,-0.17313728,-0.51909010
1780503900034_SELL,2026.06.03 16:25:00,1780503900034,CONTROL_L1,1,OK,4450.28,6.47,8.08,1,0,0,0,0,0,1,0.20903368,0.15398881,0.09894393,0.00000000,0.00000000,0.00000000
1780503900034_SELL,2026.06.03 16:25:00,1780503900034,PYRAMID_L3,3,OK,4450.28,6.47,8.08,2,1,1,0,1,0,1,-0.19790171,-0.30795275,-0.41800379,-0.40693539,-0.46194156,-0.51694772
1780503900034_SELL,2026.06.03 16:25:00,1780503900034,PYRAMID_L5,5,OK,4450.28,6.47,8.08,2,1,3,0,1,0,1,-0.19048040,-0.30053218,-0.41058396,-0.39951408,-0.45452099,-0.50952789
1780503900034_SELL,2026.06.03 16:25:00,1780503900034,PYRAMID_L7,7,OK,4450.28,6.47,8.08,2,1,5,0,1,0,1,-0.09647708,-0.20653827,-0.31659945,-0.30551077,-0.36052707,-0.41554338
1780503900034_SELL,2026.06.03 16:25:00,1780503900034,PYRAMID_L10,10,OK,4450.28,6.47,8.08,3,2,7,0,2,0,1,-0.20532303,-0.37040546,-0.53548789,-0.41435671,-0.52439427,-0.63443182
1780510500038_SELL,2026.06.03 18:15:00,1780510500038,CONTROL_L1,1,OK,4445.93,6.45,8.07,1,0,0,0,0,0,1,0.32733311,0.27220811,0.21708310,0.00000000,0.00000000,0.00000000
1780510500038_SELL,2026.06.03 18:15:00,1780510500038,PYRAMID_L3,3,OK,4445.93,6.45,8.07,2,1,1,0,0,0,2,0.49471936,0.38448535,0.27425134,0.16738625,0.11227724,0.05716823
1780510500038_SELL,2026.06.03 18:15:00,1780510500038,PYRAMID_L5,5,OK,4445.93,6.45,8.07,3,2,2,0,0,0,3,0.15498727,-0.01030504,-0.17559735,-0.17234584,-0.28251315,-0.39268046
1780510500038_SELL,2026.06.03 18:15:00,1780510500038,PYRAMID_L7,7,OK,4445.93,6.45,8.07,3,2,4,0,0,0,3,0.20210340,0.03680638,-0.12849065,-0.12522971,-0.23540173,-0.34557375
1780510500038_SELL,2026.06.03 18:15:00,1780510500038,PYRAMID_L10,10,OK,4445.93,6.45,8.07,3,2,7,0,0,0,3,0.15498727,-0.01030504,-0.17559735,-0.17234584,-0.28251315,-0.39268046
1780535100018_SELL,2026.06.04 01:05:00,1780535100018,CONTROL_L1,1,OK,4431.76,3.75,4.69,1,0,0,0,0,1,0,-1.01062250,-1.10511272,-1.19960294,0.00000000,0.00000000,0.00000000
1780535100018_SELL,2026.06.04 01:05:00,1780535100018,PYRAMID_L3,3,OK,4431.76,3.75,4.69,1,0,2,0,0,1,0,-1.01062250,-1.10511272,-1.19960294,0.00000000,0.00000000,0.00000000
1780535100018_SELL,2026.06.04 01:05:00,1780535100018,PYRAMID_L5,5,OK,4431.76,3.75,4.69,1,0,4,0,0,1,0,-1.01062250,-1.10511272,-1.19960294,0.00000000,0.00000000,0.00000000
1780535100018_SELL,2026.06.04 01:05:00,1780535100018,PYRAMID_L7,7,OK,4431.76,3.75,4.69,1,0,6,0,0,1,0,-1.01062250,-1.10511272,-1.19960294,0.00000000,0.00000000,0.00000000
1780535100018_SELL,2026.06.04 01:05:00,1780535100018,PYRAMID_L10,10,OK,4431.76,3.75,4.69,1,0,9,0,0,1,0,-1.01062250,-1.10511272,-1.19960294,0.00000000,0.00000000,0.00000000
1780650300042_SELL,2026.06.05 09:05:00,1780650300042,CONTROL_L1,1,OK,4437.52,4.76,5.94,1,0,0,0,0,0,1,0.16990087,0.09525349,0.02060612,0.00000000,0.00000000,0.00000000
1780650300042_SELL,2026.06.05 09:05:00,1780650300042,PYRAMID_L3,3,OK,4437.52,4.76,5.94,1,0,2,0,0,0,1,0.16990087,0.09525349,0.02060612,0.00000000,0.00000000,0.00000000
1780650300042_SELL,2026.06.05 09:05:00,1780650300042,PYRAMID_L5,5,OK,4437.52,4.76,5.94,2,1,3,0,1,0,1,0.01682187,-0.13245842,-0.28173871,-0.15307900,-0.22771191,-0.30234482
1780650300042_SELL,2026.06.05 09:05:00,1780650300042,PYRAMID_L7,7,OK,4437.52,4.76,5.94,1,0,6,0,0,0,1,0.16990087,0.09525349,0.02060612,0.00000000,0.00000000,0.00000000
1780650300042_SELL,2026.06.05 09:05:00,1780650300042,PYRAMID_L10,10,OK,4437.52,4.76,5.94,2,1,8,0,1,0,1,0.01682187,-0.13245842,-0.28173871,-0.15307900,-0.22771191,-0.30234482
1780693500009_SELL,2026.06.05 21:05:00,1780693500009,CONTROL_L1,1,OK,4333.68,5.93,7.41,1,0,0,0,0,0,1,1.43728160,1.37879598,1.32031036,0.00000000,0.00000000,0.00000000
1780693500009_SELL,2026.06.05 21:05:00,1780693500009,PYRAMID_L3,3,OK,4333.68,5.93,7.41,3,2,0,0,0,0,3,3.34286059,3.16750062,2.99214066,1.90557899,1.78870464,1.67183030
1780693500009_SELL,2026.06.05 21:05:00,1780693500009,PYRAMID_L5,5,OK,4333.68,5.93,7.41,3,2,2,0,1,0,2,2.41571274,2.24033510,2.06495746,0.97843114,0.86153912,0.74464709
1780693500009_SELL,2026.06.05 21:05:00,1780693500009,PYRAMID_L7,7,OK,4333.68,5.93,7.41,6,5,1,0,1,0,5,5.75047596,5.39976225,5.04904853,4.31319436,4.02096627,3.72873817
1780693500009_SELL,2026.06.05 21:05:00,1780693500009,PYRAMID_L10,10,OK,4333.68,5.93,7.41,3,2,7,0,1,0,2,2.50478371,2.32937746,2.15397121,1.06750211,0.95058148,0.83366085
1780883400031_SELL,2026.06.08 01:50:00,1780883400031,CONTROL_L1,1,OK,4322.48,8.89,11.11,1,0,0,0,0,0,1,0.44821601,0.40931230,0.37040859,0.00000000,0.00000000,0.00000000
1780883400031_SELL,2026.06.08 01:50:00,1780883400031,PYRAMID_L3,3,OK,4322.48,8.89,11.11,2,1,1,0,1,0,1,0.38791385,0.31011121,0.23230856,-0.06030215,-0.09920109,-0.13810003
1780883400031_SELL,2026.06.08 01:50:00,1780883400031,PYRAMID_L5,5,OK,4322.48,8.89,11.11,3,2,2,0,1,0,2,0.71372549,0.59704541,0.48036534,0.26550948,0.18773311,0.10995675
1780883400031_SELL,2026.06.08 01:50:00,1780883400031,PYRAMID_L7,7,OK,4322.48,8.89,11.11,4,3,3,0,1,0,3,1.00173578,0.84617404,0.69061230,0.55351977,0.43686174,0.32020372
1780883400031_SELL,2026.06.08 01:50:00,1780883400031,PYRAMID_L10,10,OK,4322.48,8.89,11.11,3,2,7,0,1,0,2,0.71372549,0.59704541,0.48036534,0.26550948,0.18773311,0.10995675
1780892100044_SELL,2026.06.08 04:15:00,1780892100044,CONTROL_L1,1,OK,4327.03,6.34,7.93,1,0,0,0,0,0,1,0.62432432,0.56974917,0.51517402,0.00000000,0.00000000,0.00000000
1780892100044_SELL,2026.06.08 04:15:00,1780892100044,PYRAMID_L3,3,OK,4327.03,6.34,7.93,3,2,0,0,1,1,1,-0.40108108,-0.56457510,-0.72806912,-1.02540541,-1.13432427,-1.24324314
1780892100044_SELL,2026.06.08 04:15:00,1780892100044,PYRAMID_L5,5,OK,4327.03,6.34,7.93,4,3,1,0,2,1,1,-0.43639640,-0.65434638,-0.87229636,-1.06072072,-1.22409555,-1.38747038
1780892100044_SELL,2026.06.08 04:15:00,1780892100044,PYRAMID_L7,7,OK,4327.03,6.34,7.93,4,3,3,0,2,1,1,-0.40990991,-0.62792459,-0.84593928,-1.03423423,-1.19767377,-1.36111330
1780892100044_SELL,2026.06.08 04:15:00,1780892100044,PYRAMID_L10,10,OK,4327.03,6.34,7.93,4,3,6,0,2,0,2,0.44396396,0.22585897,0.00775398,-0.18036036,-0.34389020,-0.50742004
1780904700039_SELL,2026.06.08 07:45:00,1780904700039,CONTROL_L1,1,OK,4307.67,4.41,5.51,1,0,0,0,0,1,0,-1.02312925,-1.10127293,-1.17941660,0.00000000,0.00000000,0.00000000
1780904700039_SELL,2026.06.08 07:45:00,1780904700039,PYRAMID_L3,3,OK,4307.67,4.41,5.51,1,0,2,0,0,1,0,-1.02312925,-1.10127293,-1.17941660,0.00000000,0.00000000,0.00000000
1780904700039_SELL,2026.06.08 07:45:00,1780904700039,PYRAMID_L5,5,OK,4307.67,4.41,5.51,1,0,4,0,0,1,0,-1.02312925,-1.10127293,-1.17941660,0.00000000,0.00000000,0.00000000
1780904700039_SELL,2026.06.08 07:45:00,1780904700039,PYRAMID_L7,7,OK,4307.67,4.41,5.51,1,0,6,0,0,1,0,-1.02312925,-1.10127293,-1.17941660,0.00000000,0.00000000,0.00000000
1780904700039_SELL,2026.06.08 07:45:00,1780904700039,PYRAMID_L10,10,OK,4307.67,4.41,5.51,1,0,9,0,0,1,0,-1.02312925,-1.10127293,-1.17941660,0.00000000,0.00000000,0.00000000
1780916100039_SELL,2026.06.08 10:55:00,1780916100039,CONTROL_L1,1,OK,4296.52,6.91,8.64,1,0,0,0,0,0,1,0.35173554,0.30202374,0.25231193,0.00000000,0.00000000,0.00000000
1780916100039_SELL,2026.06.08 10:55:00,1780916100039,PYRAMID_L3,3,OK,4296.52,6.91,8.64,2,1,1,0,1,0,1,-0.27421488,-0.37357612,-0.47293736,-0.62595041,-0.67559985,-0.72524929
1780916100039_SELL,2026.06.08 10:55:00,1780916100039,PYRAMID_L5,5,OK,4296.52,6.91,8.64,2,1,3,0,1,0,1,0.29388430,0.19446393,0.09504357,-0.05785124,-0.10755980,-0.15726836
1780916100039_SELL,2026.06.08 10:55:00,1780916100039,PYRAMID_L7,7,OK,4296.52,6.91,8.64,2,1,5,0,1,0,1,0.25223140,0.15281775,0.05340410,-0.09950413,-0.14920598,-0.19890783
1780916100039_SELL,2026.06.08 10:55:00,1780916100039,PYRAMID_L10,10,OK,4296.52,6.91,8.64,2,1,8,0,1,0,1,0.29388430,0.19446393,0.09504357,-0.05785124,-0.10755980,-0.15726836
1781043300041_SELL,2026.06.09 22:15:00,1781043300041,CONTROL_L1,1,OK,4258.76,5.41,6.76,1,0,0,0,0,0,1,0.42923219,0.36619782,0.30316344,0.00000000,0.00000000,0.00000000
1781043300041_SELL,2026.06.09 22:15:00,1781043300041,PYRAMID_L3,3,OK,4258.76,5.41,6.76,3,2,0,0,0,0,3,0.56096207,0.37193162,0.18290117,0.13172988,0.00573380,-0.12026228
1781043300041_SELL,2026.06.09 22:15:00,1781043300041,PYRAMID_L5,5,OK,4258.76,5.41,6.76,4,3,1,0,2,0,2,0.26938020,0.01738746,-0.23460529,-0.15985199,-0.34881036,-0.53776873
1781043300041_SELL,2026.06.09 22:15:00,1781043300041,PYRAMID_L7,7,OK,4258.76,5.41,6.76,3,2,4,0,1,0,2,0.34486586,0.15584622,-0.03317343,-0.08436633,-0.21035160,-0.33633687
1781043300041_SELL,2026.06.09 22:15:00,1781043300041,PYRAMID_L10,10,OK,4258.76,5.41,6.76,4,3,6,0,2,0,2,0.27530065,0.02330627,-0.22868810,-0.15393154,-0.34289154,-0.53185154
1781087700145_SELL,2026.06.10 10:35:00,1781087700145,CONTROL_L1,1,OK,4194.70,5.64,7.05,1,0,0,0,0,0,1,0.69751899,0.63804982,0.57858066,0.00000000,0.00000000,0.00000000
1781087700145_SELL,2026.06.10 10:35:00,1781087700145,PYRAMID_L3,3,OK,4194.70,5.64,7.05,3,2,0,0,1,0,2,1.10724051,0.92887725,0.75051398,0.40972152,0.29082742,0.17193333
1781087700145_SELL,2026.06.10 10:35:00,1781087700145,PYRAMID_L5,5,OK,4194.70,5.64,7.05,2,1,3,0,1,0,1,0.57559494,0.45666781,0.33774068,-0.12192405,-0.18138202,-0.24083998
1781087700145_SELL,2026.06.10 10:35:00,1781087700145,PYRAMID_L7,7,OK,4194.70,5.64,7.05,2,1,5,0,1,0,1,0.55716456,0.43823927,0.31931398,-0.14035443,-0.19981055,-0.25926667
1781087700145_SELL,2026.06.10 10:35:00,1781087700145,PYRAMID_L10,10,OK,4194.70,5.64,7.05,2,1,8,0,1,0,1,0.66632911,0.54739348,0.42845784,-0.03118987,-0.09065634,-0.15012282
1781100300029_SELL,2026.06.10 14:05:00,1781100300029,CONTROL_L1,1,OK,4161.40,7.21,9.02,1,0,0,0,0,0,1,-0.80974547,-0.85590540,-0.90206533,0.00000000,0.00000000,0.00000000
1781100300029_SELL,2026.06.10 14:05:00,1781100300029,PYRAMID_L3,3,OK,4161.40,7.21,9.02,1,0,2,0,0,0,1,-0.80974547,-0.85590540,-0.90206533,0.00000000,0.00000000,0.00000000
1781100300029_SELL,2026.06.10 14:05:00,1781100300029,PYRAMID_L5,5,OK,4161.40,7.21,9.02,1,0,4,0,0,0,1,-0.80974547,-0.85590540,-0.90206533,0.00000000,0.00000000,0.00000000
1781100300029_SELL,2026.06.10 14:05:00,1781100300029,PYRAMID_L7,7,OK,4161.40,7.21,9.02,2,1,5,0,1,0,1,-0.87629989,-0.96861420,-1.06092851,-0.06655442,-0.11270880,-0.15886319
1781100300029_SELL,2026.06.10 14:05:00,1781100300029,PYRAMID_L10,10,OK,4161.40,7.21,9.02,1,0,9,0,0,0,1,-0.80974547,-0.85590540,-0.90206533,0.00000000,0.00000000,0.00000000
1781156400033_SELL,2026.06.11 05:40:00,1781156400033,CONTROL_L1,1,OK,4067.13,8.49,10.62,1,0,0,0,0,0,1,1.11990581,1.08159797,1.04329013,0.00000000,0.00000000,0.00000000
1781156400033_SELL,2026.06.11 05:40:00,1781156400033,PYRAMID_L3,3,OK,4067.13,8.49,10.62,3,2,0,0,0,0,3,1.75568077,1.64091764,1.52615452,0.63577496,0.55931967,0.48286439
1781156400033_SELL,2026.06.11 05:40:00,1781156400033,PYRAMID_L5,5,OK,4067.13,8.49,10.62,3,2,2,0,0,0,3,1.35161046,1.23688774,1.12216503,0.23170465,0.15528978,0.07887490
1781156400033_SELL,2026.06.11 05:40:00,1781156400033,PYRAMID_L7,7,OK,4067.13,8.49,10.62,3,2,4,0,1,0,2,1.22351358,1.10876769,0.99402180,0.10360777,0.02716973,-0.04926832
1781156400033_SELL,2026.06.11 05:40:00,1781156400033,PYRAMID_L10,10,OK,4067.13,8.49,10.62,4,3,6,0,2,0,2,1.10200992,0.94902448,0.79603903,-0.01789589,-0.13257349,-0.24725109
1781178300012_SELL,2026.06.11 11:45:00,1781178300012,CONTROL_L1,1,OK,4090.67,5.88,7.35,1,0,0,0,0,0,1,0.49257684,0.43691471,0.38125257,0.00000000,0.00000000,0.00000000
1781178300012_SELL,2026.06.11 11:45:00,1781178300012,PYRAMID_L3,3,OK,4090.67,5.88,7.35,2,1,1,0,1,0,1,0.28030616,0.16900148,0.05769680,-0.21227068,-0.26791323,-0.32355577
1781178300012_SELL,2026.06.11 11:45:00,1781178300012,PYRAMID_L5,5,OK,4090.67,5.88,7.35,2,1,3,0,1,0,1,0.34425951,0.23294843,0.12163736,-0.14831734,-0.20396627,-0.25961521
1781178300012_SELL,2026.06.11 11:45:00,1781178300012,PYRAMID_L7,7,OK,4090.67,5.88,7.35,2,1,5,0,1,0,1,0.38508079,0.27376564,0.16245048,-0.10749605,-0.16314907,-0.21880209
1781178300012_SELL,2026.06.11 11:45:00,1781178300012,PYRAMID_L10,10,OK,4090.67,5.88,7.35,2,1,8,0,1,0,1,0.32112745,0.20981869,0.09850993,-0.17144940,-0.22709602,-0.28274265
1781197800031_SELL,2026.06.11 17:10:00,1781197800031,CONTROL_L1,1,OK,4062.53,10.69,13.36,1,0,0,0,0,0,1,-0.09354537,-0.12394784,-0.15435031,0.00000000,0.00000000,0.00000000
1781197800031_SELL,2026.06.11 17:10:00,1781197800031,PYRAMID_L3,3,OK,4062.53,10.69,13.36,2,1,1,0,1,0,1,-0.78877456,-0.84951162,-0.91024868,-0.69522919,-0.72556378,-0.75589837
1781197800031_SELL,2026.06.11 17:10:00,1781197800031,PYRAMID_L5,5,OK,4062.53,10.69,13.36,2,1,3,0,1,0,1,-0.46772685,-0.52849601,-0.58926518,-0.37418148,-0.40454818,-0.43491487
1781197800031_SELL,2026.06.11 17:10:00,1781197800031,PYRAMID_L7,7,OK,4062.53,10.69,13.36,3,2,4,0,2,0,1,-0.77530402,-0.86640247,-0.95750092,-0.68175865,-0.74245463,-0.80315061
1781197800031_SELL,2026.06.11 17:10:00,1781197800031,PYRAMID_L10,10,OK,4062.53,10.69,13.36,3,2,7,0,2,0,1,-0.77754911,-0.86865504,-0.95976097,-0.68400374,-0.74470720,-0.80541066
1781207700011_SELL,2026.06.11 19:55:00,1781207700011,CONTROL_L1,1,OK,4079.69,7.14,8.93,1,0,0,0,0,0,1,0.53093309,0.48523600,0.43953890,0.00000000,0.00000000,0.00000000
1781207700011_SELL,2026.06.11 19:55:00,1781207700011,PYRAMID_L3,3,OK,4079.69,7.14,8.93,2,1,1,0,1,0,1,0.43908391,0.34769856,0.25631322,-0.09184918,-0.13753743,-0.18322568
1781207700011_SELL,2026.06.11 19:55:00,1781207700011,PYRAMID_L5,5,OK,4079.69,7.14,8.93,2,1,3,0,1,0,1,0.23634363,0.14497845,0.05361327,-0.29458946,-0.34025755,-0.38592563
1781207700011_SELL,2026.06.11 19:55:00,1781207700011,PYRAMID_L7,7,OK,4079.69,7.14,8.93,2,1,5,0,1,0,1,0.28786879,0.19649845,0.10512811,-0.24306431,-0.28873755,-0.33441079
1781207700011_SELL,2026.06.11 19:55:00,1781207700011,PYRAMID_L10,10,OK,4079.69,7.14,8.93,2,1,8,0,1,0,1,0.23634363,0.14497845,0.05361327,-0.29458946,-0.34025755,-0.38592563
1781580000011_SELL,2026.06.16 03:20:00,1781580000011,CONTROL_L1,1,OK,4311.63,3.55,4.44,1,0,0,0,0,0,1,0.72308930,0.62596489,0.52884048,0.00000000,0.00000000,0.00000000
1781580000011_SELL,2026.06.16 03:20:00,1781580000011,PYRAMID_L3,3,OK,4311.63,3.55,4.44,3,2,0,0,1,0,2,0.64199517,0.35075553,0.05951588,-0.08109413,-0.27520936,-0.46932460
1781580000011_SELL,2026.06.16 03:20:00,1781580000011,PYRAMID_L5,5,OK,4311.63,3.55,4.44,4,3,1,0,1,0,3,1.22316975,0.83482034,0.44647093,0.50008045,0.20885545,-0.08236956
1781580000011_SELL,2026.06.16 03:20:00,1781580000011,PYRAMID_L7,7,OK,4311.63,3.55,4.44,2,1,5,0,1,0,1,0.45502816,0.26080254,0.06657693,-0.26806114,-0.36516235,-0.46226356
1781580000011_SELL,2026.06.16 03:20:00,1781580000011,PYRAMID_L10,10,OK,4311.63,3.55,4.44,5,4,5,0,2,0,3,0.86049879,0.37513287,-0.11023305,0.13740949,-0.25083202,-0.63907353
1781586000015_SELL,2026.06.16 05:00:00,1781586000015,CONTROL_L1,1,OK,4313.57,5.26,6.57,1,0,0,0,0,0,1,0.30282609,0.23718480,0.17154352,0.00000000,0.00000000,0.00000000
1781586000015_SELL,2026.06.16 05:00:00,1781586000015,PYRAMID_L3,3,OK,4313.57,5.26,6.57,3,2,0,0,1,0,2,-0.26934783,-0.46614826,-0.66294870,-0.57217391,-0.70333307,-0.83449222
1781586000015_SELL,2026.06.16 05:00:00,1781586000015,PYRAMID_L5,5,OK,4313.57,5.26,6.57,4,3,1,0,2,0,2,-0.15065217,-0.41309450,-0.67553683,-0.45347826,-0.65027930,-0.84708035
1781586000015_SELL,2026.06.16 05:00:00,1781586000015,PYRAMID_L7,7,OK,4313.57,5.26,6.57,5,4,2,0,3,0,2,-0.10956522,-0.43762159,-0.76567796,-0.41239130,-0.67480639,-0.93722148
1781586000015_SELL,2026.06.16 05:00:00,1781586000015,PYRAMID_L10,10,OK,4313.57,5.26,6.57,6,5,4,0,3,0,3,0.03956522,-0.35409530,-0.74775583,-0.26326087,-0.59128011,-0.91929935
1781599200003_SELL,2026.06.16 08:40:00,1781599200003,CONTROL_L1,1,OK,4316.88,3.68,4.60,1,0,0,0,0,0,1,-0.27614056,-0.37000399,-0.46386743,0.00000000,0.00000000,0.00000000
1781599200003_SELL,2026.06.16 08:40:00,1781599200003,PYRAMID_L3,3,OK,4316.88,3.68,4.60,2,1,1,0,1,0,1,-0.35006795,-0.53779025,-0.72551256,-0.07392739,-0.16778626,-0.26164513
1781599200003_SELL,2026.06.16 08:40:00,1781599200003,PYRAMID_L5,5,OK,4316.88,3.68,4.60,1,0,4,0,0,0,1,-0.27614056,-0.37000399,-0.46386743,0.00000000,0.00000000,0.00000000
1781599200003_SELL,2026.06.16 08:40:00,1781599200003,PYRAMID_L7,7,OK,4316.88,3.68,4.60,2,1,5,0,1,0,1,-0.44139002,-0.62910037,-0.81681072,-0.16524947,-0.25909638,-0.35294329
1781599200003_SELL,2026.06.16 08:40:00,1781599200003,PYRAMID_L10,10,OK,4316.88,3.68,4.60,1,0,9,0,0,0,1,-0.27614056,-0.37000399,-0.46386743,0.00000000,0.00000000,0.00000000
1781688000014_SELL,2026.06.17 09:20:00,1781688000014,CONTROL_L1,1,OK,4323.83,4.05,5.06,1,0,0,0,0,0,1,-0.12837242,-0.21376635,-0.29916028,0.00000000,0.00000000,0.00000000
1781688000014_SELL,2026.06.17 09:20:00,1781688000014,PYRAMID_L3,3,OK,4323.83,4.05,5.06,2,1,1,0,1,0,1,-0.31401869,-0.48478798,-0.65555727,-0.18564627,-0.27102163,-0.35639700
1781688000014_SELL,2026.06.17 09:20:00,1781688000014,PYRAMID_L5,5,OK,4323.83,4.05,5.06,2,1,3,0,1,0,1,-0.40289191,-0.57365231,-0.74441271,-0.27451949,-0.35988596,-0.44525244
1781688000014_SELL,2026.06.17 09:20:00,1781688000014,PYRAMID_L7,7,OK,4323.83,4.05,5.06,2,1,5,0,1,0,1,-0.21922060,-0.39000312,-0.56078564,-0.09084817,-0.17623677,-0.26162536
1781688000014_SELL,2026.06.17 09:20:00,1781688000014,PYRAMID_L10,10,OK,4323.83,4.05,5.06,2,1,8,0,1,0,1,-0.40289191,-0.57365231,-0.74441271,-0.27451949,-0.35988596,-0.44525244
1781693700050_SELL,2026.06.17 10:55:00,1781693700050,CONTROL_L1,1,OK,4325.37,3.67,4.59,1,0,0,0,0,0,1,-0.19178829,-0.28605593,-0.38032358,0.00000000,0.00000000,0.00000000
1781693700050_SELL,2026.06.17 10:55:00,1781693700050,PYRAMID_L3,3,OK,4325.37,3.67,4.59,1,0,2,0,0,0,1,-0.19178829,-0.28605593,-0.38032358,0.00000000,0.00000000,0.00000000
1781693700050_SELL,2026.06.17 10:55:00,1781693700050,PYRAMID_L5,5,OK,4325.37,3.67,4.59,2,1,3,0,1,0,1,-0.41844717,-0.60696023,-0.79547330,-0.22665888,-0.32090430,-0.41514972
1781693700050_SELL,2026.06.17 10:55:00,1781693700050,PYRAMID_L7,7,OK,4325.37,3.67,4.59,2,1,5,0,1,0,1,-0.48165013,-0.67015687,-0.85866362,-0.28986184,-0.38410094,-0.47834004
1781693700050_SELL,2026.06.17 10:55:00,1781693700050,PYRAMID_L10,10,OK,4325.37,3.67,4.59,2,1,8,0,1,0,1,-0.41844717,-0.60696023,-0.79547330,-0.22665888,-0.32090430,-0.41514972
1781706900042_SELL,2026.06.17 14:35:00,1781706900042,CONTROL_L1,1,OK,4325.73,2.91,3.63,1,0,0,0,0,0,1,-0.09078850,-0.20979655,-0.32880460,0.00000000,0.00000000,0.00000000
1781706900042_SELL,2026.06.17 14:35:00,1781706900042,PYRAMID_L3,3,OK,4325.73,2.91,3.63,2,1,1,0,1,0,1,-0.15406534,-0.39207538,-0.63008542,-0.06327684,-0.18227883,-0.30128083
1781706900042_SELL,2026.06.17 14:35:00,1781706900042,PYRAMID_L5,5,OK,4325.73,2.91,3.63,2,1,3,0,1,0,1,-0.21734218,-0.45534644,-0.69335070,-0.12655367,-0.24554989,-0.36454611
1781706900042_SELL,2026.06.17 14:35:00,1781706900042,PYRAMID_L7,7,OK,4325.73,2.91,3.63,2,1,5,0,1,0,1,-0.22559568,-0.46359829,-0.70160090,-0.13480717,-0.25380174,-0.37279631
1781706900042_SELL,2026.06.17 14:35:00,1781706900042,PYRAMID_L10,10,OK,4325.73,2.91,3.63,2,1,8,0,1,0,1,-0.16507001,-0.40307867,-0.64108734,-0.07428150,-0.19328212,-0.31228274
