candidate_id,research_join_key,symbol,entry_timeframe,signal_time,signal_time_msc,signal_bar_time,side,gate_result,gate_reason,research_horizon_minutes,m15_fast_ema_bar1,m15_slow_ema_bar1,m15_trend,entry_bid,entry_ask,entry_mid,spread_points
P2F4_CANDIDATE_S1,1767315601203_BUY,XAUUSD,PERIOD_M5,2026.01.02 01:00:01,1767315601203,2026.01.02 01:00:00,BUY,REJECT,SIDE_NOT_SELL,10,0.00000000,0.00000000,UNKNOWN,4318.72,4319.16,4318.94,44.0
P2F4_CANDIDATE_S1,1767344100162_SELL,XAUUSD,PERIOD_M5,2026.01.02 08:55:00,1767344100162,2026.01.02 08:55:00,SELL,REJECT,M15_NOT_BEARISH,10,4368.82458656,4353.39728947,BULLISH,4374.40,4374.56,4374.48,16.0
P2F4_CANDIDATE_S1,1767346800005_BUY,XAUUSD,PERIOD_M5,2026.01.02 09:40:00,1767346800005,2026.01.02 09:40:00,BUY,REJECT,SIDE_NOT_SELL,10,0.00000000,0.00000000,UNKNOWN,4379.76,4379.89,4379.83,13.0
P2F4_CANDIDATE_S1,1767365100039_SELL,XAUUSD,PERIOD_M5,2026.01.02 14:45:00,1767365100039,2026.01.02 14:45:00,SELL,REJECT,M15_NOT_BEARISH,10,4388.72580195,4375.43039784,BULLISH,4388.12,4388.28,4388.20,16.0
P2F4_CANDIDATE_S1,1767366300346_BUY,XAUUSD,PERIOD_M5,2026.01.02 15:05:00,1767366300346,2026.01.02 15:05:00,BUY,REJECT,SIDE_NOT_SELL,10,0.00000000,0.00000000,UNKNOWN,4397.55,4397.71,4397.63,16.0
P2F4_CANDIDATE_S1,1767367500039_SELL,XAUUSD,PERIOD_M5,2026.01.02 15:25:00,1767367500039,2026.01.02 15:25:00,SELL,REJECT,M15_NOT_BEARISH,10,4390.27055443,4377.10122461,BULLISH,4381.48,4381.63,4381.56,15.0
P2F4_CANDIDATE_S1,1767390300060_BUY,XAUUSD,PERIOD_M5,2026.01.02 21:45:00,1767390300060,2026.01.02 21:45:00,BUY,REJECT,SIDE_NOT_SELL,10,0.00000000,0.00000000,UNKNOWN,4322.79,4322.88,4322.84,9.0
P2F4_CANDIDATE_S1,1767391200005_SELL,XAUUSD,PERIOD_M5,2026.01.02 22:00:00,1767391200005,2026.01.02 22:00:00,SELL,ELIGIBLE,S1_SELL_M15_BEARISH,10,4329.49007313,4346.47874761,BEARISH,4318.18,4318.28,4318.23,10.0
P2F4_CANDIDATE_S1,1767392400008_BUY,XAUUSD,PERIOD_M5,2026.01.02 22:20:00,1767392400008,2026.01.02 22:20:00,BUY,REJECT,SIDE_NOT_SELL,10,0.00000000,0.00000000,UNKNOWN,4322.37,4322.57,4322.47,20.0
P2F4_CANDIDATE_S1,1767593700076_SELL,XAUUSD,PERIOD_M5,2026.01.05 06:15:00,1767593700076,2026.01.05 06:15:00,SELL,REJECT,M15_NOT_BEARISH,10,4390.61470918,4372.41913018,BULLISH,4400.10,4400.20,4400.15,10.0
P2F4_CANDIDATE_S1,1767594300072_BUY,XAUUSD,PERIOD_M5,2026.01.05 06:25:00,1767594300072,2026.01.05 06:25:00,BUY,REJECT,SIDE_NOT_SELL,10,0.00000000,0.00000000,UNKNOWN,4405.24,4405.32,4405.28,8.0
P2F4_CANDIDATE_S1,1767619200021_SELL,XAUUSD,PERIOD_M5,2026.01.05 13:20:00,1767619200021,2026.01.05 13:20:00,SELL,REJECT,M15_NOT_BEARISH,10,4427.17702338,4408.44064875,BULLISH,4427.69,4427.83,4427.76,14.0
P2F4_CANDIDATE_S1,1767629100008_BUY,XAUUSD,PERIOD_M5,2026.01.05 16:05:00,1767629100008,2026.01.05 16:05:00,BUY,REJECT,SIDE_NOT_SELL,10,0.00000000,0.00000000,UNKNOWN,4422.51,4422.60,4422.56,9.0
P2F4_CANDIDATE_S1,1767647700434_SELL,XAUUSD,PERIOD_M5,2026.01.05 21:15:00,1767647700434,2026.01.05 21:15:00,SELL,REJECT,M15_NOT_BEARISH,10,4439.85197037,4428.37358362,BULLISH,4440.05,4440.21,4440.13,16.0
P2F4_CANDIDATE_S1,1767651900259_BUY,XAUUSD,PERIOD_M5,2026.01.05 22:25:00,1767651900259,2026.01.05 22:25:00,BUY,REJECT,SIDE_NOT_SELL,10,0.00000000,0.00000000,UNKNOWN,4444.69,4444.89,4444.79,20.0
P2F4_CANDIDATE_S1,1767652800093_SELL,XAUUSD,PERIOD_M5,2026.01.05 22:40:00,1767652800093,2026.01.05 22:40:00,SELL,REJECT,M15_NOT_BEARISH,10,4441.04870849,4430.98525984,BULLISH,4441.08,4441.28,4441.18,20.0
P2F4_CANDIDATE_S1,1767654300052_BUY,XAUUSD,PERIOD_M5,2026.01.05 23:05:00,1767654300052,2026.01.05 23:05:00,BUY,REJECT,SIDE_NOT_SELL,10,0.00000000,0.00000000,UNKNOWN,4446.37,4446.64,4446.51,27.0
P2F4_CANDIDATE_S1,1767663900037_SELL,XAUUSD,PERIOD_M5,2026.01.06 01:45:00,1767663900037,2026.01.06 01:45:00,SELL,REJECT,M15_NOT_BEARISH,10,4444.21975596,4435.57280727,BULLISH,4442.95,4443.16,4443.06,21.0
P2F4_CANDIDATE_S1,1767671700040_BUY,XAUUSD,PERIOD_M5,2026.01.06 03:55:00,1767671700040,2026.01.06 03:55:00,BUY,REJECT,SIDE_NOT_SELL,10,0.00000000,0.00000000,UNKNOWN,4447.64,4447.85,4447.75,21.0
P2F4_CANDIDATE_S1,1767685800037_SELL,XAUUSD,PERIOD_M5,2026.01.06 07:50:00,1767685800037,2026.01.06 07:50:00,SELL,REJECT,M15_NOT_BEARISH,10,4459.48846906,4449.09993025,BULLISH,4459.83,4459.99,4459.91,16.0
P2F4_CANDIDATE_S1,1767689700032_BUY,XAUUSD,PERIOD_M5,2026.01.06 08:55:00,1767689700032,2026.01.06 08:55:00,BUY,REJECT,SIDE_NOT_SELL,10,0.00000000,0.00000000,UNKNOWN,4464.76,4464.93,4464.85,17.0
P2F4_CANDIDATE_S1,1767693600008_SELL,XAUUSD,PERIOD_M5,2026.01.06 10:00:00,1767693600008,2026.01.06 10:00:00,SELL,REJECT,M15_NOT_BEARISH,10,4461.27896482,4453.05478332,BULLISH,4459.57,4459.64,4459.60,7.0
P2F4_CANDIDATE_S1,1767695100200_BUY,XAUUSD,PERIOD_M5,2026.01.06 10:25:00,1767695100200,2026.01.06 10:25:00,BUY,REJECT,SIDE_NOT_SELL,10,0.00000000,0.00000000,UNKNOWN,4469.29,4469.40,4469.34,11.0
P2F4_CANDIDATE_S1,1767698100018_SELL,XAUUSD,PERIOD_M5,2026.01.06 11:15:00,1767698100018,2026.01.06 11:15:00,SELL,REJECT,M15_NOT_BEARISH,10,4462.65984497,4455.20940104,BULLISH,4457.96,4458.15,4458.06,19.0
P2F4_CANDIDATE_S1,1767706500037_BUY,XAUUSD,PERIOD_M5,2026.01.06 13:35:00,1767706500037,2026.01.06 13:35:00,BUY,REJECT,SIDE_NOT_SELL,10,0.00000000,0.00000000,UNKNOWN,4460.51,4460.69,4460.60,18.0
P2F4_CANDIDATE_S1,1767714600039_SELL,XAUUSD,PERIOD_M5,2026.01.06 15:50:00,1767714600039,2026.01.06 15:50:00,SELL,REJECT,M15_NOT_BEARISH,10,4460.00311086,4456.77308333,BULLISH,4458.19,4458.38,4458.28,19.0
P2F4_CANDIDATE_S1,1767714900100_BUY,XAUUSD,PERIOD_M5,2026.01.06 15:55:00,1767714900100,2026.01.06 15:55:00,BUY,REJECT,SIDE_NOT_SELL,10,0.00000000,0.00000000,UNKNOWN,4465.08,4465.23,4465.15,15.0
P2F4_CANDIDATE_S1,1767733800047_SELL,XAUUSD,PERIOD_M5,2026.01.06 21:10:00,1767733800047,2026.01.06 21:10:00,SELL,REJECT,M15_NOT_BEARISH,10,4482.02445279,4471.98851224,BULLISH,4483.75,4483.94,4483.84,19.0
P2F4_CANDIDATE_S1,1767738300009_BUY,XAUUSD,PERIOD_M5,2026.01.06 22:25:00,1767738300009,2026.01.06 22:25:00,BUY,REJECT,SIDE_NOT_SELL,10,0.00000000,0.00000000,UNKNOWN,4486.28,4486.43,4486.35,15.0
P2F4_CANDIDATE_S1,1767751800365_SELL,XAUUSD,PERIOD_M5,2026.01.07 02:10:00,1767751800365,2026.01.07 02:10:00,SELL,REJECT,M15_NOT_BEARISH,10,4490.30380723,4481.01763171,BULLISH,4492.17,4492.37,4492.27,20.0
P2F4_CANDIDATE_S1,1767763200069_BUY,XAUUSD,PERIOD_M5,2026.01.07 05:20:00,1767763200069,2026.01.07 05:20:00,BUY,REJECT,SIDE_NOT_SELL,10,0.00000000,0.00000000,UNKNOWN,4479.83,4480.04,4479.93,21.0
P2F4_CANDIDATE_S1,1767765900054_SELL,XAUUSD,PERIOD_M5,2026.01.07 06:05:00,1767765900054,2026.01.07 06:05:00,SELL,ELIGIBLE,S1_SELL_M15_BEARISH,10,4479.22000298,4479.25629731,BEARISH,4473.10,4473.26,4473.18,16.0
P2F4_CANDIDATE_S1,1767779100029_BUY,XAUUSD,PERIOD_M5,2026.01.07 09:45:00,1767779100029,2026.01.07 09:45:00,BUY,REJECT,SIDE_NOT_SELL,10,0.00000000,0.00000000,UNKNOWN,4458.92,4459.04,4458.98,12.0
P2F4_CANDIDATE_S1,1767789000507_SELL,XAUUSD,PERIOD_M5,2026.01.07 12:30:00,1767789000507,2026.01.07 12:30:00,SELL,ELIGIBLE,S1_SELL_M15_BEARISH,10,4462.91397409,4467.44318574,BEARISH,4459.88,4460.05,4459.97,17.0
P2F4_CANDIDATE_S1,1767789900275_BUY,XAUUSD,PERIOD_M5,2026.01.07 12:45:00,1767789900275,2026.01.07 12:45:00,BUY,REJECT,SIDE_NOT_SELL,10,0.00000000,0.00000000,UNKNOWN,4466.08,4466.25,4466.16,17.0
P2F4_CANDIDATE_S1,1767791700254_SELL,XAUUSD,PERIOD_M5,2026.01.07 13:15:00,1767791700254,2026.01.07 13:15:00,SELL,ELIGIBLE,S1_SELL_M15_BEARISH,10,4463.20227495,4467.06625867,BEARISH,4461.78,4461.95,4461.86,17.0
P2F4_CANDIDATE_S1,1767801900023_BUY,XAUUSD,PERIOD_M5,2026.01.07 16:05:00,1767801900023,2026.01.07 16:05:00,BUY,REJECT,SIDE_NOT_SELL,10,0.00000000,0.00000000,UNKNOWN,4452.72,4452.76,4452.74,4.0
P2F4_CANDIDATE_S1,1767803400041_SELL,XAUUSD,PERIOD_M5,2026.01.07 16:30:00,1767803400041,2026.01.07 16:30:00,SELL,ELIGIBLE,S1_SELL_M15_BEARISH,10,4451.03680327,4458.86957681,BEARISH,4444.65,4444.80,4444.73,15.0
P2F4_CANDIDATE_S1,1767803700016_BUY,XAUUSD,PERIOD_M5,2026.01.07 16:35:00,1767803700016,2026.01.07 16:35:00,BUY,REJECT,SIDE_NOT_SELL,10,0.00000000,0.00000000,UNKNOWN,4449.39,4449.52,4449.45,13.0
P2F4_CANDIDATE_S1,1767804000018_SELL,XAUUSD,PERIOD_M5,2026.01.07 16:40:00,1767804000018,2026.01.07 16:40:00,SELL,ELIGIBLE,S1_SELL_M15_BEARISH,10,4451.03680327,4458.86957681,BEARISH,4441.04,4441.22,4441.13,18.0
P2F4_CANDIDATE_S1,1767808800043_BUY,XAUUSD,PERIOD_M5,2026.01.07 18:00:00,1767808800043,2026.01.07 18:00:00,BUY,REJECT,SIDE_NOT_SELL,10,0.00000000,0.00000000,UNKNOWN,4446.07,4446.23,4446.15,16.0
P2F4_CANDIDATE_S1,1767816300014_SELL,XAUUSD,PERIOD_M5,2026.01.07 20:05:00,1767816300014,2026.01.07 20:05:00,SELL,ELIGIBLE,S1_SELL_M15_BEARISH,10,4452.83898940,4455.88525541,BEARISH,4450.59,4450.74,4450.66,15.0
P2F4_CANDIDATE_S1,1767822900076_BUY,XAUUSD,PERIOD_M5,2026.01.07 21:55:00,1767822900076,2026.01.07 21:55:00,BUY,REJECT,SIDE_NOT_SELL,10,0.00000000,0.00000000,UNKNOWN,4457.63,4457.67,4457.65,4.0
P2F4_CANDIDATE_S1,1767827400165_SELL,XAUUSD,PERIOD_M5,2026.01.07 23:10:00,1767827400165,2026.01.07 23:10:00,SELL,ELIGIBLE,S1_SELL_M15_BEARISH,10,4453.89879349,4455.18844193,BEARISH,4452.91,4453.18,4453.05,27.0
P2F4_CANDIDATE_S1,1767834300018_BUY,XAUUSD,PERIOD_M5,2026.01.08 01:05:00,1767834300018,2026.01.08 01:05:00,BUY,REJECT,SIDE_NOT_SELL,10,0.00000000,0.00000000,UNKNOWN,4462.12,4462.39,4462.26,27.0
P2F4_CANDIDATE_S1,1767840000064_SELL,XAUUSD,PERIOD_M5,2026.01.08 02:40:00,1767840000064,2026.01.08 02:40:00,SELL,REJECT,M15_NOT_BEARISH,10,4457.36729322,4456.40434922,BULLISH,4454.06,4454.10,4454.08,4.0
P2F4_CANDIDATE_S1,1767861900105_BUY,XAUUSD,PERIOD_M5,2026.01.08 08:45:00,1767861900105,2026.01.08 08:45:00,BUY,REJECT,SIDE_NOT_SELL,10,0.00000000,0.00000000,UNKNOWN,4435.77,4435.92,4435.85,15.0
P2F4_CANDIDATE_S1,1767866700025_SELL,XAUUSD,PERIOD_M5,2026.01.08 10:05:00,1767866700025,2026.01.08 10:05:00,SELL,ELIGIBLE,S1_SELL_M15_BEARISH,10,4434.28398591,4441.80114513,BEARISH,4425.75,4425.94,4425.84,19.0
P2F4_CANDIDATE_S1,1767870600130_BUY,XAUUSD,PERIOD_M5,2026.01.08 11:10:00,1767870600130,2026.01.08 11:10:00,BUY,REJECT,SIDE_NOT_SELL,10,0.00000000,0.00000000,UNKNOWN,4432.88,4433.05,4432.97,17.0
P2F4_CANDIDATE_S1,1767871200003_SELL,XAUUSD,PERIOD_M5,2026.01.08 11:20:00,1767871200003,2026.01.08 11:20:00,SELL,ELIGIBLE,S1_SELL_M15_BEARISH,10,4431.65087238,4439.19148405,BEARISH,4426.51,4426.61,4426.56,10.0
P2F4_CANDIDATE_S1,1767871800018_BUY,XAUUSD,PERIOD_M5,2026.01.08 11:30:00,1767871800018,2026.01.08 11:30:00,BUY,REJECT,SIDE_NOT_SELL,10,0.00000000,0.00000000,UNKNOWN,4430.37,4430.43,4430.40,6.0
P2F4_CANDIDATE_S1,1767874800039_SELL,XAUUSD,PERIOD_M5,2026.01.08 12:20:00,1767874800039,2026.01.08 12:20:00,SELL,ELIGIBLE,S1_SELL_M15_BEARISH,10,4431.54981741,4438.03608859,BEARISH,4424.39,4424.53,4424.46,14.0
P2F4_CANDIDATE_S1,1767876300247_BUY,XAUUSD,PERIOD_M5,2026.01.08 12:45:00,1767876300247,2026.01.08 12:45:00,BUY,REJECT,SIDE_NOT_SELL,10,0.00000000,0.00000000,UNKNOWN,4432.61,4432.77,4432.69,16.0
P2F4_CANDIDATE_S1,1767878400132_SELL,XAUUSD,PERIOD_M5,2026.01.08 13:20:00,1767878400132,2026.01.08 13:20:00,SELL,ELIGIBLE,S1_SELL_M15_BEARISH,10,4430.98812806,4436.81424078,BEARISH,4428.81,4428.98,4428.90,17.0
P2F4_CANDIDATE_S1,1767883800008_BUY,XAUUSD,PERIOD_M5,2026.01.08 14:50:00,1767883800008,2026.01.08 14:50:00,BUY,REJECT,SIDE_NOT_SELL,10,0.00000000,0.00000000,UNKNOWN,4428.51,4428.63,4428.57,12.0
P2F4_CANDIDATE_S1,1767885000010_SELL,XAUUSD,PERIOD_M5,2026.01.08 15:10:00,1767885000010,2026.01.08 15:10:00,SELL,ELIGIBLE,S1_SELL_M15_BEARISH,10,4427.36142746,4433.60538728,BEARISH,4418.68,4418.82,4418.75,14.0
P2F4_CANDIDATE_S1,1767885900026_BUY,XAUUSD,PERIOD_M5,2026.01.08 15:25:00,1767885900026,2026.01.08 15:25:00,BUY,REJECT,SIDE_NOT_SELL,10,0.00000000,0.00000000,UNKNOWN,4432.23,4432.27,4432.25,4.0
P2F4_CANDIDATE_S1,1767888900003_SELL,XAUUSD,PERIOD_M5,2026.01.08 16:15:00,1767888900003,2026.01.08 16:15:00,SELL,ELIGIBLE,S1_SELL_M15_BEARISH,10,4427.21952989,4432.42384311,BEARISH,4423.48,4423.58,4423.53,10.0
P2F4_CANDIDATE_S1,1767889500014_BUY,XAUUSD,PERIOD_M5,2026.01.08 16:25:00,1767889500014,2026.01.08 16:25:00,BUY,REJECT,SIDE_NOT_SELL,10,0.00000000,0.00000000,UNKNOWN,4429.00,4429.10,4429.05,10.0
P2F4_CANDIDATE_S1,1767903600015_SELL,XAUUSD,PERIOD_M5,2026.01.08 20:20:00,1767903600015,2026.01.08 20:20:00,SELL,REJECT,M15_NOT_BEARISH,10,4449.32663918,4442.00531550,BULLISH,4453.29,4453.37,4453.33,8.0
P2F4_CANDIDATE_S1,1767909900033_BUY,XAUUSD,PERIOD_M5,2026.01.08 22:05:00,1767909900033,2026.01.08 22:05:00,BUY,REJECT,SIDE_NOT_SELL,10,0.00000000,0.00000000,UNKNOWN,4458.06,4458.26,4458.16,20.0
P2F4_CANDIDATE_S1,1767925200050_SELL,XAUUSD,PERIOD_M5,2026.01.09 02:20:00,1767925200050,2026.01.09 02:20:00,SELL,REJECT,M15_NOT_BEARISH,10,4467.81225890,4456.26169310,BULLISH,4471.76,4471.96,4471.86,20.0
P2F4_CANDIDATE_S1,1767931500034_BUY,XAUUSD,PERIOD_M5,2026.01.09 04:05:00,1767931500034,2026.01.09 04:05:00,BUY,REJECT,SIDE_NOT_SELL,10,0.00000000,0.00000000,UNKNOWN,4475.44,4475.66,4475.55,22.0
P2F4_CANDIDATE_S1,1767935700009_SELL,XAUUSD,PERIOD_M5,2026.01.09 05:15:00,1767935700009,2026.01.09 05:15:00,SELL,REJECT,M15_NOT_BEARISH,10,4467.27783670,4460.20205162,BULLISH,4464.31,4464.51,4464.41,20.0
P2F4_CANDIDATE_S1,1767944100036_BUY,XAUUSD,PERIOD_M5,2026.01.09 07:35:00,1767944100036,2026.01.09 07:35:00,BUY,REJECT,SIDE_NOT_SELL,10,0.00000000,0.00000000,UNKNOWN,4470.94,4471.12,4471.03,18.0
P2F4_CANDIDATE_S1,1767955200030_SELL,XAUUSD,PERIOD_M5,2026.01.09 10:40:00,1767955200030,2026.01.09 10:40:00,SELL,REJECT,M15_NOT_BEARISH,10,4469.82362524,4465.18460302,BULLISH,4466.73,4466.92,4466.82,19.0
P2F4_CANDIDATE_S1,1767957300002_BUY,XAUUSD,PERIOD_M5,2026.01.09 11:15:00,1767957300002,2026.01.09 11:15:00,BUY,REJECT,SIDE_NOT_SELL,10,0.00000000,0.00000000,UNKNOWN,4474.74,4474.93,4474.84,19.0
P2F4_CANDIDATE_S1,1767961800054_SELL,XAUUSD,PERIOD_M5,2026.01.09 12:30:00,1767961800054,2026.01.09 12:30:00,SELL,REJECT,M15_NOT_BEARISH,10,4470.51213790,4466.78694397,BULLISH,4469.07,4469.25,4469.16,18.0
P2F4_CANDIDATE_S1,1767963900127_BUY,XAUUSD,PERIOD_M5,2026.01.09 13:05:00,1767963900127,2026.01.09 13:05:00,BUY,REJECT,SIDE_NOT_SELL,10,0.00000000,0.00000000,UNKNOWN,4473.70,4473.88,4473.79,18.0
P2F4_CANDIDATE_S1,1767964200029_SELL,XAUUSD,PERIOD_M5,2026.01.09 13:10:00,1767964200029,2026.01.09 13:10:00,SELL,REJECT,M15_NOT_BEARISH,10,4470.60068431,4467.10698673,BULLISH,4470.25,4470.41,4470.33,16.0
P2F4_CANDIDATE_S1,1767964800010_BUY,XAUUSD,PERIOD_M5,2026.01.09 13:20:00,1767964800010,2026.01.09 13:20:00,BUY,REJECT,SIDE_NOT_SELL,10,0.00000000,0.00000000,UNKNOWN,4472.28,4472.44,4472.36,16.0
P2F4_CANDIDATE_S1,1767965700163_SELL,XAUUSD,PERIOD_M5,2026.01.09 13:35:00,1767965700163,2026.01.09 13:35:00,SELL,REJECT,M15_NOT_BEARISH,10,4470.73552616,4467.43444642,BULLISH,4470.79,4470.94,4470.86,15.0
P2F4_CANDIDATE_S1,1767966600073_BUY,XAUUSD,PERIOD_M5,2026.01.09 13:50:00,1767966600073,2026.01.09 13:50:00,BUY,REJECT,SIDE_NOT_SELL,10,0.00000000,0.00000000,UNKNOWN,4472.33,4472.49,4472.41,16.0
P2F4_CANDIDATE_S1,1767969000039_SELL,XAUUSD,PERIOD_M5,2026.01.09 14:30:00,1767969000039,2026.01.09 14:30:00,SELL,REJECT,M15_NOT_BEARISH,10,4471.10620639,4468.10150409,BULLISH,4467.70,4467.88,4467.79,18.0
P2F4_CANDIDATE_S1,1767972900013_BUY,XAUUSD,PERIOD_M5,2026.01.09 15:35:00,1767972900013,2026.01.09 15:35:00,BUY,REJECT,SIDE_NOT_SELL,10,0.00000000,0.00000000,UNKNOWN,4487.04,4487.23,4487.14,19.0
P2F4_CANDIDATE_S1,1767988200071_SELL,XAUUSD,PERIOD_M5,2026.01.09 19:50:00,1767988200071,2026.01.09 19:50:00,SELL,REJECT,M15_NOT_BEARISH,10,4496.66124623,4484.37349673,BULLISH,4497.72,4497.92,4497.82,20.0
P2F4_CANDIDATE_S1,1767994200018_BUY,XAUUSD,PERIOD_M5,2026.01.09 21:30:00,1767994200018,2026.01.09 21:30:00,BUY,REJECT,SIDE_NOT_SELL,10,0.00000000,0.00000000,UNKNOWN,4498.87,4499.04,4498.95,17.0
P2F4_CANDIDATE_S1,1768191900156_SELL,XAUUSD,PERIOD_M5,2026.01.12 04:25:00,1768191900156,2026.01.12 04:25:00,SELL,REJECT,M15_NOT_BEARISH,10,4550.32015133,4522.55858511,BULLISH,4567.40,4567.55,4567.48,15.0
P2F4_CANDIDATE_S1,1768193100045_BUY,XAUUSD,PERIOD_M5,2026.01.12 04:45:00,1768193100045,2026.01.12 04:45:00,BUY,REJECT,SIDE_NOT_SELL,10,0.00000000,0.00000000,UNKNOWN,4578.77,4578.97,4578.87,20.0
P2F4_CANDIDATE_S1,1768197600009_SELL,XAUUSD,PERIOD_M5,2026.01.12 06:00:00,1768197600009,2026.01.12 06:00:00,SELL,REJECT,M15_NOT_BEARISH,10,4562.79076686,4535.39017077,BULLISH,4570.68,4570.89,4570.78,21.0
P2F4_CANDIDATE_S1,1768203000080_BUY,XAUUSD,PERIOD_M5,2026.01.12 07:30:00,1768203000080,2026.01.12 07:30:00,BUY,REJECT,SIDE_NOT_SELL,10,0.00000000,0.00000000,UNKNOWN,4572.53,4572.72,4572.63,19.0
P2F4_CANDIDATE_S1,1768221300028_SELL,XAUUSD,PERIOD_M5,2026.01.12 12:35:00,1768221300028,2026.01.12 12:35:00,SELL,REJECT,M15_NOT_BEARISH,10,4585.75047627,4567.05327902,BULLISH,4587.52,4587.67,4587.60,15.0
P2F4_CANDIDATE_S1,1768222200092_BUY,XAUUSD,PERIOD_M5,2026.01.12 12:50:00,1768222200092,2026.01.12 12:50:00,BUY,REJECT,SIDE_NOT_SELL,10,0.00000000,0.00000000,UNKNOWN,4592.34,4592.48,4592.41,14.0
P2F4_CANDIDATE_S1,1768224300041_SELL,XAUUSD,PERIOD_M5,2026.01.12 13:25:00,1768224300041,2026.01.12 13:25:00,SELL,REJECT,M15_NOT_BEARISH,10,4587.29550338,4569.83908424,BULLISH,4588.22,4588.40,4588.31,18.0
P2F4_CANDIDATE_S1,1768230000020_BUY,XAUUSD,PERIOD_M5,2026.01.12 15:00:00,1768230000020,2026.01.12 15:00:00,BUY,REJECT,SIDE_NOT_SELL,10,0.00000000,0.00000000,UNKNOWN,4590.45,4590.57,4590.51,12.0
P2F4_CANDIDATE_S1,1768235400012_SELL,XAUUSD,PERIOD_M5,2026.01.12 16:30:00,1768235400012,2026.01.12 16:30:00,SELL,REJECT,M15_NOT_BEARISH,10,4593.76710341,4580.05171138,BULLISH,4586.56,4586.61,4586.59,5.0
P2F4_CANDIDATE_S1,1768236000035_BUY,XAUUSD,PERIOD_M5,2026.01.12 16:40:00,1768236000035,2026.01.12 16:40:00,BUY,REJECT,SIDE_NOT_SELL,10,0.00000000,0.00000000,UNKNOWN,4610.79,4610.93,4610.86,14.0
P2F4_CANDIDATE_S1,1768245000002_SELL,XAUUSD,PERIOD_M5,2026.01.12 19:10:00,1768245000002,2026.01.12 19:10:00,SELL,REJECT,M15_NOT_BEARISH,10,4608.83948041,4592.27162648,BULLISH,4614.19,4614.39,4614.29,20.0
P2F4_CANDIDATE_S1,1768253100024_BUY,XAUUSD,PERIOD_M5,2026.01.12 21:25:00,1768253100024,2026.01.12 21:25:00,BUY,REJECT,SIDE_NOT_SELL,10,0.00000000,0.00000000,UNKNOWN,4614.81,4614.99,4614.90,18.0
P2F4_CANDIDATE_S1,1768255500020_SELL,XAUUSD,PERIOD_M5,2026.01.12 22:05:00,1768255500020,2026.01.12 22:05:00,SELL,REJECT,M15_NOT_BEARISH,10,4611.44290174,4599.99843362,BULLISH,4604.07,4604.27,4604.17,20.0
P2F4_CANDIDATE_S1,1768270800155_BUY,XAUUSD,PERIOD_M5,2026.01.13 02:20:00,1768270800155,2026.01.13 02:20:00,BUY,REJECT,SIDE_NOT_SELL,10,0.00000000,0.00000000,UNKNOWN,4594.64,4594.85,4594.75,21.0
P2F4_CANDIDATE_S1,1768271400116_SELL,XAUUSD,PERIOD_M5,2026.01.13 02:30:00,1768271400116,2026.01.13 02:30:00,SELL,ELIGIBLE,S1_SELL_M15_BEARISH,10,4596.40852303,4596.60275740,BEARISH,4588.31,4588.53,4588.42,22.0
P2F4_CANDIDATE_S1,1768279500029_BUY,XAUUSD,PERIOD_M5,2026.01.13 04:45:00,1768279500029,2026.01.13 04:45:00,BUY,REJECT,SIDE_NOT_SELL,10,0.00000000,0.00000000,UNKNOWN,4589.23,4589.45,4589.34,22.0
P2F4_CANDIDATE_S1,1768290000012_SELL,XAUUSD,PERIOD_M5,2026.01.13 07:40:00,1768290000012,2026.01.13 07:40:00,SELL,REJECT,M15_NOT_BEARISH,10,4594.53446991,4594.43382563,BULLISH,4590.72,4590.85,4590.78,13.0
P2F4_CANDIDATE_S1,1768299600015_BUY,XAUUSD,PERIOD_M5,2026.01.13 10:20:00,1768299600015,2026.01.13 10:20:00,BUY,REJECT,SIDE_NOT_SELL,10,0.00000000,0.00000000,UNKNOWN,4587.23,4587.39,4587.31,16.0
P2F4_CANDIDATE_S1,1768305300296_SELL,XAUUSD,PERIOD_M5,2026.01.13 11:55:00,1768305300296,2026.01.13 11:55:00,SELL,ELIGIBLE,S1_SELL_M15_BEARISH,10,4589.51048716,4591.15165075,BEARISH,4585.97,4586.10,4586.03,13.0
P2F4_CANDIDATE_S1,1768311900009_BUY,XAUUSD,PERIOD_M5,2026.01.13 13:45:00,1768311900009,2026.01.13 13:45:00,BUY,REJECT,SIDE_NOT_SELL,10,0.00000000,0.00000000,UNKNOWN,4589.78,4589.94,4589.86,16.0
P2F4_CANDIDATE_S1,1768313700469_SELL,XAUUSD,PERIOD_M5,2026.01.13 14:15:00,1768313700469,2026.01.13 14:15:00,SELL,ELIGIBLE,S1_SELL_M15_BEARISH,10,4587.47747697,4589.52345785,BEARISH,4583.58,4583.72,4583.65,14.0
P2F4_CANDIDATE_S1,1768316100053_BUY,XAUUSD,PERIOD_M5,2026.01.13 14:55:00,1768316100053,2026.01.13 14:55:00,BUY,REJECT,SIDE_NOT_SELL,10,0.00000000,0.00000000,UNKNOWN,4591.16,4591.32,4591.24,16.0
P2F4_CANDIDATE_S1,1768325700006_SELL,XAUUSD,PERIOD_M5,2026.01.13 17:35:00,1768325700006,2026.01.13 17:35:00,SELL,REJECT,M15_NOT_BEARISH,10,4606.00911674,4598.08465847,BULLISH,4612.46,4612.64,4612.55,18.0
P2F4_CANDIDATE_S1,1768326900002_BUY,XAUUSD,PERIOD_M5,2026.01.13 17:55:00,1768326900002,2026.01.13 17:55:00,BUY,REJECT,SIDE_NOT_SELL,10,0.00000000,0.00000000,UNKNOWN,4615.67,4615.86,4615.76,19.0
P2F4_CANDIDATE_S1,1768327800036_SELL,XAUUSD,PERIOD_M5,2026.01.13 18:10:00,1768327800036,2026.01.13 18:10:00,SELL,REJECT,M15_NOT_BEARISH,10,4608.01422028,4599.53896386,BULLISH,4607.51,4607.69,4607.60,18.0
P2F4_CANDIDATE_S1,1768353000134_BUY,XAUUSD,PERIOD_M5,2026.01.14 01:10:00,1768353000134,2026.01.14 01:10:00,BUY,REJECT,SIDE_NOT_SELL,10,0.00000000,0.00000000,UNKNOWN,4592.98,4593.17,4593.07,19.0
P2F4_CANDIDATE_S1,1768378200056_SELL,XAUUSD,PERIOD_M5,2026.01.14 08:10:00,1768378200056,2026.01.14 08:10:00,SELL,REJECT,M15_NOT_BEARISH,10,4622.40100137,4612.57896346,BULLISH,4626.02,4626.22,4626.12,20.0
P2F4_CANDIDATE_S1,1768378500048_BUY,XAUUSD,PERIOD_M5,2026.01.14 08:15:00,1768378500048,2026.01.14 08:15:00,BUY,REJECT,SIDE_NOT_SELL,10,0.00000000,0.00000000,UNKNOWN,4633.53,4633.68,4633.60,15.0
P2F4_CANDIDATE_S1,1768380000001_SELL,XAUUSD,PERIOD_M5,2026.01.14 08:40:00,1768380000001,2026.01.14 08:40:00,SELL,REJECT,M15_NOT_BEARISH,10,4624.37129591,4614.16996204,BULLISH,4629.26,4629.40,4629.33,14.0
P2F4_CANDIDATE_S1,1768380900045_BUY,XAUUSD,PERIOD_M5,2026.01.14 08:55:00,1768380900045,2026.01.14 08:55:00,BUY,REJECT,SIDE_NOT_SELL,10,0.00000000,0.00000000,UNKNOWN,4633.55,4633.74,4633.65,19.0
P2F4_CANDIDATE_S1,1768385400021_SELL,XAUUSD,PERIOD_M5,2026.01.14 10:10:00,1768385400021,2026.01.14 10:10:00,SELL,REJECT,M15_NOT_BEARISH,10,4628.99457401,4618.52390898,BULLISH,4624.37,4624.56,4624.47,19.0
P2F4_CANDIDATE_S1,1768388100000_BUY,XAUUSD,PERIOD_M5,2026.01.14 10:55:00,1768388100000,2026.01.14 10:55:00,BUY,REJECT,SIDE_NOT_SELL,10,0.00000000,0.00000000,UNKNOWN,4634.81,4634.97,4634.89,16.0
P2F4_CANDIDATE_S1,1768391100021_SELL,XAUUSD,PERIOD_M5,2026.01.14 11:45:00,1768391100021,2026.01.14 11:45:00,SELL,REJECT,M15_NOT_BEARISH,10,4630.64586085,4621.82768559,BULLISH,4627.63,4627.79,4627.71,16.0
P2F4_CANDIDATE_S1,1768393800027_BUY,XAUUSD,PERIOD_M5,2026.01.14 12:30:00,1768393800027,2026.01.14 12:30:00,BUY,REJECT,SIDE_NOT_SELL,10,0.00000000,0.00000000,UNKNOWN,4634.94,4635.04,4634.99,10.0
P2F4_CANDIDATE_S1,1768397700015_SELL,XAUUSD,PERIOD_M5,2026.01.14 13:35:00,1768397700015,2026.01.14 13:35:00,SELL,REJECT,M15_NOT_BEARISH,10,4631.88306804,4624.57730852,BULLISH,4627.85,4628.01,4627.93,16.0
P2F4_CANDIDATE_S1,1768399800089_BUY,XAUUSD,PERIOD_M5,2026.01.14 14:10:00,1768399800089,2026.01.14 14:10:00,BUY,REJECT,SIDE_NOT_SELL,10,0.00000000,0.00000000,UNKNOWN,4636.99,4637.15,4637.07,16.0
P2F4_CANDIDATE_S1,1768403700027_SELL,XAUUSD,PERIOD_M5,2026.01.14 15:15:00,1768403700027,2026.01.14 15:15:00,SELL,REJECT,M15_NOT_BEARISH,10,4632.76924575,4626.78086382,BULLISH,4628.67,4628.81,4628.74,14.0
P2F4_CANDIDATE_S1,1768406100014_BUY,XAUUSD,PERIOD_M5,2026.01.14 15:55:00,1768406100014,2026.01.14 15:55:00,BUY,REJECT,SIDE_NOT_SELL,10,0.00000000,0.00000000,UNKNOWN,4635.43,4635.62,4635.52,19.0
P2F4_CANDIDATE_S1,1768408500008_SELL,XAUUSD,PERIOD_M5,2026.01.14 16:35:00,1768408500008,2026.01.14 16:35:00,SELL,REJECT,M15_NOT_BEARISH,10,4633.56640820,4628.22285933,BULLISH,4629.57,4629.76,4629.66,19.0
P2F4_CANDIDATE_S1,1768421400055_BUY,XAUUSD,PERIOD_M5,2026.01.14 20:10:00,1768421400055,2026.01.14 20:10:00,BUY,REJECT,SIDE_NOT_SELL,10,0.00000000,0.00000000,UNKNOWN,4621.01,4621.15,4621.08,14.0
P2F4_CANDIDATE_S1,1768430700017_SELL,XAUUSD,PERIOD_M5,2026.01.14 22:45:00,1768430700017,2026.01.14 22:45:00,SELL,REJECT,M15_NOT_BEARISH,10,4628.83213035,4626.46835560,BULLISH,4625.79,4625.86,4625.82,7.0
P2F4_CANDIDATE_S1,1768451100035_BUY,XAUUSD,PERIOD_M5,2026.01.15 04:25:00,1768451100035,2026.01.15 04:25:00,BUY,REJECT,SIDE_NOT_SELL,10,0.00000000,0.00000000,UNKNOWN,4608.95,4609.14,4609.05,19.0
P2F4_CANDIDATE_S1,1768452600111_SELL,XAUUSD,PERIOD_M5,2026.01.15 04:50:00,1768452600111,2026.01.15 04:50:00,SELL,ELIGIBLE,S1_SELL_M15_BEARISH,10,4613.34655808,4618.86997231,BEARISH,4604.10,4604.31,4604.20,21.0
P2F4_CANDIDATE_S1,1768464300014_BUY,XAUUSD,PERIOD_M5,2026.01.15 08:05:00,1768464300014,2026.01.15 08:05:00,BUY,REJECT,SIDE_NOT_SELL,10,0.00000000,0.00000000,UNKNOWN,4599.18,4599.35,4599.27,17.0
P2F4_CANDIDATE_S1,1768471500011_SELL,XAUUSD,PERIOD_M5,2026.01.15 10:05:00,1768471500011,2026.01.15 10:05:00,SELL,ELIGIBLE,S1_SELL_M15_BEARISH,10,4602.58582267,4607.68824804,BEARISH,4599.87,4600.06,4599.97,19.0
P2F4_CANDIDATE_S1,1768473900278_BUY,XAUUSD,PERIOD_M5,2026.01.15 10:45:00,1768473900278,2026.01.15 10:45:00,BUY,REJECT,SIDE_NOT_SELL,10,0.00000000,0.00000000,UNKNOWN,4606.34,4606.53,4606.43,19.0
P2F4_CANDIDATE_S1,1768474200011_SELL,XAUUSD,PERIOD_M5,2026.01.15 10:50:00,1768474200011,2026.01.15 10:50:00,SELL,ELIGIBLE,S1_SELL_M15_BEARISH,10,4603.00243793,4607.28674879,BEARISH,4603.24,4603.35,4603.30,11.0
P2F4_CANDIDATE_S1,1768476900007_BUY,XAUUSD,PERIOD_M5,2026.01.15 11:35:00,1768476900007,2026.01.15 11:35:00,BUY,REJECT,SIDE_NOT_SELL,10,0.00000000,0.00000000,UNKNOWN,4605.61,4605.74,4605.67,13.0
P2F4_CANDIDATE_S1,1768487700041_SELL,XAUUSD,PERIOD_M5,2026.01.15 14:35:00,1768487700041,2026.01.15 14:35:00,SELL,REJECT,M15_NOT_BEARISH,10,4612.58069218,4610.48454965,BULLISH,4615.64,4615.82,4615.73,18.0
P2F4_CANDIDATE_S1,1768488000003_BUY,XAUUSD,PERIOD_M5,2026.01.15 14:40:00,1768488000003,2026.01.15 14:40:00,BUY,REJECT,SIDE_NOT_SELL,10,0.00000000,0.00000000,UNKNOWN,4617.21,4617.40,4617.31,19.0
P2F4_CANDIDATE_S1,1768488600007_SELL,XAUUSD,PERIOD_M5,2026.01.15 14:50:00,1768488600007,2026.01.15 14:50:00,SELL,REJECT,M15_NOT_BEARISH,10,4613.01967387,4610.74750849,BULLISH,4614.31,4614.50,4614.41,19.0
P2F4_CANDIDATE_S1,1768495800027_BUY,XAUUSD,PERIOD_M5,2026.01.15 16:50:00,1768495800027,2026.01.15 16:50:00,BUY,REJECT,SIDE_NOT_SELL,10,0.00000000,0.00000000,UNKNOWN,4609.27,4609.41,4609.34,14.0
P2F4_CANDIDATE_S1,1768502700039_SELL,XAUUSD,PERIOD_M5,2026.01.15 18:45:00,1768502700039,2026.01.15 18:45:00,SELL,REJECT,M15_NOT_BEARISH,10,4610.29283913,4609.65528643,BULLISH,4607.38,4607.52,4607.45,14.0
P2F4_CANDIDATE_S1,1768505700215_BUY,XAUUSD,PERIOD_M5,2026.01.15 19:35:00,1768505700215,2026.01.15 19:35:00,BUY,REJECT,SIDE_NOT_SELL,10,0.00000000,0.00000000,UNKNOWN,4613.95,4614.14,4614.05,19.0
P2F4_CANDIDATE_S1,1768514400016_SELL,XAUUSD,PERIOD_M5,2026.01.15 22:00:00,1768514400016,2026.01.15 22:00:00,SELL,REJECT,M15_NOT_BEARISH,10,4614.53168507,4612.07088954,BULLISH,4615.82,4616.02,4615.92,20.0
P2F4_CANDIDATE_S1,1768519800039_BUY,XAUUSD,PERIOD_M5,2026.01.15 23:30:00,1768519800039,2026.01.15 23:30:00,BUY,REJECT,SIDE_NOT_SELL,10,0.00000000,0.00000000,UNKNOWN,4614.05,4614.49,4614.27,44.0
P2F4_CANDIDATE_S1,1768527300046_SELL,XAUUSD,PERIOD_M5,2026.01.16 01:35:00,1768527300046,2026.01.16 01:35:00,SELL,REJECT,M15_NOT_BEARISH,10,4612.46173061,4611.66512418,BULLISH,4607.84,4607.92,4607.88,8.0
P2F4_CANDIDATE_S1,1768544400108_BUY,XAUUSD,PERIOD_M5,2026.01.16 06:20:00,1768544400108,2026.01.16 06:20:00,BUY,REJECT,SIDE_NOT_SELL,10,0.00000000,0.00000000,UNKNOWN,4600.29,4600.50,4600.40,21.0
P2F4_CANDIDATE_S1,1768553400028_SELL,XAUUSD,PERIOD_M5,2026.01.16 08:50:00,1768553400028,2026.01.16 08:50:00,SELL,ELIGIBLE,S1_SELL_M15_BEARISH,10,4601.99235879,4604.54391187,BEARISH,4596.80,4597.00,4596.90,20.0
P2F4_CANDIDATE_S1,1768554900084_BUY,XAUUSD,PERIOD_M5,2026.01.16 09:15:00,1768554900084,2026.01.16 09:15:00,BUY,REJECT,SIDE_NOT_SELL,10,0.00000000,0.00000000,UNKNOWN,4610.09,4610.25,4610.17,16.0
P2F4_CANDIDATE_S1,1768560600013_SELL,XAUUSD,PERIOD_M5,2026.01.16 10:50:00,1768560600013,2026.01.16 10:50:00,SELL,ELIGIBLE,S1_SELL_M15_BEARISH,10,4603.62900503,4604.65040725,BEARISH,4602.94,4603.09,4603.01,15.0
P2F4_CANDIDATE_S1,1768566000420_BUY,XAUUSD,PERIOD_M5,2026.01.16 12:20:00,1768566000420,2026.01.16 12:20:00,BUY,REJECT,SIDE_NOT_SELL,10,0.00000000,0.00000000,UNKNOWN,4608.91,4609.10,4609.01,19.0
P2F4_CANDIDATE_S1,1768568700253_SELL,XAUUSD,PERIOD_M5,2026.01.16 13:05:00,1768568700253,2026.01.16 13:05:00,SELL,ELIGIBLE,S1_SELL_M15_BEARISH,10,4603.85275344,4604.43495430,BEARISH,4601.36,4601.52,4601.44,16.0
P2F4_CANDIDATE_S1,1768569600463_BUY,XAUUSD,PERIOD_M5,2026.01.16 13:20:00,1768569600463,2026.01.16 13:20:00,BUY,REJECT,SIDE_NOT_SELL,10,0.00000000,0.00000000,UNKNOWN,4609.06,4609.25,4609.16,19.0
P2F4_CANDIDATE_S1,1768574100019_SELL,XAUUSD,PERIOD_M5,2026.01.16 14:35:00,1768574100019,2026.01.16 14:35:00,SELL,REJECT,M15_NOT_BEARISH,10,4606.81880409,4605.72326584,BULLISH,4603.40,4603.59,4603.49,19.0
P2F4_CANDIDATE_S1,1768580100062_BUY,XAUUSD,PERIOD_M5,2026.01.16 16:15:00,1768580100062,2026.01.16 16:15:00,BUY,REJECT,SIDE_NOT_SELL,10,0.00000000,0.00000000,UNKNOWN,4607.19,4607.38,4607.28,19.0
P2F4_CANDIDATE_S1,1768584600017_SELL,XAUUSD,PERIOD_M5,2026.01.16 17:30:00,1768584600017,2026.01.16 17:30:00,SELL,ELIGIBLE,S1_SELL_M15_BEARISH,10,4601.23830662,4603.26803993,BEARISH,4565.12,4565.25,4565.18,13.0
P2F4_CANDIDATE_S1,1768588800033_BUY,XAUUSD,PERIOD_M5,2026.01.16 18:40:00,1768588800033,2026.01.16 18:40:00,BUY,REJECT,SIDE_NOT_SELL,10,0.00000000,0.00000000,UNKNOWN,4594.45,4594.61,4594.53,16.0
P2F4_CANDIDATE_S1,1768591500037_SELL,XAUUSD,PERIOD_M5,2026.01.16 19:25:00,1768591500037,2026.01.16 19:25:00,SELL,ELIGIBLE,S1_SELL_M15_BEARISH,10,4593.67315145,4598.82402885,BEARISH,4584.53,4584.72,4584.63,19.0
P2F4_CANDIDATE_S1,1768595400007_BUY,XAUUSD,PERIOD_M5,2026.01.16 20:30:00,1768595400007,2026.01.16 20:30:00,BUY,REJECT,SIDE_NOT_SELL,10,0.00000000,0.00000000,UNKNOWN,4589.99,4590.18,4590.09,19.0
P2F4_CANDIDATE_S1,1768597800003_SELL,XAUUSD,PERIOD_M5,2026.01.16 21:10:00,1768597800003,2026.01.16 21:10:00,SELL,ELIGIBLE,S1_SELL_M15_BEARISH,10,4589.52918286,4595.46143865,BEARISH,4584.50,4584.66,4584.58,16.0
P2F4_CANDIDATE_S1,1768599900037_BUY,XAUUSD,PERIOD_M5,2026.01.16 21:45:00,1768599900037,2026.01.16 21:45:00,BUY,REJECT,SIDE_NOT_SELL,10,0.00000000,0.00000000,UNKNOWN,4589.39,4589.49,4589.44,10.0
P2F4_CANDIDATE_S1,1768603200061_SELL,XAUUSD,PERIOD_M5,2026.01.16 22:40:00,1768603200061,2026.01.16 22:40:00,SELL,ELIGIBLE,S1_SELL_M15_BEARISH,10,4589.12692399,4593.95646148,BEARISH,4585.35,4585.55,4585.45,20.0
P2F4_CANDIDATE_S1,1768605600668_BUY,XAUUSD,PERIOD_M5,2026.01.16 23:20:00,1768605600668,2026.01.16 23:20:00,BUY,REJECT,SIDE_NOT_SELL,10,0.00000000,0.00000000,UNKNOWN,4598.11,4598.38,4598.24,27.0
P2F4_CANDIDATE_S1,1768795200042_SELL,XAUUSD,PERIOD_M5,2026.01.19 04:00:00,1768795200042,2026.01.19 04:00:00,SELL,REJECT,M15_NOT_BEARISH,10,4643.72397593,4621.50273635,BULLISH,4657.39,4657.61,4657.50,22.0
P2F4_CANDIDATE_S1,1768799400661_BUY,XAUUSD,PERIOD_M5,2026.01.19 05:10:00,1768799400661,2026.01.19 05:10:00,BUY,REJECT,SIDE_NOT_SELL,10,0.00000000,0.00000000,UNKNOWN,4667.46,4667.68,4667.57,22.0
P2F4_CANDIDATE_S1,1768802100000_SELL,XAUUSD,PERIOD_M5,2026.01.19 05:55:00,1768802100000,2026.01.19 05:55:00,SELL,REJECT,M15_NOT_BEARISH,10,4653.32876957,4631.52751156,BULLISH,4660.35,4660.56,4660.45,21.0
P2F4_CANDIDATE_S1,1768805700528_BUY,XAUUSD,PERIOD_M5,2026.01.19 06:55:00,1768805700528,2026.01.19 06:55:00,BUY,REJECT,SIDE_NOT_SELL,10,0.00000000,0.00000000,UNKNOWN,4664.82,4665.04,4664.93,22.0
P2F4_CANDIDATE_S1,1768814700017_SELL,XAUUSD,PERIOD_M5,2026.01.19 09:25:00,1768814700017,2026.01.19 09:25:00,SELL,REJECT,M15_NOT_BEARISH,10,4664.98429999,4647.08554717,BULLISH,4665.29,4665.47,4665.38,18.0
P2F4_CANDIDATE_S1,1768821600439_BUY,XAUUSD,PERIOD_M5,2026.01.19 11:20:00,1768821600439,2026.01.19 11:20:00,BUY,REJECT,SIDE_NOT_SELL,10,0.00000000,0.00000000,UNKNOWN,4671.45,4671.62,4671.53,17.0
P2F4_CANDIDATE_S1,1768822200011_SELL,XAUUSD,PERIOD_M5,2026.01.19 11:30:00,1768822200011,2026.01.19 11:30:00,SELL,REJECT,M15_NOT_BEARISH,10,4666.37421707,4653.18686589,BULLISH,4666.66,4666.86,4666.76,20.0
P2F4_CANDIDATE_S1,1768822500439_BUY,XAUUSD,PERIOD_M5,2026.01.19 11:35:00,1768822500439,2026.01.19 11:35:00,BUY,REJECT,SIDE_NOT_SELL,10,0.00000000,0.00000000,UNKNOWN,4669.13,4669.31,4669.22,18.0
P2F4_CANDIDATE_S1,1768825800027_SELL,XAUUSD,PERIOD_M5,2026.01.19 12:30:00,1768825800027,2026.01.19 12:30:00,SELL,REJECT,M15_NOT_BEARISH,10,4667.04556354,4655.44893631,BULLISH,4665.82,4665.99,4665.90,17.0
P2F4_CANDIDATE_S1,1768832400027_BUY,XAUUSD,PERIOD_M5,2026.01.19 14:20:00,1768832400027,2026.01.19 14:20:00,BUY,REJECT,SIDE_NOT_SELL,10,0.00000000,0.00000000,UNKNOWN,4670.10,4670.27,4670.19,17.0
P2F4_CANDIDATE_S1,1768838400029_SELL,XAUUSD,PERIOD_M5,2026.01.19 16:00:00,1768838400029,2026.01.19 16:00:00,SELL,REJECT,M15_NOT_BEARISH,10,4667.72439793,4660.60193506,BULLISH,4666.16,4666.32,4666.24,16.0
P2F4_CANDIDATE_S1,1768842600056_BUY,XAUUSD,PERIOD_M5,2026.01.19 17:10:00,1768842600056,2026.01.19 17:10:00,BUY,REJECT,SIDE_NOT_SELL,10,0.00000000,0.00000000,UNKNOWN,4669.74,4669.88,4669.81,14.0
P2F4_CANDIDATE_S1,1768843200202_SELL,XAUUSD,PERIOD_M5,2026.01.19 17:20:00,1768843200202,2026.01.19 17:20:00,SELL,REJECT,M15_NOT_BEARISH,10,4667.46824146,4661.76430274,BULLISH,4665.92,4666.06,4665.99,14.0
P2F4_CANDIDATE_S1,1768844400021_BUY,XAUUSD,PERIOD_M5,2026.01.19 17:40:00,1768844400021,2026.01.19 17:40:00,BUY,REJECT,SIDE_NOT_SELL,10,0.00000000,0.00000000,UNKNOWN,4669.65,4669.81,4669.73,16.0
P2F4_CANDIDATE_S1,1768857600009_SELL,XAUUSD,PERIOD_M5,2026.01.19 21:20:00,1768857600009,2026.01.19 21:20:00,SELL,REJECT,M15_NOT_BEARISH,10,4672.92441461,4667.46624664,BULLISH,4672.35,4672.55,4672.45,20.0
P2F4_CANDIDATE_S1,1768878900015_BUY,XAUUSD,PERIOD_M5,2026.01.20 03:15:00,1768878900015,2026.01.20 03:15:00,BUY,REJECT,SIDE_NOT_SELL,10,0.00000000,0.00000000,UNKNOWN,4670.22,4670.41,4670.32,19.0
P2F4_CANDIDATE_S1,1768883100708_SELL,XAUUSD,PERIOD_M5,2026.01.20 04:25:00,1768883100708,2026.01.20 04:25:00,SELL,REJECT,M15_NOT_BEARISH,10,4668.78187049,4667.38099996,BULLISH,4668.07,4668.27,4668.17,20.0
P2F4_CANDIDATE_S1,1768883400098_BUY,XAUUSD,PERIOD_M5,2026.01.20 04:30:00,1768883400098,2026.01.20 04:30:00,BUY,REJECT,SIDE_NOT_SELL,10,0.00000000,0.00000000,UNKNOWN,4672.04,4672.26,4672.15,22.0
P2F4_CANDIDATE_S1,1768885800000_SELL,XAUUSD,PERIOD_M5,2026.01.20 05:10:00,1768885800000,2026.01.20 05:10:00,SELL,REJECT,M15_NOT_BEARISH,10,4669.48270486,4667.85300182,BULLISH,4666.59,4666.78,4666.68,19.0
P2F4_CANDIDATE_S1,1768886400063_BUY,XAUUSD,PERIOD_M5,2026.01.20 05:20:00,1768886400063,2026.01.20 05:20:00,BUY,REJECT,SIDE_NOT_SELL,10,0.00000000,0.00000000,UNKNOWN,4672.99,4673.21,4673.10,22.0
P2F4_CANDIDATE_S1,1768913100078_SELL,XAUUSD,PERIOD_M5,2026.01.20 12:45:00,1768913100078,2026.01.20 12:45:00,SELL,REJECT,M15_NOT_BEARISH,10,4719.60520343,4701.65815573,BULLISH,4724.50,4724.64,4724.57,14.0
P2F4_CANDIDATE_S1,1768916700007_BUY,XAUUSD,PERIOD_M5,2026.01.20 13:45:00,1768916700007,2026.01.20 13:45:00,BUY,REJECT,SIDE_NOT_SELL,10,0.00000000,0.00000000,UNKNOWN,4732.27,4732.43,4732.35,16.0
P2F4_CANDIDATE_S1,1768919700026_SELL,XAUUSD,PERIOD_M5,2026.01.20 14:35:00,1768919700026,2026.01.20 14:35:00,SELL,REJECT,M15_NOT_BEARISH,10,4724.32730005,4708.30865835,BULLISH,4726.46,4726.64,4726.55,18.0
P2F4_CANDIDATE_S1,1768924500016_BUY,XAUUSD,PERIOD_M5,2026.01.20 15:55:00,1768924500016,2026.01.20 15:55:00,BUY,REJECT,SIDE_NOT_SELL,10,0.00000000,0.00000000,UNKNOWN,4731.74,4731.89,4731.82,15.0
P2F4_CANDIDATE_S1,1768930200070_SELL,XAUUSD,PERIOD_M5,2026.01.20 17:30:00,1768930200070,2026.01.20 17:30:00,SELL,REJECT,M15_NOT_BEARISH,10,4731.85630999,4718.21657924,BULLISH,4723.99,4724.18,4724.09,19.0
P2F4_CANDIDATE_S1,1768932900096_BUY,XAUUSD,PERIOD_M5,2026.01.20 18:15:00,1768932900096,2026.01.20 18:15:00,BUY,REJECT,SIDE_NOT_SELL,10,0.00000000,0.00000000,UNKNOWN,4741.37,4741.56,4741.47,19.0
P2F4_CANDIDATE_S1,1768947600025_SELL,XAUUSD,PERIOD_M5,2026.01.20 22:20:00,1768947600025,2026.01.20 22:20:00,SELL,REJECT,M15_NOT_BEARISH,10,4753.55134153,4738.00796669,BULLISH,4755.71,4755.90,4755.81,19.0
P2F4_CANDIDATE_S1,1768950900086_BUY,XAUUSD,PERIOD_M5,2026.01.20 23:15:00,1768950900086,2026.01.20 23:15:00,BUY,REJECT,SIDE_NOT_SELL,10,0.00000000,0.00000000,UNKNOWN,4760.16,4760.36,4760.26,20.0
P2F4_CANDIDATE_S1,1768986000002_SELL,XAUUSD,PERIOD_M5,2026.01.21 09:00:00,1768986000002,2026.01.21 09:00:00,SELL,REJECT,M15_NOT_BEARISH,10,4849.24502251,4813.41175085,BULLISH,4847.68,4847.81,4847.75,13.0
P2F4_CANDIDATE_S1,1768990800030_BUY,XAUUSD,PERIOD_M5,2026.01.21 10:20:00,1768990800030,2026.01.21 10:20:00,BUY,REJECT,SIDE_NOT_SELL,10,0.00000000,0.00000000,UNKNOWN,4865.30,4865.45,4865.38,15.0
P2F4_CANDIDATE_S1,1768998900043_SELL,XAUUSD,PERIOD_M5,2026.01.21 12:35:00,1768998900043,2026.01.21 12:35:00,SELL,REJECT,M15_NOT_BEARISH,10,4857.80354284,4833.12310696,BULLISH,4860.69,4860.88,4860.78,19.0
P2F4_CANDIDATE_S1,1768999500035_BUY,XAUUSD,PERIOD_M5,2026.01.21 12:45:00,1768999500035,2026.01.21 12:45:00,BUY,REJECT,SIDE_NOT_SELL,10,0.00000000,0.00000000,UNKNOWN,4864.96,4865.14,4865.05,18.0
P2F4_CANDIDATE_S1,1769000700136_SELL,XAUUSD,PERIOD_M5,2026.01.21 13:05:00,1769000700136,2026.01.21 13:05:00,SELL,REJECT,M15_NOT_BEARISH,10,4858.83224255,4835.46017678,BULLISH,4861.67,4861.85,4861.76,18.0
P2F4_CANDIDATE_S1,1769001000014_BUY,XAUUSD,PERIOD_M5,2026.01.21 13:10:00,1769001000014,2026.01.21 13:10:00,BUY,REJECT,SIDE_NOT_SELL,10,0.00000000,0.00000000,UNKNOWN,4864.05,4864.23,4864.14,18.0
P2F4_CANDIDATE_S1,1769003400051_SELL,XAUUSD,PERIOD_M5,2026.01.21 13:50:00,1769003400051,2026.01.21 13:50:00,SELL,REJECT,M15_NOT_BEARISH,10,4860.36878865,4838.78052437,BULLISH,4860.77,4860.92,4860.85,15.0
P2F4_CANDIDATE_S1,1769004000063_BUY,XAUUSD,PERIOD_M5,2026.01.21 14:00:00,1769004000063,2026.01.21 14:00:00,BUY,REJECT,SIDE_NOT_SELL,10,0.00000000,0.00000000,UNKNOWN,4866.84,4867.00,4866.92,16.0
P2F4_CANDIDATE_S1,1769004900036_SELL,XAUUSD,PERIOD_M5,2026.01.21 14:15:00,1769004900036,2026.01.21 14:15:00,SELL,REJECT,M15_NOT_BEARISH,10,4861.10079978,4840.75615494,BULLISH,4862.20,4862.36,4862.28,16.0
P2F4_CANDIDATE_S1,1769006400084_BUY,XAUUSD,PERIOD_M5,2026.01.21 14:40:00,1769006400084,2026.01.21 14:40:00,BUY,REJECT,SIDE_NOT_SELL,10,0.00000000,0.00000000,UNKNOWN,4866.44,4866.63,4866.53,19.0
P2F4_CANDIDATE_S1,1769007000045_SELL,XAUUSD,PERIOD_M5,2026.01.21 14:50:00,1769007000045,2026.01.21 14:50:00,SELL,REJECT,M15_NOT_BEARISH,10,4861.82782023,4842.62783853,BULLISH,4858.86,4858.97,4858.91,11.0
P2F4_CANDIDATE_S1,1769008200011_BUY,XAUUSD,PERIOD_M5,2026.01.21 15:10:00,1769008200011,2026.01.21 15:10:00,BUY,REJECT,SIDE_NOT_SELL,10,0.00000000,0.00000000,UNKNOWN,4868.72,4868.88,4868.80,16.0
P2F4_CANDIDATE_S1,1769012100026_SELL,XAUUSD,PERIOD_M5,2026.01.21 16:15:00,1769012100026,2026.01.21 16:15:00,SELL,REJECT,M15_NOT_BEARISH,10,4864.01111879,4847.84090117,BULLISH,4844.66,4844.85,4844.76,19.0
P2F4_CANDIDATE_S1,1769027700008_BUY,XAUUSD,PERIOD_M5,2026.01.21 20:35:00,1769027700008,2026.01.21 20:35:00,BUY,REJECT,SIDE_NOT_SELL,10,0.00000000,0.00000000,UNKNOWN,4835.23,4835.40,4835.31,17.0
P2F4_CANDIDATE_S1,1769031300019_SELL,XAUUSD,PERIOD_M5,2026.01.21 21:35:00,1769031300019,2026.01.21 21:35:00,SELL,ELIGIBLE,S1_SELL_M15_BEARISH,10,4837.91565732,4841.13753202,BEARISH,4805.83,4806.03,4805.93,20.0
P2F4_CANDIDATE_S1,1769036100001_BUY,XAUUSD,PERIOD_M5,2026.01.21 22:55:00,1769036100001,2026.01.21 22:55:00,BUY,REJECT,SIDE_NOT_SELL,10,0.00000000,0.00000000,UNKNOWN,4824.01,4824.20,4824.10,19.0
P2F4_CANDIDATE_S1,1769044800059_SELL,XAUUSD,PERIOD_M5,2026.01.22 01:20:00,1769044800059,2026.01.22 01:20:00,SELL,ELIGIBLE,S1_SELL_M15_BEARISH,10,4823.33979141,4831.10704079,BEARISH,4803.29,4803.52,4803.41,23.0
P2F4_CANDIDATE_S1,1769052300011_BUY,XAUUSD,PERIOD_M5,2026.01.22 03:25:00,1769052300011,2026.01.22 03:25:00,BUY,REJECT,SIDE_NOT_SELL,10,0.00000000,0.00000000,UNKNOWN,4807.79,4807.95,4807.87,16.0
P2F4_CANDIDATE_S1,1769055300007_SELL,XAUUSD,PERIOD_M5,2026.01.22 04:15:00,1769055300007,2026.01.22 04:15:00,SELL,ELIGIBLE,S1_SELL_M15_BEARISH,10,4802.49719805,4816.48527999,BEARISH,4793.51,4793.73,4793.62,22.0
P2F4_CANDIDATE_S1,1769060400020_BUY,XAUUSD,PERIOD_M5,2026.01.22 05:40:00,1769060400020,2026.01.22 05:40:00,BUY,REJECT,SIDE_NOT_SELL,10,0.00000000,0.00000000,UNKNOWN,4792.97,4793.20,4793.09,23.0
P2F4_CANDIDATE_S1,1769078700033_SELL,XAUUSD,PERIOD_M5,2026.01.22 10:45:00,1769078700033,2026.01.22 10:45:00,SELL,REJECT,M15_NOT_BEARISH,10,4819.00707741,4815.03688193,BULLISH,4826.61,4826.78,4826.69,17.0
P2F4_CANDIDATE_S1,1769079300026_BUY,XAUUSD,PERIOD_M5,2026.01.22 10:55:00,1769079300026,2026.01.22 10:55:00,BUY,REJECT,SIDE_NOT_SELL,10,0.00000000,0.00000000,UNKNOWN,4830.04,4830.23,4830.14,19.0
P2F4_CANDIDATE_S1,1769082000010_SELL,XAUUSD,PERIOD_M5,2026.01.22 11:40:00,1769082000010,2026.01.22 11:40:00,SELL,REJECT,M15_NOT_BEARISH,10,4822.10881805,4816.84143160,BULLISH,4820.67,4820.82,4820.74,15.0
P2F4_CANDIDATE_S1,1769085900001_BUY,XAUUSD,PERIOD_M5,2026.01.22 12:45:00,1769085900001,2026.01.22 12:45:00,BUY,REJECT,SIDE_NOT_SELL,10,0.00000000,0.00000000,UNKNOWN,4828.18,4828.35,4828.27,17.0
P2F4_CANDIDATE_S1,1769091300003_SELL,XAUUSD,PERIOD_M5,2026.01.22 14:15:00,1769091300003,2026.01.22 14:15:00,SELL,REJECT,M15_NOT_BEARISH,10,4825.32082350,4820.27776135,BULLISH,4824.83,4825.01,4824.92,18.0
P2F4_CANDIDATE_S1,1769091900005_BUY,XAUUSD,PERIOD_M5,2026.01.22 14:25:00,1769091900005,2026.01.22 14:25:00,BUY,REJECT,SIDE_NOT_SELL,10,0.00000000,0.00000000,UNKNOWN,4830.74,4830.91,4830.82,17.0
P2F4_CANDIDATE_S1,1769094000067_SELL,XAUUSD,PERIOD_M5,2026.01.22 15:00:00,1769094000067,2026.01.22 15:00:00,SELL,REJECT,M15_NOT_BEARISH,10,4825.65395188,4821.02070595,BULLISH,4819.71,4819.84,4819.77,13.0
P2F4_CANDIDATE_S1,1769095500011_BUY,XAUUSD,PERIOD_M5,2026.01.22 15:25:00,1769095500011,2026.01.22 15:25:00,BUY,REJECT,SIDE_NOT_SELL,10,0.00000000,0.00000000,UNKNOWN,4834.07,4834.23,4834.15,16.0
P2F4_CANDIDATE_S1,1769096100006_SELL,XAUUSD,PERIOD_M5,2026.01.22 15:35:00,1769096100006,2026.01.22 15:35:00,SELL,REJECT,M15_NOT_BEARISH,10,4825.92266809,4821.48994041,BULLISH,4822.54,4822.70,4822.62,16.0
P2F4_CANDIDATE_S1,1769099400006_BUY,XAUUSD,PERIOD_M5,2026.01.22 16:30:00,1769099400006,2026.01.22 16:30:00,BUY,REJECT,SIDE_NOT_SELL,10,0.00000000,0.00000000,UNKNOWN,4829.41,4829.57,4829.49,16.0
P2F4_CANDIDATE_S1,1769145600011_SELL,XAUUSD,PERIOD_M5,2026.01.23 05:20:00,1769145600011,2026.01.23 05:20:00,SELL,REJECT,M15_NOT_BEARISH,10,4945.10143838,4915.79228516,BULLISH,4939.38,4939.61,4939.49,23.0
P2F4_CANDIDATE_S1,1769149800040_BUY,XAUUSD,PERIOD_M5,2026.01.23 06:30:00,1769149800040,2026.01.23 06:30:00,BUY,REJECT,SIDE_NOT_SELL,10,0.00000000,0.00000000,UNKNOWN,4952.90,4953.10,4953.00,20.0
P2F4_CANDIDATE_S1,1769157000010_SELL,XAUUSD,PERIOD_M5,2026.01.23 08:30:00,1769157000010,2026.01.23 08:30:00,SELL,REJECT,M15_NOT_BEARISH,10,4952.38526744,4931.54590692,BULLISH,4953.01,4953.20,4953.10,19.0
P2F4_CANDIDATE_S1,1769171400008_BUY,XAUUSD,PERIOD_M5,2026.01.23 12:30:00,1769171400008,2026.01.23 12:30:00,BUY,REJECT,SIDE_NOT_SELL,10,0.00000000,0.00000000,UNKNOWN,4929.42,4929.62,4929.52,20.0
P2F4_CANDIDATE_S1,1769174100008_SELL,XAUUSD,PERIOD_M5,2026.01.23 13:15:00,1769174100008,2026.01.23 13:15:00,SELL,ELIGIBLE,S1_SELL_M15_BEARISH,10,4929.86172366,4929.92055020,BEARISH,4918.50,4918.69,4918.59,19.0
P2F4_CANDIDATE_S1,1769176200049_BUY,XAUUSD,PERIOD_M5,2026.01.23 13:50:00,1769176200049,2026.01.23 13:50:00,BUY,REJECT,SIDE_NOT_SELL,10,0.00000000,0.00000000,UNKNOWN,4925.95,4926.11,4926.03,16.0
P2F4_CANDIDATE_S1,1769200800079_SELL,XAUUSD,PERIOD_M5,2026.01.23 20:40:00,1769200800079,2026.01.23 20:40:00,SELL,REJECT,M15_NOT_BEARISH,10,4965.68650471,4950.35192952,BULLISH,4971.01,4971.21,4971.11,20.0
P2F4_CANDIDATE_S1,1769203800015_BUY,XAUUSD,PERIOD_M5,2026.01.23 21:30:00,1769203800015,2026.01.23 21:30:00,BUY,REJECT,SIDE_NOT_SELL,10,0.00000000,0.00000000,UNKNOWN,4977.37,4977.55,4977.46,18.0
P2F4_CANDIDATE_S1,1769407500005_SELL,XAUUSD,PERIOD_M5,2026.01.26 06:05:00,1769407500005,2026.01.26 06:05:00,SELL,REJECT,M15_NOT_BEARISH,10,5058.37818294,5019.38015005,BULLISH,5073.66,5073.87,5073.76,21.0
P2F4_CANDIDATE_S1,1769414700000_BUY,XAUUSD,PERIOD_M5,2026.01.26 08:05:00,1769414700000,2026.01.26 08:05:00,BUY,REJECT,SIDE_NOT_SELL,10,0.00000000,0.00000000,UNKNOWN,5079.24,5079.42,5079.33,18.0
P2F4_CANDIDATE_S1,1769425200037_SELL,XAUUSD,PERIOD_M5,2026.01.26 11:00:00,1769425200037,2026.01.26 11:00:00,SELL,REJECT,M15_NOT_BEARISH,10,5081.23995852,5053.79427247,BULLISH,5083.39,5083.58,5083.49,19.0
P2F4_CANDIDATE_S1,1769426400040_BUY,XAUUSD,PERIOD_M5,2026.01.26 11:20:00,1769426400040,2026.01.26 11:20:00,BUY,REJECT,SIDE_NOT_SELL,10,0.00000000,0.00000000,UNKNOWN,5093.57,5093.70,5093.64,13.0
P2F4_CANDIDATE_S1,1769428200072_SELL,XAUUSD,PERIOD_M5,2026.01.26 11:50:00,1769428200072,2026.01.26 11:50:00,SELL,REJECT,M15_NOT_BEARISH,10,5084.32903525,5058.24509639,BULLISH,5083.81,5083.95,5083.88,14.0
P2F4_CANDIDATE_S1,1769431200045_BUY,XAUUSD,PERIOD_M5,2026.01.26 12:40:00,1769431200045,2026.01.26 12:40:00,BUY,REJECT,SIDE_NOT_SELL,10,0.00000000,0.00000000,UNKNOWN,5094.75,5094.94,5094.84,19.0
P2F4_CANDIDATE_S1,1769433600012_SELL,XAUUSD,PERIOD_M5,2026.01.26 13:20:00,1769433600012,2026.01.26 13:20:00,SELL,REJECT,M15_NOT_BEARISH,10,5086.50177845,5064.80892878,BULLISH,5081.41,5081.56,5081.49,15.0
P2F4_CANDIDATE_S1,1769435700359_BUY,XAUUSD,PERIOD_M5,2026.01.26 13:55:00,1769435700359,2026.01.26 13:55:00,BUY,REJECT,SIDE_NOT_SELL,10,0.00000000,0.00000000,UNKNOWN,5091.53,5091.63,5091.58,10.0
P2F4_CANDIDATE_S1,1769438400038_SELL,XAUUSD,PERIOD_M5,2026.01.26 14:40:00,1769438400038,2026.01.26 14:40:00,SELL,REJECT,M15_NOT_BEARISH,10,5087.85801561,5069.35474295,BULLISH,5085.42,5085.59,5085.51,17.0
P2F4_CANDIDATE_S1,1769445600036_BUY,XAUUSD,PERIOD_M5,2026.01.26 16:40:00,1769445600036,2026.01.26 16:40:00,BUY,REJECT,SIDE_NOT_SELL,10,0.00000000,0.00000000,UNKNOWN,5089.17,5089.32,5089.24,15.0
P2F4_CANDIDATE_S1,1769452500030_SELL,XAUUSD,PERIOD_M5,2026.01.26 18:35:00,1769452500030,2026.01.26 18:35:00,SELL,REJECT,M15_NOT_BEARISH,10,5085.00650736,5075.82762479,BULLISH,5075.34,5075.38,5075.36,4.0
P2F4_CANDIDATE_S1,1769454300031_BUY,XAUUSD,PERIOD_M5,2026.01.26 19:05:00,1769454300031,2026.01.26 19:05:00,BUY,REJECT,SIDE_NOT_SELL,10,0.00000000,0.00000000,UNKNOWN,5095.22,5095.30,5095.26,8.0
P2F4_CANDIDATE_S1,1769458800016_SELL,XAUUSD,PERIOD_M5,2026.01.26 20:20:00,1769458800016,2026.01.26 20:20:00,SELL,REJECT,M15_NOT_BEARISH,10,5087.80748056,5079.38140844,BULLISH,5087.01,5087.06,5087.03,5.0
P2F4_CANDIDATE_S1,1769468400015_BUY,XAUUSD,PERIOD_M5,2026.01.26 23:00:00,1769468400015,2026.01.26 23:00:00,BUY,REJECT,SIDE_NOT_SELL,10,0.00000000,0.00000000,UNKNOWN,5055.24,5055.34,5055.29,10.0
P2F4_CANDIDATE_S1,1769469300010_SELL,XAUUSD,PERIOD_M5,2026.01.26 23:15:00,1769469300010,2026.01.26 23:15:00,SELL,ELIGIBLE,S1_SELL_M15_BEARISH,10,5060.17007958,5068.08916235,BEARISH,5034.23,5034.40,5034.31,17.0
P2F4_CANDIDATE_S1,1769477100011_BUY,XAUUSD,PERIOD_M5,2026.01.27 01:25:00,1769477100011,2026.01.27 01:25:00,BUY,REJECT,SIDE_NOT_SELL,10,0.00000000,0.00000000,UNKNOWN,5045.71,5045.84,5045.77,13.0
P2F4_CANDIDATE_S1,1769482200011_SELL,XAUUSD,PERIOD_M5,2026.01.27 02:50:00,1769482200011,2026.01.27 02:50:00,SELL,ELIGIBLE,S1_SELL_M15_BEARISH,10,5046.00868767,5057.59003480,BEARISH,5023.55,5023.68,5023.61,13.0
P2F4_CANDIDATE_S1,1769483700035_BUY,XAUUSD,PERIOD_M5,2026.01.27 03:15:00,1769483700035,2026.01.27 03:15:00,BUY,REJECT,SIDE_NOT_SELL,10,0.00000000,0.00000000,UNKNOWN,5071.54,5071.77,5071.66,23.0
P2F4_CANDIDATE_S1,1769496600065_SELL,XAUUSD,PERIOD_M5,2026.01.27 06:50:00,1769496600065,2026.01.27 06:50:00,SELL,REJECT,M15_NOT_BEARISH,10,5064.38817710,5062.47639646,BULLISH,5065.35,5065.47,5065.41,12.0
P2F4_CANDIDATE_S1,1769499900099_BUY,XAUUSD,PERIOD_M5,2026.01.27 07:45:00,1769499900099,2026.01.27 07:45:00,BUY,REJECT,SIDE_NOT_SELL,10,0.00000000,0.00000000,UNKNOWN,5074.62,5074.76,5074.69,14.0
P2F4_CANDIDATE_S1,1769509800014_SELL,XAUUSD,PERIOD_M5,2026.01.27 10:30:00,1769509800014,2026.01.27 10:30:00,SELL,REJECT,M15_NOT_BEARISH,10,5078.67584084,5071.08141520,BULLISH,5077.61,5077.75,5077.68,14.0
P2F4_CANDIDATE_S1,1769513400022_BUY,XAUUSD,PERIOD_M5,2026.01.27 11:30:00,1769513400022,2026.01.27 11:30:00,BUY,REJECT,SIDE_NOT_SELL,10,0.00000000,0.00000000,UNKNOWN,5088.45,5088.61,5088.53,16.0
P2F4_CANDIDATE_S1,1769517900013_SELL,XAUUSD,PERIOD_M5,2026.01.27 12:45:00,1769517900013,2026.01.27 12:45:00,SELL,REJECT,M15_NOT_BEARISH,10,5084.48825696,5076.22049782,BULLISH,5084.61,5084.74,5084.67,13.0
P2F4_CANDIDATE_S1,1769525100004_BUY,XAUUSD,PERIOD_M5,2026.01.27 14:45:00,1769525100004,2026.01.27 14:45:00,BUY,REJECT,SIDE_NOT_SELL,10,0.00000000,0.00000000,UNKNOWN,5089.30,5089.49,5089.40,19.0
P2F4_CANDIDATE_S1,1769528100089_SELL,XAUUSD,PERIOD_M5,2026.01.27 15:35:00,1769528100089,2026.01.27 15:35:00,SELL,REJECT,M15_NOT_BEARISH,10,5084.54120180,5079.21622109,BULLISH,5076.56,5076.75,5076.66,19.0
P2F4_CANDIDATE_S1,1769535600023_BUY,XAUUSD,PERIOD_M5,2026.01.27 17:40:00,1769535600023,2026.01.27 17:40:00,BUY,REJECT,SIDE_NOT_SELL,10,0.00000000,0.00000000,UNKNOWN,5083.23,5083.42,5083.32,19.0
P2F4_CANDIDATE_S1,1769543100048_SELL,XAUUSD,PERIOD_M5,2026.01.27 19:45:00,1769543100048,2026.01.27 19:45:00,SELL,REJECT,M15_NOT_BEARISH,10,5082.82747440,5079.66879755,BULLISH,5082.01,5082.05,5082.03,4.0
P2F4_CANDIDATE_S1,1769546400044_BUY,XAUUSD,PERIOD_M5,2026.01.27 20:40:00,1769546400044,2026.01.27 20:40:00,BUY,REJECT,SIDE_NOT_SELL,10,0.00000000,0.00000000,UNKNOWN,5090.00,5090.04,5090.02,4.0
P2F4_CANDIDATE_S1,1769567100257_SELL,XAUUSD,PERIOD_M5,2026.01.28 02:25:00,1769567100257,2026.01.28 02:25:00,SELL,REJECT,M15_NOT_BEARISH,10,5146.04548333,5116.72177785,BULLISH,5163.61,5163.77,5163.69,16.0
P2F4_CANDIDATE_S1,1769568300002_BUY,XAUUSD,PERIOD_M5,2026.01.28 02:45:00,1769568300002,2026.01.28 02:45:00,BUY,REJECT,SIDE_NOT_SELL,10,0.00000000,0.00000000,UNKNOWN,5168.26,5168.42,5168.34,16.0
P2F4_CANDIDATE_S1,1769599500024_SELL,XAUUSD,PERIOD_M5,2026.01.28 11:25:00,1769599500024,2026.01.28 11:25:00,SELL,REJECT,M15_NOT_BEARISH,10,5268.86984814,5224.07651568,BULLISH,5269.60,5269.69,5269.65,9.0
P2F4_CANDIDATE_S1,1769611500008_BUY,XAUUSD,PERIOD_M5,2026.01.28 14:45:00,1769611500008,2026.01.28 14:45:00,BUY,REJECT,SIDE_NOT_SELL,10,0.00000000,0.00000000,UNKNOWN,5269.56,5269.76,5269.66,20.0
P2F4_CANDIDATE_S1,1769615400003_SELL,XAUUSD,PERIOD_M5,2026.01.28 15:50:00,1769615400003,2026.01.28 15:50:00,SELL,REJECT,M15_NOT_BEARISH,10,5269.46083897,5247.49599415,BULLISH,5266.23,5266.32,5266.27,9.0
P2F4_CANDIDATE_S1,1769618700022_BUY,XAUUSD,PERIOD_M5,2026.01.28 16:45:00,1769618700022,2026.01.28 16:45:00,BUY,REJECT,SIDE_NOT_SELL,10,0.00000000,0.00000000,UNKNOWN,5279.21,5279.37,5279.29,16.0
P2F4_CANDIDATE_S1,1769620500019_SELL,XAUUSD,PERIOD_M5,2026.01.28 17:15:00,1769620500019,2026.01.28 17:15:00,SELL,REJECT,M15_NOT_BEARISH,10,5269.13958981,5251.99614949,BULLISH,5256.82,5256.96,5256.89,14.0
P2F4_CANDIDATE_S1,1769622000027_BUY,XAUUSD,PERIOD_M5,2026.01.28 17:40:00,1769622000027,2026.01.28 17:40:00,BUY,REJECT,SIDE_NOT_SELL,10,0.00000000,0.00000000,UNKNOWN,5274.41,5274.57,5274.49,16.0
P2F4_CANDIDATE_S1,1769633100011_SELL,XAUUSD,PERIOD_M5,2026.01.28 20:45:00,1769633100011,2026.01.28 20:45:00,SELL,REJECT,M15_NOT_BEARISH,10,5285.56480957,5268.25717936,BULLISH,5273.65,5273.85,5273.75,20.0
P2F4_CANDIDATE_S1,1769636400037_BUY,XAUUSD,PERIOD_M5,2026.01.28 21:40:00,1769636400037,2026.01.28 21:40:00,BUY,REJECT,SIDE_NOT_SELL,10,0.00000000,0.00000000,UNKNOWN,5301.00,5301.20,5301.10,20.0
P2F4_CANDIDATE_S1,1769678700014_SELL,XAUUSD,PERIOD_M5,2026.01.29 09:25:00,1769678700014,2026.01.29 09:25:00,SELL,REJECT,M15_NOT_BEARISH,10,5546.52701589,5479.22838352,BULLISH,5555.27,5555.46,5555.36,19.0
P2F4_CANDIDATE_S1,1769694300052_BUY,XAUUSD,PERIOD_M5,2026.01.29 13:45:00,1769694300052,2026.01.29 13:45:00,BUY,REJECT,SIDE_NOT_SELL,10,0.00000000,0.00000000,UNKNOWN,5514.47,5514.65,5514.56,18.0
P2F4_CANDIDATE_S1,1769700600018_SELL,XAUUSD,PERIOD_M5,2026.01.29 15:30:00,1769700600018,2026.01.29 15:30:00,SELL,REJECT,M15_NOT_BEARISH,10,5523.15806793,5505.37664123,BULLISH,5519.28,5520.49,5519.89,121.0
P2F4_CANDIDATE_S1,1769703300021_BUY,XAUUSD,PERIOD_M5,2026.01.29 16:15:00,1769703300021,2026.01.29 16:15:00,BUY,REJECT,SIDE_NOT_SELL,10,0.00000000,0.00000000,UNKNOWN,5528.96,5529.13,5529.05,17.0
P2F4_CANDIDATE_S1,1769705400038_SELL,XAUUSD,PERIOD_M5,2026.01.29 16:50:00,1769705400038,2026.01.29 16:50:00,SELL,REJECT,M15_NOT_BEARISH,10,5524.18068179,5509.03856051,BULLISH,5516.32,5516.36,5516.34,4.0
P2F4_CANDIDATE_S1,1769714700001_BUY,XAUUSD,PERIOD_M5,2026.01.29 19:25:00,1769714700001,2026.01.29 19:25:00,BUY,REJECT,SIDE_NOT_SELL,10,0.00000000,0.00000000,UNKNOWN,5331.29,5331.49,5331.39,20.0
P2F4_CANDIDATE_S1,1769721300024_SELL,XAUUSD,PERIOD_M5,2026.01.29 21:15:00,1769721300024,2026.01.29 21:15:00,SELL,ELIGIBLE,S1_SELL_M15_BEARISH,10,5350.50486002,5406.92623574,BEARISH,5306.71,5306.91,5306.81,20.0
P2F4_CANDIDATE_S1,1769726400009_BUY,XAUUSD,PERIOD_M5,2026.01.29 22:40:00,1769726400009,2026.01.29 22:40:00,BUY,REJECT,SIDE_NOT_SELL,10,0.00000000,0.00000000,UNKNOWN,5347.48,5347.75,5347.61,27.0
P2F4_CANDIDATE_S1,1769742000015_SELL,XAUUSD,PERIOD_M5,2026.01.30 03:00:00,1769742000015,2026.01.30 03:00:00,SELL,ELIGIBLE,S1_SELL_M15_BEARISH,10,5394.83921971,5398.89632822,BEARISH,5407.18,5407.31,5407.25,13.0
P2F4_CANDIDATE_S1,1769757300022_BUY,XAUUSD,PERIOD_M5,2026.01.30 07:15:00,1769757300022,2026.01.30 07:15:00,BUY,REJECT,SIDE_NOT_SELL,10,0.00000000,0.00000000,UNKNOWN,5224.86,5225.06,5224.96,20.0
P2F4_CANDIDATE_S1,1769760000047_SELL,XAUUSD,PERIOD_M5,2026.01.30 08:00:00,1769760000047,2026.01.30 08:00:00,SELL,ELIGIBLE,S1_SELL_M15_BEARISH,10,5241.03239989,5302.23433094,BEARISH,5184.98,5185.14,5185.06,16.0
P2F4_CANDIDATE_S1,1769777400069_BUY,XAUUSD,PERIOD_M5,2026.01.30 12:50:00,1769777400069,2026.01.30 12:50:00,BUY,REJECT,SIDE_NOT_SELL,10,0.00000000,0.00000000,UNKNOWN,5084.97,5085.06,5085.02,9.0
P2F4_CANDIDATE_S1,1769784600035_SELL,XAUUSD,PERIOD_M5,2026.01.30 14:50:00,1769784600035,2026.01.30 14:50:00,SELL,ELIGIBLE,S1_SELL_M15_BEARISH,10,5115.40358000,5174.25242815,BEARISH,5066.15,5066.35,5066.25,20.0
P2F4_CANDIDATE_S1,1769790900017_BUY,XAUUSD,PERIOD_M5,2026.01.30 16:35:00,1769790900017,2026.01.30 16:35:00,BUY,REJECT,SIDE_NOT_SELL,10,0.00000000,0.00000000,UNKNOWN,5108.11,5108.27,5108.19,16.0
P2F4_CANDIDATE_S1,1769792400039_SELL,XAUUSD,PERIOD_M5,2026.01.30 17:00:00,1769792400039,2026.01.30 17:00:00,SELL,ELIGIBLE,S1_SELL_M15_BEARISH,10,5077.59759970,5137.17045667,BEARISH,5033.17,5033.37,5033.27,20.0
P2F4_CANDIDATE_S1,1769807700016_BUY,XAUUSD,PERIOD_M5,2026.01.30 21:15:00,1769807700016,2026.01.30 21:15:00,BUY,REJECT,SIDE_NOT_SELL,10,0.00000000,0.00000000,UNKNOWN,4889.76,4889.92,4889.84,16.0
P2F4_CANDIDATE_S1,1769813100051_SELL,XAUUSD,PERIOD_M5,2026.01.30 22:45:00,1769813100051,2026.01.30 22:45:00,SELL,ELIGIBLE,S1_SELL_M15_BEARISH,10,4914.12496275,5000.69117891,BEARISH,4861.74,4862.01,4861.88,27.0
P2F4_CANDIDATE_S1,1769994033180_BUY,XAUUSD,PERIOD_M5,2026.02.02 01:00:33,1769994033180,2026.02.02 01:00:00,BUY,REJECT,SIDE_NOT_SELL,10,0.00000000,0.00000000,UNKNOWN,4773.75,4774.35,4774.05,60.0
P2F4_CANDIDATE_S1,1769994300011_SELL,XAUUSD,PERIOD_M5,2026.02.02 01:05:00,1769994300011,2026.02.02 01:05:00,SELL,ELIGIBLE,S1_SELL_M15_BEARISH,10,4895.08556282,4975.97804529,BEARISH,4828.32,4829.86,4829.09,154.0
P2F4_CANDIDATE_S1,1769998800016_BUY,XAUUSD,PERIOD_M5,2026.02.02 02:20:00,1769998800016,2026.02.02 02:20:00,BUY,REJECT,SIDE_NOT_SELL,10,0.00000000,0.00000000,UNKNOWN,4865.70,4865.98,4865.84,28.0
P2F4_CANDIDATE_S1,1770000900026_SELL,XAUUSD,PERIOD_M5,2026.02.02 02:55:00,1770000900026,2026.02.02 02:55:00,SELL,ELIGIBLE,S1_SELL_M15_BEARISH,10,4842.09974830,4929.51510044,BEARISH,4791.37,4791.66,4791.51,29.0
P2F4_CANDIDATE_S1,1770007500030_BUY,XAUUSD,PERIOD_M5,2026.02.02 04:45:00,1770007500030,2026.02.02 04:45:00,BUY,REJECT,SIDE_NOT_SELL,10,0.00000000,0.00000000,UNKNOWN,4764.56,4764.79,4764.68,23.0
P2F4_CANDIDATE_S1,1770008100047_SELL,XAUUSD,PERIOD_M5,2026.02.02 04:55:00,1770008100047,2026.02.02 04:55:00,SELL,ELIGIBLE,S1_SELL_M15_BEARISH,10,4779.33232196,4873.70938420,BEARISH,4727.83,4727.98,4727.90,15.0
P2F4_CANDIDATE_S1,1770025500027_BUY,XAUUSD,PERIOD_M5,2026.02.02 09:45:00,1770025500027,2026.02.02 09:45:00,BUY,REJECT,SIDE_NOT_SELL,10,0.00000000,0.00000000,UNKNOWN,4583.04,4583.20,4583.12,16.0
P2F4_CANDIDATE_S1,1770046200051_SELL,XAUUSD,PERIOD_M5,2026.02.02 15:30:00,1770046200051,2026.02.02 15:30:00,SELL,REJECT,M15_NOT_BEARISH,10,4729.30766580,4723.73463613,BULLISH,4739.39,4739.59,4739.49,20.0
P2F4_CANDIDATE_S1,1770050400000_BUY,XAUUSD,PERIOD_M5,2026.02.02 16:40:00,1770050400000,2026.02.02 16:40:00,BUY,REJECT,SIDE_NOT_SELL,10,0.00000000,0.00000000,UNKNOWN,4779.40,4779.56,4779.48,16.0
P2F4_CANDIDATE_S1,1770051300024_SELL,XAUUSD,PERIOD_M5,2026.02.02 16:55:00,1770051300024,2026.02.02 16:55:00,SELL,REJECT,M15_NOT_BEARISH,10,4726.34769482,4723.05308885,BULLISH,4718.97,4719.07,4719.02,10.0
P2F4_CANDIDATE_S1,1770059700052_BUY,XAUUSD,PERIOD_M5,2026.02.02 19:15:00,1770059700052,2026.02.02 19:15:00,BUY,REJECT,SIDE_NOT_SELL,10,0.00000000,0.00000000,UNKNOWN,4707.77,4707.93,4707.85,16.0
P2F4_CANDIDATE_S1,1770060000091_SELL,XAUUSD,PERIOD_M5,2026.02.02 19:20:00,1770060000091,2026.02.02 19:20:00,SELL,ELIGIBLE,S1_SELL_M15_BEARISH,10,4697.41650821,4709.28439868,BEARISH,4678.05,4678.15,4678.10,10.0
P2F4_CANDIDATE_S1,1770068700029_BUY,XAUUSD,PERIOD_M5,2026.02.02 21:45:00,1770068700029,2026.02.02 21:45:00,BUY,REJECT,SIDE_NOT_SELL,10,0.00000000,0.00000000,UNKNOWN,4694.68,4694.75,4694.72,7.0
P2F4_CANDIDATE_S1,1770073200031_SELL,XAUUSD,PERIOD_M5,2026.02.02 23:00:00,1770073200031,2026.02.02 23:00:00,SELL,ELIGIBLE,S1_SELL_M15_BEARISH,10,4673.71314517,4689.50331438,BEARISH,4652.67,4652.82,4652.74,15.0
P2F4_CANDIDATE_S1,1770074700004_BUY,XAUUSD,PERIOD_M5,2026.02.02 23:25:00,1770074700004,2026.02.02 23:25:00,BUY,REJECT,SIDE_NOT_SELL,10,0.00000000,0.00000000,UNKNOWN,4673.46,4673.73,4673.59,27.0
P2F4_CANDIDATE_S1,1770076500040_SELL,XAUUSD,PERIOD_M5,2026.02.02 23:55:00,1770076500040,2026.02.02 23:55:00,SELL,ELIGIBLE,S1_SELL_M15_BEARISH,10,4674.02781586,4687.86883004,BEARISH,4664.72,4665.16,4664.94,44.0
P2F4_CANDIDATE_S1,1770080700008_BUY,XAUUSD,PERIOD_M5,2026.02.03 01:05:00,1770080700008,2026.02.03 01:05:00,BUY,REJECT,SIDE_NOT_SELL,10,0.00000000,0.00000000,UNKNOWN,4701.23,4701.50,4701.36,27.0
P2F4_CANDIDATE_S1,1770092700023_SELL,XAUUSD,PERIOD_M5,2026.02.03 04:25:00,1770092700023,2026.02.03 04:25:00,SELL,REJECT,M15_NOT_BEARISH,10,4770.94536258,4733.00244474,BULLISH,4791.60,4791.83,4791.72,23.0
P2F4_CANDIDATE_S1,1770097800061_BUY,XAUUSD,PERIOD_M5,2026.02.03 05:50:00,1770097800061,2026.02.03 05:50:00,BUY,REJECT,SIDE_NOT_SELL,10,0.00000000,0.00000000,UNKNOWN,4795.50,4795.62,4795.56,12.0
P2F4_CANDIDATE_S1,1770118200036_SELL,XAUUSD,PERIOD_M5,2026.02.03 11:30:00,1770118200036,2026.02.03 11:30:00,SELL,REJECT,M15_NOT_BEARISH,10,4882.10798148,4825.49100642,BULLISH,4891.35,4891.43,4891.39,8.0
P2F4_CANDIDATE_S1,1770119400041_BUY,XAUUSD,PERIOD_M5,2026.02.03 11:50:00,1770119400041,2026.02.03 11:50:00,BUY,REJECT,SIDE_NOT_SELL,10,0.00000000,0.00000000,UNKNOWN,4923.33,4923.47,4923.40,14.0
P2F4_CANDIDATE_S1,1770123600032_SELL,XAUUSD,PERIOD_M5,2026.02.03 13:00:00,1770123600032,2026.02.03 13:00:00,SELL,REJECT,M15_NOT_BEARISH,10,4897.14286875,4844.78407016,BULLISH,4902.34,4902.48,4902.41,14.0
P2F4_CANDIDATE_S1,1770127500057_BUY,XAUUSD,PERIOD_M5,2026.02.03 14:05:00,1770127500057,2026.02.03 14:05:00,BUY,REJECT,SIDE_NOT_SELL,10,0.00000000,0.00000000,UNKNOWN,4932.18,4932.30,4932.24,12.0
P2F4_CANDIDATE_S1,1770129000046_SELL,XAUUSD,PERIOD_M5,2026.02.03 14:30:00,1770129000046,2026.02.03 14:30:00,SELL,REJECT,M15_NOT_BEARISH,10,4903.28630073,4858.80824412,BULLISH,4902.65,4902.71,4902.68,6.0
P2F4_CANDIDATE_S1,1770129300028_BUY,XAUUSD,PERIOD_M5,2026.02.03 14:35:00,1770129300028,2026.02.03 14:35:00,BUY,REJECT,SIDE_NOT_SELL,10,0.00000000,0.00000000,UNKNOWN,4916.99,4917.15,4917.07,16.0
P2F4_CANDIDATE_S1,1770130500010_SELL,XAUUSD,PERIOD_M5,2026.02.03 14:55:00,1770130500010,2026.02.03 14:55:00,SELL,REJECT,M15_NOT_BEARISH,10,4904.13808161,4860.90321494,BULLISH,4909.41,4909.45,4909.43,4.0
P2F4_CANDIDATE_S1,1770131100050_BUY,XAUUSD,PERIOD_M5,2026.02.03 15:05:00,1770131100050,2026.02.03 15:05:00,BUY,REJECT,SIDE_NOT_SELL,10,0.00000000,0.00000000,UNKNOWN,4921.21,4921.38,4921.30,17.0
P2F4_CANDIDATE_S1,1770135900000_SELL,XAUUSD,PERIOD_M5,2026.02.03 16:25:00,1770135900000,2026.02.03 16:25:00,SELL,REJECT,M15_NOT_BEARISH,10,4915.68042429,4875.52708079,BULLISH,4910.43,4910.51,4910.47,8.0
P2F4_CANDIDATE_S1,1770138600013_BUY,XAUUSD,PERIOD_M5,2026.02.03 17:10:00,1770138600013,2026.02.03 17:10:00,BUY,REJECT,SIDE_NOT_SELL,10,0.00000000,0.00000000,UNKNOWN,4937.18,4937.34,4937.26,16.0
P2F4_CANDIDATE_S1,1770140100011_SELL,XAUUSD,PERIOD_M5,2026.02.03 17:35:00,1770140100011,2026.02.03 17:35:00,SELL,REJECT,M15_NOT_BEARISH,10,4919.26682276,4884.41718364,BULLISH,4914.92,4915.11,4915.01,19.0
P2F4_CANDIDATE_S1,1770141300016_BUY,XAUUSD,PERIOD_M5,2026.02.03 17:55:00,1770141300016,2026.02.03 17:55:00,BUY,REJECT,SIDE_NOT_SELL,10,0.00000000,0.00000000,UNKNOWN,4933.79,4933.83,4933.81,4.0
P2F4_CANDIDATE_S1,1770147900040_SELL,XAUUSD,PERIOD_M5,2026.02.03 19:45:00,1770147900040,2026.02.03 19:45:00,SELL,REJECT,M15_NOT_BEARISH,10,4935.84504465,4903.48930532,BULLISH,4921.97,4922.03,4922.00,6.0
P2F4_CANDIDATE_S1,1770154800007_BUY,XAUUSD,PERIOD_M5,2026.02.03 21:40:00,1770154800007,2026.02.03 21:40:00,BUY,REJECT,SIDE_NOT_SELL,10,0.00000000,0.00000000,UNKNOWN,4939.10,4939.14,4939.12,4.0
P2F4_CANDIDATE_S1,1770156600002_SELL,XAUUSD,PERIOD_M5,2026.02.03 22:10:00,1770156600002,2026.02.03 22:10:00,SELL,REJECT,M15_NOT_BEARISH,10,4928.79121943,4909.54828040,BULLISH,4918.26,4918.41,4918.34,15.0
P2F4_CANDIDATE_S1,1770157200033_BUY,XAUUSD,PERIOD_M5,2026.02.03 22:20:00,1770157200033,2026.02.03 22:20:00,BUY,REJECT,SIDE_NOT_SELL,10,0.00000000,0.00000000,UNKNOWN,4931.06,4931.26,4931.16,20.0
P2F4_CANDIDATE_S1,1770167700068_SELL,XAUUSD,PERIOD_M5,2026.02.04 01:15:00,1770167700068,2026.02.04 01:15:00,SELL,REJECT,M15_NOT_BEARISH,10,4937.25988572,4919.64027816,BULLISH,4932.82,4933.00,4932.91,18.0
P2F4_CANDIDATE_S1,1770170100049_BUY,XAUUSD,PERIOD_M5,2026.02.04 01:55:00,1770170100049,2026.02.04 01:55:00,BUY,REJECT,SIDE_NOT_SELL,10,0.00000000,0.00000000,UNKNOWN,4943.84,4944.11,4943.98,27.0
P2F4_CANDIDATE_S1,1770192900020_SELL,XAUUSD,PERIOD_M5,2026.02.04 08:15:00,1770192900020,2026.02.04 08:15:00,SELL,REJECT,M15_NOT_BEARISH,10,5054.31641237,5007.44227958,BULLISH,5059.48,5059.57,5059.52,9.0
P2F4_CANDIDATE_S1,1770197100030_BUY,XAUUSD,PERIOD_M5,2026.02.04 09:25:00,1770197100030,2026.02.04 09:25:00,BUY,REJECT,SIDE_NOT_SELL,10,0.00000000,0.00000000,UNKNOWN,5081.44,5081.61,5081.52,17.0
P2F4_CANDIDATE_S1,1770203700082_SELL,XAUUSD,PERIOD_M5,2026.02.04 11:15:00,1770203700082,2026.02.04 11:15:00,SELL,REJECT,M15_NOT_BEARISH,10,5070.43981225,5033.86682062,BULLISH,5069.28,5069.47,5069.38,19.0
P2F4_CANDIDATE_S1,1770215700033_BUY,XAUUSD,PERIOD_M5,2026.02.04 14:35:00,1770215700033,2026.02.04 14:35:00,BUY,REJECT,SIDE_NOT_SELL,10,0.00000000,0.00000000,UNKNOWN,5062.64,5062.81,5062.73,17.0
P2F4_CANDIDATE_S1,1770217500009_SELL,XAUUSD,PERIOD_M5,2026.02.04 15:05:00,1770217500009,2026.02.04 15:05:00,SELL,REJECT,M15_NOT_BEARISH,10,5051.65439233,5039.82041628,BULLISH,5039.85,5039.94,5039.90,9.0
P2F4_CANDIDATE_S1,1770219300045_BUY,XAUUSD,PERIOD_M5,2026.02.04 15:35:00,1770219300045,2026.02.04 15:35:00,BUY,REJECT,SIDE_NOT_SELL,10,0.00000000,0.00000000,UNKNOWN,5057.26,5057.42,5057.34,16.0
P2F4_CANDIDATE_S1,1770219900030_SELL,XAUUSD,PERIOD_M5,2026.02.04 15:45:00,1770219900030,2026.02.04 15:45:00,SELL,REJECT,M15_NOT_BEARISH,10,5048.21043267,5039.63996574,BULLISH,5036.96,5037.07,5037.01,11.0
P2F4_CANDIDATE_S1,1770220200029_BUY,XAUUSD,PERIOD_M5,2026.02.04 15:50:00,1770220200029,2026.02.04 15:50:00,BUY,REJECT,SIDE_NOT_SELL,10,0.00000000,0.00000000,UNKNOWN,5050.59,5050.71,5050.65,12.0
P2F4_CANDIDATE_S1,1770222300035_SELL,XAUUSD,PERIOD_M5,2026.02.04 16:25:00,1770222300035,2026.02.04 16:25:00,SELL,REJECT,M15_NOT_BEARISH,10,5048.67516144,5040.50301336,BULLISH,5036.41,5036.51,5036.46,10.0
P2F4_CANDIDATE_S1,1770238200022_BUY,XAUUSD,PERIOD_M5,2026.02.04 20:50:00,1770238200022,2026.02.04 20:50:00,BUY,REJECT,SIDE_NOT_SELL,10,0.00000000,0.00000000,UNKNOWN,4917.77,4917.93,4917.85,16.0
P2F4_CANDIDATE_S1,1770261300025_SELL,XAUUSD,PERIOD_M5,2026.02.05 03:15:00,1770261300025,2026.02.05 03:15:00,SELL,REJECT,M15_NOT_BEARISH,10,4981.63577791,4980.35082528,BULLISH,4967.86,4967.90,4967.88,4.0
P2F4_CANDIDATE_S1,1770278100012_BUY,XAUUSD,PERIOD_M5,2026.02.05 07:55:00,1770278100012,2026.02.05 07:55:00,BUY,REJECT,SIDE_NOT_SELL,10,0.00000000,0.00000000,UNKNOWN,4905.37,4905.50,4905.43,13.0
P2F4_CANDIDATE_S1,1770288900046_SELL,XAUUSD,PERIOD_M5,2026.02.05 10:55:00,1770288900046,2026.02.05 10:55:00,SELL,ELIGIBLE,S1_SELL_M15_BEARISH,10,4914.58470126,4927.79081238,BEARISH,4904.71,4904.75,4904.73,4.0
P2F4_CANDIDATE_S1,1770297300030_BUY,XAUUSD,PERIOD_M5,2026.02.05 13:15:00,1770297300030,2026.02.05 13:15:00,BUY,REJECT,SIDE_NOT_SELL,10,0.00000000,0.00000000,UNKNOWN,4887.29,4887.37,4887.33,8.0
P2F4_CANDIDATE_S1,1770299400010_SELL,XAUUSD,PERIOD_M5,2026.02.05 13:50:00,1770299400010,2026.02.05 13:50:00,SELL,ELIGIBLE,S1_SELL_M15_BEARISH,10,4888.88968963,4908.73240924,BEARISH,4871.72,4871.76,4871.74,4.0
P2F4_CANDIDATE_S1,1770310200037_BUY,XAUUSD,PERIOD_M5,2026.02.05 16:50:00,1770310200037,2026.02.05 16:50:00,BUY,REJECT,SIDE_NOT_SELL,10,0.00000000,0.00000000,UNKNOWN,4850.29,4850.34,4850.32,5.0
P2F4_CANDIDATE_S1,1770311700035_SELL,XAUUSD,PERIOD_M5,2026.02.05 17:15:00,1770311700035,2026.02.05 17:15:00,SELL,ELIGIBLE,S1_SELL_M15_BEARISH,10,4851.71192593,4879.49625247,BEARISH,4828.45,4828.65,4828.55,20.0
P2F4_CANDIDATE_S1,1770312000051_BUY,XAUUSD,PERIOD_M5,2026.02.05 17:20:00,1770312000051,2026.02.05 17:20:00,BUY,REJECT,SIDE_NOT_SELL,10,0.00000000,0.00000000,UNKNOWN,4844.29,4844.33,4844.31,4.0
P2F4_CANDIDATE_S1,1770312300005_SELL,XAUUSD,PERIOD_M5,2026.02.05 17:25:00,1770312300005,2026.02.05 17:25:00,SELL,ELIGIBLE,S1_SELL_M15_BEARISH,10,4851.71192593,4879.49625247,BEARISH,4831.24,4831.44,4831.34,20.0
P2F4_CANDIDATE_S1,1770316200026_BUY,XAUUSD,PERIOD_M5,2026.02.05 18:30:00,1770316200026,2026.02.05 18:30:00,BUY,REJECT,SIDE_NOT_SELL,10,0.00000000,0.00000000,UNKNOWN,4849.87,4849.95,4849.91,8.0
P2F4_CANDIDATE_S1,1770324900011_SELL,XAUUSD,PERIOD_M5,2026.02.05 20:55:00,1770324900011,2026.02.05 20:55:00,SELL,ELIGIBLE,S1_SELL_M15_BEARISH,10,4859.13699590,4870.27863533,BEARISH,4858.84,4858.88,4858.86,4.0
P2F4_CANDIDATE_S1,1770346800017_BUY,XAUUSD,PERIOD_M5,2026.02.06 03:00:00,1770346800017,2026.02.06 03:00:00,BUY,REJECT,SIDE_NOT_SELL,10,0.00000000,0.00000000,UNKNOWN,4763.08,4763.12,4763.10,4.0
P2F4_CANDIDATE_S1,1770348000038_SELL,XAUUSD,PERIOD_M5,2026.02.06 03:20:00,1770348000038,2026.02.06 03:20:00,SELL,ELIGIBLE,S1_SELL_M15_BEARISH,10,4773.27521218,4815.11940949,BEARISH,4718.03,4718.07,4718.05,4.0
P2F4_CANDIDATE_S1,1770349800004_BUY,XAUUSD,PERIOD_M5,2026.02.06 03:50:00,1770349800004,2026.02.06 03:50:00,BUY,REJECT,SIDE_NOT_SELL,10,0.00000000,0.00000000,UNKNOWN,4751.79,4751.83,4751.81,4.0
P2F4_CANDIDATE_S1,1770368700020_SELL,XAUUSD,PERIOD_M5,2026.02.06 09:05:00,1770368700020,2026.02.06 09:05:00,SELL,REJECT,M15_NOT_BEARISH,10,4832.06770542,4823.26844407,BULLISH,4840.08,4840.12,4840.10,4.0
P2F4_CANDIDATE_S1,1770370200023_BUY,XAUUSD,PERIOD_M5,2026.02.06 09:30:00,1770370200023,2026.02.06 09:30:00,BUY,REJECT,SIDE_NOT_SELL,10,0.00000000,0.00000000,UNKNOWN,4858.72,4858.82,4858.77,10.0
P2F4_CANDIDATE_S1,1770372000020_SELL,XAUUSD,PERIOD_M5,2026.02.06 10:00:00,1770372000020,2026.02.06 10:00:00,SELL,REJECT,M15_NOT_BEARISH,10,4838.38370925,4827.43478078,BULLISH,4841.13,4841.27,4841.20,14.0
P2F4_CANDIDATE_S1,1770373500024_BUY,XAUUSD,PERIOD_M5,2026.02.06 10:25:00,1770373500024,2026.02.06 10:25:00,BUY,REJECT,SIDE_NOT_SELL,10,0.00000000,0.00000000,UNKNOWN,4866.71,4866.79,4866.75,8.0
P2F4_CANDIDATE_S1,1770376500018_SELL,XAUUSD,PERIOD_M5,2026.02.06 11:15:00,1770376500018,2026.02.06 11:15:00,SELL,REJECT,M15_NOT_BEARISH,10,4845.19310595,4832.62635779,BULLISH,4840.19,4840.24,4840.22,5.0
P2F4_CANDIDATE_S1,1770377400096_BUY,XAUUSD,PERIOD_M5,2026.02.06 11:30:00,1770377400096,2026.02.06 11:30:00,BUY,REJECT,SIDE_NOT_SELL,10,0.00000000,0.00000000,UNKNOWN,4863.39,4863.55,4863.47,16.0
P2F4_CANDIDATE_S1,1770414000125_SELL,XAUUSD,PERIOD_M5,2026.02.06 21:40:00,1770414000125,2026.02.06 21:40:00,SELL,REJECT,M15_NOT_BEARISH,10,4947.21942722,4915.01258518,BULLISH,4952.22,4952.29,4952.26,7.0
P2F4_CANDIDATE_S1,1770421200081_BUY,XAUUSD,PERIOD_M5,2026.02.06 23:40:00,1770421200081,2026.02.06 23:40:00,BUY,REJECT,SIDE_NOT_SELL,10,0.00000000,0.00000000,UNKNOWN,4962.25,4962.69,4962.47,44.0
