research_join_key,signal_time,signal_time_msc,arm,max_layers,layer_index,entry_time_msc,entry_bid,protection_activated,protection_time_msc,exit_mode,exit_time_msc,exit_ask,observed_r,nominal_net_r_1bps,stress_net_r_2bps
1780916100039_SELL,2026.06.08 10:55:00,1780916100039,CONTROL_L1,1,1,1780916100039,4296.52,NO,0,TIME_EXIT,1780916700360,4293.48,0.35173554,0.30202374,0.25231193
1780916100039_SELL,2026.06.08 10:55:00,1780916100039,PYRAMID_L3,3,1,1780916100039,4296.52,YES,1780916500155,PROTECTED_STOP,1780916629874,4296.54,-0.00231405,-0.05202585,-0.10173765
1780916100039_SELL,2026.06.08 10:55:00,1780916100039,PYRAMID_L3,3,2,1780916500155,4291.13,NO,0,TIME_EXIT,1780916700360,4293.48,-0.27190083,-0.32155026,-0.37119970
1780916100039_SELL,2026.06.08 10:55:00,1780916100039,PYRAMID_L5,5,1,1780916100039,4296.52,YES,1780916340083,PROTECTED_STOP,1780916340810,4296.74,-0.02545455,-0.07516635,-0.12487815
1780916100039_SELL,2026.06.08 10:55:00,1780916100039,PYRAMID_L5,5,2,1780916340083,4296.24,NO,0,TIME_EXIT,1780916700360,4293.48,0.31933884,0.26963028,0.21992172
1780916100039_SELL,2026.06.08 10:55:00,1780916100039,PYRAMID_L7,7,1,1780916100039,4296.52,YES,1780916357305,PROTECTED_STOP,1780916402489,4296.52,0.00000000,-0.04971180,-0.09942360
1780916100039_SELL,2026.06.08 10:55:00,1780916100039,PYRAMID_L7,7,2,1780916357305,4295.66,NO,0,TIME_EXIT,1780916700360,4293.48,0.25223140,0.20252955,0.15282770
1780916100039_SELL,2026.06.08 10:55:00,1780916100039,PYRAMID_L10,10,1,1780916100039,4296.52,YES,1780916340083,PROTECTED_STOP,1780916340810,4296.74,-0.02545455,-0.07516635,-0.12487815
1780916100039_SELL,2026.06.08 10:55:00,1780916100039,PYRAMID_L10,10,2,1780916340083,4296.24,NO,0,TIME_EXIT,1780916700360,4293.48,0.31933884,0.26963028,0.21992172
1781043300041_SELL,2026.06.09 22:15:00,1781043300041,CONTROL_L1,1,1,1781043300041,4258.76,NO,0,TIME_EXIT,1781043900117,4255.86,0.42923219,0.36619782,0.30316344
1781043300041_SELL,2026.06.09 22:15:00,1781043300041,PYRAMID_L3,3,1,1781043300041,4258.76,YES,1781043500189,TIME_EXIT,1781043900117,4255.86,0.42923219,0.36619782,0.30316344
1781043300041_SELL,2026.06.09 22:15:00,1781043300041,PYRAMID_L3,3,2,1781043500189,4256.55,YES,1781043700192,TIME_EXIT,1781043900117,4255.86,0.10212766,0.03912599,-0.02387567
1781043300041_SELL,2026.06.09 22:15:00,1781043300041,PYRAMID_L3,3,3,1781043700192,4256.06,NO,0,TIME_EXIT,1781043900117,4255.86,0.02960222,-0.03339219,-0.09638660
1781043300041_SELL,2026.06.09 22:15:00,1781043300041,PYRAMID_L5,5,1,1781043300041,4258.76,YES,1781043420047,TIME_EXIT,1781043900117,4255.86,0.42923219,0.36619782,0.30316344
1781043300041_SELL,2026.06.09 22:15:00,1781043300041,PYRAMID_L5,5,2,1781043420047,4256.53,YES,1781043540127,PROTECTED_STOP,1781043698267,4256.59,-0.00888067,-0.07188204,-0.13488340
1781043300041_SELL,2026.06.09 22:15:00,1781043300041,PYRAMID_L5,5,3,1781043540127,4255.11,YES,1781043660043,PROTECTED_STOP,1781043660114,4255.13,-0.00296022,-0.06594057,-0.12892093
1781043300041_SELL,2026.06.09 22:15:00,1781043300041,PYRAMID_L5,5,4,1781043660043,4254.86,NO,0,TIME_EXIT,1781043900117,4255.86,-0.14801110,-0.21098775,-0.27396440
1781043300041_SELL,2026.06.09 22:15:00,1781043300041,PYRAMID_L7,7,1,1781043300041,4258.76,YES,1781043385764,TIME_EXIT,1781043900117,4255.86,0.42923219,0.36619782,0.30316344
1781043300041_SELL,2026.06.09 22:15:00,1781043300041,PYRAMID_L7,7,2,1781043385764,4256.51,YES,1781043557187,PROTECTED_STOP,1781043698267,4256.59,-0.01184089,-0.07484196,-0.13784303
1781043300041_SELL,2026.06.09 22:15:00,1781043300041,PYRAMID_L7,7,3,1781043557187,4255.37,NO,0,TIME_EXIT,1781043900117,4255.86,-0.07252544,-0.13550964,-0.19849384
1781043300041_SELL,2026.06.09 22:15:00,1781043300041,PYRAMID_L10,10,1,1781043300041,4258.76,YES,1781043360115,TIME_EXIT,1781043900117,4255.86,0.42923219,0.36619782,0.30316344
1781043300041_SELL,2026.06.09 22:15:00,1781043300041,PYRAMID_L10,10,2,1781043360115,4256.64,YES,1781043540127,PROTECTED_STOP,1781043698369,4256.66,-0.00296022,-0.06596322,-0.12896622
1781043300041_SELL,2026.06.09 22:15:00,1781043300041,PYRAMID_L10,10,3,1781043540127,4255.11,YES,1781043660043,PROTECTED_STOP,1781043660114,4255.13,-0.00296022,-0.06594057,-0.12892093
1781043300041_SELL,2026.06.09 22:15:00,1781043300041,PYRAMID_L10,10,4,1781043660043,4254.86,NO,0,TIME_EXIT,1781043900117,4255.86,-0.14801110,-0.21098775,-0.27396440
1781087700145_SELL,2026.06.10 10:35:00,1781087700145,CONTROL_L1,1,1,1781087700145,4194.70,NO,0,TIME_EXIT,1781088300266,4189.78,0.69751899,0.63804982,0.57858066
1781087700145_SELL,2026.06.10 10:35:00,1781087700145,PYRAMID_L3,3,1,1781087700145,4194.70,YES,1781087900338,TIME_EXIT,1781088300266,4189.78,0.69751899,0.63804982,0.57858066
1781087700145_SELL,2026.06.10 10:35:00,1781087700145,PYRAMID_L3,3,2,1781087900338,4193.40,YES,1781088100322,PROTECTED_STOP,1781088124571,4193.61,-0.02977215,-0.08922289,-0.14867362
1781087700145_SELL,2026.06.10 10:35:00,1781087700145,PYRAMID_L3,3,3,1781088100322,4192.88,NO,0,TIME_EXIT,1781088300266,4189.78,0.43949367,0.38005031,0.32060695
1781087700145_SELL,2026.06.10 10:35:00,1781087700145,PYRAMID_L5,5,1,1781087700145,4194.70,YES,1781087820173,PROTECTED_STOP,1781087832055,4194.77,-0.00992405,-0.06939322,-0.12886238
1781087700145_SELL,2026.06.10 10:35:00,1781087700145,PYRAMID_L5,5,2,1781087820173,4193.91,NO,0,TIME_EXIT,1781088300266,4189.78,0.58551899,0.52606102,0.46660306
1781087700145_SELL,2026.06.10 10:35:00,1781087700145,PYRAMID_L7,7,1,1781087700145,4194.70,YES,1781087785903,PROTECTED_STOP,1781087832055,4194.77,-0.00992405,-0.06939322,-0.12886238
1781087700145_SELL,2026.06.10 10:35:00,1781087700145,PYRAMID_L7,7,2,1781087785903,4193.78,NO,0,TIME_EXIT,1781088300266,4189.78,0.56708861,0.50763249,0.44817636
1781087700145_SELL,2026.06.10 10:35:00,1781087700145,PYRAMID_L10,10,1,1781087700145,4194.70,YES,1781087760236,PROTECTED_STOP,1781087761041,4194.73,-0.00425316,-0.06372233,-0.12319149
1781087700145_SELL,2026.06.10 10:35:00,1781087700145,PYRAMID_L10,10,2,1781087760236,4194.51,NO,0,TIME_EXIT,1781088300266,4189.78,0.67058228,0.61111581,0.55164934
1781100300029_SELL,2026.06.10 14:05:00,1781100300029,CONTROL_L1,1,1,1781100300029,4161.40,NO,0,TIME_EXIT,1781100900034,4168.70,-0.80974547,-0.85590540,-0.90206533
1781100300029_SELL,2026.06.10 14:05:00,1781100300029,PYRAMID_L3,3,1,1781100300029,4161.40,NO,0,TIME_EXIT,1781100900034,4168.70,-0.80974547,-0.85590540,-0.90206533
1781100300029_SELL,2026.06.10 14:05:00,1781100300029,PYRAMID_L5,5,1,1781100300029,4161.40,NO,0,TIME_EXIT,1781100900034,4168.70,-0.80974547,-0.85590540,-0.90206533
1781100300029_SELL,2026.06.10 14:05:00,1781100300029,PYRAMID_L7,7,1,1781100300029,4161.40,YES,1781100385947,PROTECTED_STOP,1781100392078,4161.50,-0.01109240,-0.05725233,-0.10341226
1781100300029_SELL,2026.06.10 14:05:00,1781100300029,PYRAMID_L7,7,2,1781100385947,4160.90,NO,0,TIME_EXIT,1781100900034,4168.70,-0.86520749,-0.91136187,-0.95751625
1781100300029_SELL,2026.06.10 14:05:00,1781100300029,PYRAMID_L10,10,1,1781100300029,4161.40,NO,0,TIME_EXIT,1781100900034,4168.70,-0.80974547,-0.85590540,-0.90206533
1781156400033_SELL,2026.06.11 05:40:00,1781156400033,CONTROL_L1,1,1,1781156400033,4067.13,NO,0,TIME_EXIT,1781157000048,4055.24,1.11990581,1.08159797,1.04329013
1781156400033_SELL,2026.06.11 05:40:00,1781156400033,PYRAMID_L3,3,1,1781156400033,4067.13,YES,1781156600075,TIME_EXIT,1781157000048,4055.24,1.11990581,1.08159797,1.04329013
1781156400033_SELL,2026.06.11 05:40:00,1781156400033,PYRAMID_L3,3,2,1781156600075,4060.05,YES,1781156800121,TIME_EXIT,1781157000048,4055.24,0.45304852,0.41480737,0.37656621
1781156400033_SELL,2026.06.11 05:40:00,1781156400033,PYRAMID_L3,3,3,1781156800121,4057.18,NO,0,TIME_EXIT,1781157000048,4055.24,0.18272643,0.14451231,0.10629818
1781156400033_SELL,2026.06.11 05:40:00,1781156400033,PYRAMID_L5,5,1,1781156400033,4067.13,YES,1781156520043,TIME_EXIT,1781157000048,4055.24,1.11990581,1.08159797,1.04329013
1781156400033_SELL,2026.06.11 05:40:00,1781156400033,PYRAMID_L5,5,2,1781156520043,4057.28,YES,1781156880122,TIME_EXIT,1781157000048,4055.24,0.19214532,0.15393025,0.11571519
1781156400033_SELL,2026.06.11 05:40:00,1781156400033,PYRAMID_L5,5,3,1781156880122,4055.66,NO,0,TIME_EXIT,1781157000048,4055.24,0.03955933,0.00135952,-0.03684029
1781156400033_SELL,2026.06.11 05:40:00,1781156400033,PYRAMID_L7,7,1,1781156400033,4067.13,YES,1781156485834,TIME_EXIT,1781157000048,4055.24,1.11990581,1.08159797,1.04329013
1781156400033_SELL,2026.06.11 05:40:00,1781156400033,PYRAMID_L7,7,2,1781156485834,4059.02,YES,1781156571528,PROTECTED_STOP,1781156593744,4059.06,-0.00376756,-0.04199901,-0.08023047
1781156400033_SELL,2026.06.11 05:40:00,1781156400033,PYRAMID_L7,7,3,1781156571528,4056.38,NO,0,TIME_EXIT,1781157000048,4055.24,0.10737533,0.06916874,0.03096215
1781156400033_SELL,2026.06.11 05:40:00,1781156400033,PYRAMID_L10,10,1,1781156400033,4067.13,YES,1781156460081,TIME_EXIT,1781157000048,4055.24,1.11990581,1.08159797,1.04329013
1781156400033_SELL,2026.06.11 05:40:00,1781156400033,PYRAMID_L10,10,2,1781156460081,4062.78,YES,1781156520043,PROTECTED_STOP,1781156615768,4062.84,-0.00565133,-0.04391820,-0.08218507
1781156400033_SELL,2026.06.11 05:40:00,1781156400033,PYRAMID_L10,10,3,1781156520043,4057.28,YES,1781156580154,PROTECTED_STOP,1781156584181,4057.39,-0.01036078,-0.04857584,-0.08679091
1781156400033_SELL,2026.06.11 05:40:00,1781156400033,PYRAMID_L10,10,4,1781156580154,4055.22,NO,0,TIME_EXIT,1781157000048,4055.24,-0.00188378,-0.04007944,-0.07827511
1781178300012_SELL,2026.06.11 11:45:00,1781178300012,CONTROL_L1,1,1,1781178300012,4090.67,NO,0,TIME_EXIT,1781178900079,4087.05,0.49257684,0.43691471,0.38125257
1781178300012_SELL,2026.06.11 11:45:00,1781178300012,PYRAMID_L3,3,1,1781178300012,4090.67,YES,1781178500044,PROTECTED_STOP,1781178556696,4090.79,-0.01632851,-0.07199065,-0.12765279
1781178300012_SELL,2026.06.11 11:45:00,1781178300012,PYRAMID_L3,3,2,1781178500044,4089.23,NO,0,TIME_EXIT,1781178900079,4087.05,0.29663467,0.24099213,0.18534959
1781178300012_SELL,2026.06.11 11:45:00,1781178300012,PYRAMID_L5,5,1,1781178300012,4090.67,YES,1781178540088,PROTECTED_STOP,1781178556696,4090.79,-0.01632851,-0.07199065,-0.12765279
1781178300012_SELL,2026.06.11 11:45:00,1781178300012,PYRAMID_L5,5,2,1781178540088,4089.70,NO,0,TIME_EXIT,1781178900079,4087.05,0.36058802,0.30493908,0.24929015
1781178300012_SELL,2026.06.11 11:45:00,1781178300012,PYRAMID_L7,7,1,1781178300012,4090.67,YES,1781178471649,PROTECTED_STOP,1781178556696,4090.79,-0.01632851,-0.07199065,-0.12765279
1781178300012_SELL,2026.06.11 11:45:00,1781178300012,PYRAMID_L7,7,2,1781178471649,4090.00,NO,0,TIME_EXIT,1781178900079,4087.05,0.40140931,0.34575629,0.29010327
1781178300012_SELL,2026.06.11 11:45:00,1781178300012,PYRAMID_L10,10,1,1781178300012,4090.67,YES,1781178480044,PROTECTED_STOP,1781178556696,4090.79,-0.01632851,-0.07199065,-0.12765279
1781178300012_SELL,2026.06.11 11:45:00,1781178300012,PYRAMID_L10,10,2,1781178480044,4089.53,NO,0,TIME_EXIT,1781178900079,4087.05,0.33745596,0.28180934,0.22616271
1781197800031_SELL,2026.06.11 17:10:00,1781197800031,CONTROL_L1,1,1,1781197800031,4062.53,NO,0,TIME_EXIT,1781198400089,4063.78,-0.09354537,-0.12394784,-0.15435031
1781197800031_SELL,2026.06.11 17:10:00,1781197800031,PYRAMID_L3,3,1,1781197800031,4062.53,YES,1781198000047,PROTECTED_STOP,1781198107116,4062.75,-0.01646399,-0.04686645,-0.07726892
1781197800031_SELL,2026.06.11 17:10:00,1781197800031,PYRAMID_L3,3,2,1781198000047,4053.46,NO,0,TIME_EXIT,1781198400089,4063.78,-0.77231057,-0.80264516,-0.83297976
1781197800031_SELL,2026.06.11 17:10:00,1781197800031,PYRAMID_L5,5,1,1781197800031,4062.53,YES,1781197920067,PROTECTED_STOP,1781198107116,4062.75,-0.01646399,-0.04686645,-0.07726892
1781197800031_SELL,2026.06.11 17:10:00,1781197800031,PYRAMID_L5,5,2,1781197920067,4057.75,NO,0,TIME_EXIT,1781198400089,4063.78,-0.45126286,-0.48162956,-0.51199626
1781197800031_SELL,2026.06.11 17:10:00,1781197800031,PYRAMID_L7,7,1,1781197800031,4062.53,YES,1781197885779,PROTECTED_STOP,1781198107116,4062.75,-0.01646399,-0.04686645,-0.07726892
1781197800031_SELL,2026.06.11 17:10:00,1781197800031,PYRAMID_L7,7,2,1781197885779,4056.39,YES,1781197971485,PROTECTED_STOP,1781198027715,4056.86,-0.03517306,-0.06552958,-0.09588610
1781197800031_SELL,2026.06.11 17:10:00,1781197800031,PYRAMID_L7,7,3,1781197971485,4054.11,NO,0,TIME_EXIT,1781198400089,4063.78,-0.72366698,-0.75400644,-0.78434589
1781197800031_SELL,2026.06.11 17:10:00,1781197800031,PYRAMID_L10,10,1,1781197800031,4062.53,YES,1781197860068,PROTECTED_STOP,1781198107116,4062.75,-0.01646399,-0.04686645,-0.07726892
1781197800031_SELL,2026.06.11 17:10:00,1781197800031,PYRAMID_L10,10,2,1781197860068,4057.62,YES,1781197980039,PROTECTED_STOP,1781198029125,4057.89,-0.02020580,-0.05057152,-0.08093725
1781197800031_SELL,2026.06.11 17:10:00,1781197800031,PYRAMID_L10,10,3,1781197980039,4053.88,NO,0,TIME_EXIT,1781198400089,4063.78,-0.74087933,-0.77121706,-0.80155480
1781207700011_SELL,2026.06.11 19:55:00,1781207700011,CONTROL_L1,1,1,1781207700011,4079.69,NO,0,TIME_EXIT,1781208300044,4074.95,0.53093309,0.48523600,0.43953890
1781207700011_SELL,2026.06.11 19:55:00,1781207700011,PYRAMID_L3,3,1,1781207700011,4079.69,YES,1781208100080,PROTECTED_STOP,1781208106053,4079.72,-0.00336034,-0.04905743,-0.09475453
1781207700011_SELL,2026.06.11 19:55:00,1781207700011,PYRAMID_L3,3,2,1781208100080,4078.90,NO,0,TIME_EXIT,1781208300044,4074.95,0.44244424,0.39675600,0.35106775
1781207700011_SELL,2026.06.11 19:55:00,1781207700011,PYRAMID_L5,5,1,1781207700011,4079.69,YES,1781208060042,PROTECTED_STOP,1781208085399,4079.73,-0.00448045,-0.05017755,-0.09587464
1781207700011_SELL,2026.06.11 19:55:00,1781207700011,PYRAMID_L5,5,2,1781208060042,4077.10,NO,0,TIME_EXIT,1781208300044,4074.95,0.24082408,0.19515600,0.14948791
1781207700011_SELL,2026.06.11 19:55:00,1781207700011,PYRAMID_L7,7,1,1781207700011,4079.69,YES,1781208042869,PROTECTED_STOP,1781208085399,4079.73,-0.00448045,-0.05017755,-0.09587464
1781207700011_SELL,2026.06.11 19:55:00,1781207700011,PYRAMID_L7,7,2,1781208042869,4077.56,NO,0,TIME_EXIT,1781208300044,4074.95,0.29234923,0.24667600,0.20100276
1781207700011_SELL,2026.06.11 19:55:00,1781207700011,PYRAMID_L10,10,1,1781207700011,4079.69,YES,1781208060042,PROTECTED_STOP,1781208085399,4079.73,-0.00448045,-0.05017755,-0.09587464
1781207700011_SELL,2026.06.11 19:55:00,1781207700011,PYRAMID_L10,10,2,1781208060042,4077.10,NO,0,TIME_EXIT,1781208300044,4074.95,0.24082408,0.19515600,0.14948791
1781580000011_SELL,2026.06.16 03:20:00,1781580000011,CONTROL_L1,1,1,1781580000011,4311.63,NO,0,TIME_EXIT,1781580600032,4308.42,0.72308930,0.62596489,0.52884048
1781580000011_SELL,2026.06.16 03:20:00,1781580000011,PYRAMID_L3,3,1,1781580000011,4311.63,YES,1781580200073,TIME_EXIT,1781580600032,4308.42,0.72308930,0.62596489,0.52884048
1781580000011_SELL,2026.06.16 03:20:00,1781580000011,PYRAMID_L3,3,2,1781580200073,4309.27,YES,1781580400034,PROTECTED_STOP,1781580456532,4309.27,0.00000000,-0.09707125,-0.19414249
1781580000011_SELL,2026.06.16 03:20:00,1781580000011,PYRAMID_L3,3,3,1781580400034,4308.06,NO,0,TIME_EXIT,1781580600032,4308.42,-0.08109413,-0.17813812,-0.27518211
1781580000011_SELL,2026.06.16 03:20:00,1781580000011,PYRAMID_L5,5,1,1781580000011,4311.63,YES,1781580120018,TIME_EXIT,1781580600032,4308.42,0.72308930,0.62596489,0.52884048
1781580000011_SELL,2026.06.16 03:20:00,1781580000011,PYRAMID_L5,5,2,1781580120018,4310.82,YES,1781580240031,TIME_EXIT,1781580600032,4308.42,0.54062751,0.44352135,0.34641519
1781580000011_SELL,2026.06.16 03:20:00,1781580000011,PYRAMID_L5,5,3,1781580240031,4309.24,YES,1781580360091,PROTECTED_STOP,1781580455929,4309.25,-0.00225261,-0.09932319,-0.19639376
1781580000011_SELL,2026.06.16 03:20:00,1781580000011,PYRAMID_L5,5,4,1781580360091,4308.25,NO,0,TIME_EXIT,1781580600032,4308.42,-0.03829445,-0.13534272,-0.23239099
1781580000011_SELL,2026.06.16 03:20:00,1781580000011,PYRAMID_L7,7,1,1781580000011,4311.63,YES,1781580085737,PROTECTED_STOP,1781580087156,4311.79,-0.03604183,-0.13316624,-0.23029065
1781580000011_SELL,2026.06.16 03:20:00,1781580000011,PYRAMID_L7,7,2,1781580085737,4310.60,NO,0,TIME_EXIT,1781580600032,4308.42,0.49106999,0.39396879,0.29686758
1781580000011_SELL,2026.06.16 03:20:00,1781580000011,PYRAMID_L10,10,1,1781580000011,4311.63,YES,1781580120018,TIME_EXIT,1781580600032,4308.42,0.72308930,0.62596489,0.52884048
1781580000011_SELL,2026.06.16 03:20:00,1781580000011,PYRAMID_L10,10,2,1781580120018,4310.82,YES,1781580180015,TIME_EXIT,1781580600032,4308.42,0.54062751,0.44352135,0.34641519
1781580000011_SELL,2026.06.16 03:20:00,1781580000011,PYRAMID_L10,10,3,1781580180015,4308.73,YES,1781580360091,PROTECTED_STOP,1781580441029,4308.85,-0.02703138,-0.12409046,-0.22114954
1781580000011_SELL,2026.06.16 03:20:00,1781580000011,PYRAMID_L10,10,4,1781580360091,4308.25,YES,1781580420061,PROTECTED_STOP,1781580441029,4308.85,-0.13515688,-0.23220515,-0.32925342
1781580000011_SELL,2026.06.16 03:20:00,1781580000011,PYRAMID_L10,10,5,1781580420061,4307.35,NO,0,TIME_EXIT,1781580600032,4308.42,-0.24102977,-0.33805776,-0.43508576
1781586000015_SELL,2026.06.16 05:00:00,1781586000015,CONTROL_L1,1,1,1781586000015,4313.57,NO,0,TIME_EXIT,1781586600117,4311.58,0.30282609,0.23718480,0.17154352
1781586000015_SELL,2026.06.16 05:00:00,1781586000015,PYRAMID_L3,3,1,1781586000015,4313.57,YES,1781586200139,TIME_EXIT,1781586600117,4311.58,0.30282609,0.23718480,0.17154352
1781586000015_SELL,2026.06.16 05:00:00,1781586000015,PYRAMID_L3,3,2,1781586200139,4311.13,YES,1781586400149,PROTECTED_STOP,1781586449998,4311.21,-0.01217391,-0.07777807,-0.14338222
1781586000015_SELL,2026.06.16 05:00:00,1781586000015,PYRAMID_L3,3,3,1781586400149,4307.90,NO,0,TIME_EXIT,1781586600117,4311.58,-0.56000000,-0.62555500,-0.69111000
1781586000015_SELL,2026.06.16 05:00:00,1781586000015,PYRAMID_L5,5,1,1781586000015,4313.57,YES,1781586120057,TIME_EXIT,1781586600117,4311.58,0.30282609,0.23718480,0.17154352
1781586000015_SELL,2026.06.16 05:00:00,1781586000015,PYRAMID_L5,5,2,1781586120057,4312.39,YES,1781586240031,PROTECTED_STOP,1781586501894,4312.42,-0.00456522,-0.07018854,-0.13581187
1781586000015_SELL,2026.06.16 05:00:00,1781586000015,PYRAMID_L5,5,3,1781586240031,4311.58,YES,1781586360044,PROTECTED_STOP,1781586455897,4311.62,-0.00608696,-0.07169796,-0.13730896
1781586000015_SELL,2026.06.16 05:00:00,1781586000015,PYRAMID_L5,5,4,1781586360044,4308.67,NO,0,TIME_EXIT,1781586600117,4311.58,-0.44282609,-0.50839280,-0.57395952
1781586000015_SELL,2026.06.16 05:00:00,1781586000015,PYRAMID_L7,7,1,1781586000015,4313.57,YES,1781586085761,TIME_EXIT,1781586600117,4311.58,0.30282609,0.23718480,0.17154352
1781586000015_SELL,2026.06.16 05:00:00,1781586000015,PYRAMID_L7,7,2,1781586085761,4312.17,YES,1781586172048,PROTECTED_STOP,1781586500199,4312.18,-0.00152174,-0.06714172,-0.13276170
1781586000015_SELL,2026.06.16 05:00:00,1781586000015,PYRAMID_L7,7,3,1781586172048,4311.99,YES,1781586257177,PROTECTED_STOP,1781586498270,4311.99,0.00000000,-0.06561724,-0.13123448
1781586000015_SELL,2026.06.16 05:00:00,1781586000015,PYRAMID_L7,7,4,1781586257177,4311.36,YES,1781586343342,PROTECTED_STOP,1781586455189,4311.38,-0.00304348,-0.06865113,-0.13425878
1781586000015_SELL,2026.06.16 05:00:00,1781586000015,PYRAMID_L7,7,5,1781586343342,4308.90,NO,0,TIME_EXIT,1781586600117,4311.58,-0.40782609,-0.47339630,-0.53896652
1781586000015_SELL,2026.06.16 05:00:00,1781586000015,PYRAMID_L10,10,1,1781586000015,4313.57,YES,1781586060049,TIME_EXIT,1781586600117,4311.58,0.30282609,0.23718480,0.17154352
1781586000015_SELL,2026.06.16 05:00:00,1781586000015,PYRAMID_L10,10,2,1781586060049,4312.87,YES,1781586120057,TIME_EXIT,1781586600117,4311.58,0.19630435,0.13067372,0.06504309
1781586000015_SELL,2026.06.16 05:00:00,1781586000015,PYRAMID_L10,10,3,1781586120057,4312.39,YES,1781586180021,PROTECTED_STOP,1781586501894,4312.42,-0.00456522,-0.07018854,-0.13581187
1781586000015_SELL,2026.06.16 05:00:00,1781586000015,PYRAMID_L10,10,4,1781586180021,4311.27,YES,1781586300036,PROTECTED_STOP,1781586454685,4311.35,-0.01217391,-0.07778020,-0.14338648
1781586000015_SELL,2026.06.16 05:00:00,1781586000015,PYRAMID_L10,10,5,1781586300036,4310.35,YES,1781586360044,PROTECTED_STOP,1781586447986,4310.35,0.00000000,-0.06559228,-0.13118457
1781586000015_SELL,2026.06.16 05:00:00,1781586000015,PYRAMID_L10,10,6,1781586360044,4308.67,NO,0,TIME_EXIT,1781586600117,4311.58,-0.44282609,-0.50839280,-0.57395952
1781599200003_SELL,2026.06.16 08:40:00,1781599200003,CONTROL_L1,1,1,1781599200003,4316.88,NO,0,TIME_EXIT,1781599800092,4318.15,-0.27614056,-0.37000399,-0.46386743
1781599200003_SELL,2026.06.16 08:40:00,1781599200003,PYRAMID_L3,3,1,1781599200003,4316.88,YES,1781599600048,PROTECTED_STOP,1781599601806,4317.01,-0.02826636,-0.12212979,-0.21599323
1781599200003_SELL,2026.06.16 08:40:00,1781599200003,PYRAMID_L3,3,2,1781599600048,4316.67,NO,0,TIME_EXIT,1781599800092,4318.15,-0.32180159,-0.41566046,-0.50951933
1781599200003_SELL,2026.06.16 08:40:00,1781599200003,PYRAMID_L5,5,1,1781599200003,4316.88,NO,0,TIME_EXIT,1781599800092,4318.15,-0.27614056,-0.37000399,-0.46386743
1781599200003_SELL,2026.06.16 08:40:00,1781599200003,PYRAMID_L7,7,1,1781599200003,4316.88,YES,1781599285808,PROTECTED_STOP,1781599291744,4316.88,0.00000000,-0.09386344,-0.18772687
1781599200003_SELL,2026.06.16 08:40:00,1781599200003,PYRAMID_L7,7,2,1781599285808,4316.12,NO,0,TIME_EXIT,1781599800092,4318.15,-0.44139002,-0.53523693,-0.62908384
1781599200003_SELL,2026.06.16 08:40:00,1781599200003,PYRAMID_L10,10,1,1781599200003,4316.88,NO,0,TIME_EXIT,1781599800092,4318.15,-0.27614056,-0.37000399,-0.46386743
1781688000014_SELL,2026.06.17 09:20:00,1781688000014,CONTROL_L1,1,1,1781688000014,4323.83,NO,0,TIME_EXIT,1781688600027,4324.48,-0.12837242,-0.21376635,-0.29916028
1781688000014_SELL,2026.06.17 09:20:00,1781688000014,PYRAMID_L3,3,1,1781688000014,4323.83,YES,1781688200098,PROTECTED_STOP,1781688247658,4323.83,0.00000000,-0.08539393,-0.17078785
1781688000014_SELL,2026.06.17 09:20:00,1781688000014,PYRAMID_L3,3,2,1781688200098,4322.89,NO,0,TIME_EXIT,1781688600027,4324.48,-0.31401869,-0.39939405,-0.48476942
1781688000014_SELL,2026.06.17 09:20:00,1781688000014,PYRAMID_L5,5,1,1781688000014,4323.83,YES,1781688120065,PROTECTED_STOP,1781688247658,4323.83,0.00000000,-0.08539393,-0.17078785
1781688000014_SELL,2026.06.17 09:20:00,1781688000014,PYRAMID_L5,5,2,1781688120065,4322.44,NO,0,TIME_EXIT,1781688600027,4324.48,-0.40289191,-0.48825838,-0.57362486
1781688000014_SELL,2026.06.17 09:20:00,1781688000014,PYRAMID_L7,7,1,1781688000014,4323.83,YES,1781688086512,PROTECTED_STOP,1781688087537,4324.02,-0.03752425,-0.12291817,-0.20831210
1781688000014_SELL,2026.06.17 09:20:00,1781688000014,PYRAMID_L7,7,2,1781688086512,4323.56,NO,0,TIME_EXIT,1781688600027,4324.48,-0.18169635,-0.26708494,-0.35247354
1781688000014_SELL,2026.06.17 09:20:00,1781688000014,PYRAMID_L10,10,1,1781688000014,4323.83,YES,1781688120065,PROTECTED_STOP,1781688247658,4323.83,0.00000000,-0.08539393,-0.17078785
1781688000014_SELL,2026.06.17 09:20:00,1781688000014,PYRAMID_L10,10,2,1781688120065,4322.44,NO,0,TIME_EXIT,1781688600027,4324.48,-0.40289191,-0.48825838,-0.57362486
1781693700050_SELL,2026.06.17 10:55:00,1781693700050,CONTROL_L1,1,1,1781693700050,4325.37,NO,0,TIME_EXIT,1781694300442,4326.25,-0.19178829,-0.28605593,-0.38032358
1781693700050_SELL,2026.06.17 10:55:00,1781693700050,PYRAMID_L3,3,1,1781693700050,4325.37,NO,0,TIME_EXIT,1781694300442,4326.25,-0.19178829,-0.28605593,-0.38032358
1781693700050_SELL,2026.06.17 10:55:00,1781693700050,PYRAMID_L5,5,1,1781693700050,4325.37,YES,1781694060107,PROTECTED_STOP,1781694070147,4325.39,-0.00435882,-0.09862647,-0.19289412
1781693700050_SELL,2026.06.17 10:55:00,1781693700050,PYRAMID_L5,5,2,1781694060107,4324.35,NO,0,TIME_EXIT,1781694300442,4326.25,-0.41408834,-0.50833376,-0.60257918
1781693700050_SELL,2026.06.17 10:55:00,1781693700050,PYRAMID_L7,7,1,1781693700050,4325.37,YES,1781694042920,PROTECTED_STOP,1781694070147,4325.39,-0.00435882,-0.09862647,-0.19289412
1781693700050_SELL,2026.06.17 10:55:00,1781693700050,PYRAMID_L7,7,2,1781694042920,4324.06,NO,0,TIME_EXIT,1781694300442,4326.25,-0.47729130,-0.57153040,-0.66576950
1781693700050_SELL,2026.06.17 10:55:00,1781693700050,PYRAMID_L10,10,1,1781693700050,4325.37,YES,1781694060107,PROTECTED_STOP,1781694070147,4325.39,-0.00435882,-0.09862647,-0.19289412
1781693700050_SELL,2026.06.17 10:55:00,1781693700050,PYRAMID_L10,10,2,1781694060107,4324.35,NO,0,TIME_EXIT,1781694300442,4326.25,-0.41408834,-0.50833376,-0.60257918
1781706900042_SELL,2026.06.17 14:35:00,1781706900042,CONTROL_L1,1,1,1781706900042,4325.73,NO,0,TIME_EXIT,1781707500060,4326.06,-0.09078850,-0.20979655,-0.32880460
1781706900042_SELL,2026.06.17 14:35:00,1781706900042,PYRAMID_L3,3,1,1781706900042,4325.73,YES,1781707300386,PROTECTED_STOP,1781707303726,4325.74,-0.00275117,-0.12175921,-0.24076726
1781706900042_SELL,2026.06.17 14:35:00,1781706900042,PYRAMID_L3,3,2,1781707300386,4325.51,NO,0,TIME_EXIT,1781707500060,4326.06,-0.15131417,-0.27031617,-0.38931816
1781706900042_SELL,2026.06.17 14:35:00,1781706900042,PYRAMID_L5,5,1,1781706900042,4325.73,YES,1781707380130,PROTECTED_STOP,1781707472670,4325.76,-0.00825350,-0.12726155,-0.24626959
1781706900042_SELL,2026.06.17 14:35:00,1781706900042,PYRAMID_L5,5,2,1781707380130,4325.30,NO,0,TIME_EXIT,1781707500060,4326.06,-0.20908868,-0.32808489,-0.44708111
1781706900042_SELL,2026.06.17 14:35:00,1781706900042,PYRAMID_L7,7,1,1781706900042,4325.73,YES,1781707157573,PROTECTED_STOP,1781707167792,4325.73,0.00000000,-0.11900805,-0.23801609
1781706900042_SELL,2026.06.17 14:35:00,1781706900042,PYRAMID_L7,7,2,1781707157573,4325.24,NO,0,TIME_EXIT,1781707500060,4326.06,-0.22559568,-0.34459024,-0.46358481
1781706900042_SELL,2026.06.17 14:35:00,1781706900042,PYRAMID_L10,10,1,1781706900042,4325.73,YES,1781707320099,PROTECTED_STOP,1781707331860,4325.73,0.00000000,-0.11900805,-0.23801609
1781706900042_SELL,2026.06.17 14:35:00,1781706900042,PYRAMID_L10,10,2,1781707320099,4325.46,NO,0,TIME_EXIT,1781707500060,4326.06,-0.16507001,-0.28407063,-0.40307125
1783337700009_SELL,2026.07.06 11:35:00,1783337700009,CONTROL_L1,1,1,1783337700009,4154.34,NO,0,TIME_EXIT,1783338300009,4149.22,1.05644805,0.97072843,0.88500881
1783337700009_SELL,2026.07.06 11:35:00,1783337700009,PYRAMID_L3,3,1,1783337700009,4154.34,YES,1783337900160,TIME_EXIT,1783338300009,4149.22,1.05644805,0.97072843,0.88500881
1783337700009_SELL,2026.07.06 11:35:00,1783337700009,PYRAMID_L3,3,2,1783337900160,4151.41,NO,0,TIME_EXIT,1783338300009,4149.22,0.45187915,0.36621999,0.28056083
1783337700009_SELL,2026.07.06 11:35:00,1783337700009,PYRAMID_L5,5,1,1783337700009,4154.34,YES,1783337940066,TIME_EXIT,1783338300009,4149.22,1.05644805,0.97072843,0.88500881
1783337700009_SELL,2026.07.06 11:35:00,1783337700009,PYRAMID_L5,5,2,1783337940066,4150.57,NO,0,TIME_EXIT,1783338300009,4149.22,0.27855564,0.19291381,0.10727198
1783337700009_SELL,2026.07.06 11:35:00,1783337700009,PYRAMID_L7,7,1,1783337700009,4154.34,YES,1783337871751,TIME_EXIT,1783338300009,4149.22,1.05644805,0.97072843,0.88500881
1783337700009_SELL,2026.07.06 11:35:00,1783337700009,PYRAMID_L7,7,2,1783337871751,4150.57,NO,0,TIME_EXIT,1783338300009,4149.22,0.27855564,0.19291381,0.10727198
1783337700009_SELL,2026.07.06 11:35:00,1783337700009,PYRAMID_L10,10,1,1783337700009,4154.34,YES,1783337880009,TIME_EXIT,1783338300009,4149.22,1.05644805,0.97072843,0.88500881
1783337700009_SELL,2026.07.06 11:35:00,1783337700009,PYRAMID_L10,10,2,1783337880009,4150.97,YES,1783337940066,PROTECTED_STOP,1783337953346,4150.97,0.00000000,-0.08565008,-0.17130016
1783337700009_SELL,2026.07.06 11:35:00,1783337700009,PYRAMID_L10,10,3,1783337940066,4150.57,NO,0,TIME_EXIT,1783338300009,4149.22,0.27855564,0.19291381,0.10727198
1783351800022_SELL,2026.07.06 15:30:00,1783351800022,CONTROL_L1,1,1,1783351800022,4145.74,NO,0,TIME_EXIT,1783352400032,4139.82,1.23747667,1.15081693,1.06415719
1783351800022_SELL,2026.07.06 15:30:00,1783351800022,PYRAMID_L3,3,1,1783351800022,4145.74,YES,1783352000671,TIME_EXIT,1783352400032,4139.82,1.23747667,1.15081693,1.06415719
1783351800022_SELL,2026.07.06 15:30:00,1783351800022,PYRAMID_L3,3,2,1783352000671,4143.62,YES,1783352200166,TIME_EXIT,1783352400032,4139.82,0.79432624,0.70771082,0.62109539
1783351800022_SELL,2026.07.06 15:30:00,1783351800022,PYRAMID_L3,3,3,1783352200166,4140.23,NO,0,TIME_EXIT,1783352400032,4139.82,0.08570362,-0.00084094,-0.08738550
1783351800022_SELL,2026.07.06 15:30:00,1783351800022,PYRAMID_L5,5,1,1783351800022,4145.74,YES,1783351920091,TIME_EXIT,1783352400032,4139.82,1.23747667,1.15081693,1.06415719
1783351800022_SELL,2026.07.06 15:30:00,1783351800022,PYRAMID_L5,5,2,1783351920091,4143.80,YES,1783352160183,TIME_EXIT,1783352400032,4139.82,0.83195222,0.74533303,0.65871385
1783351800022_SELL,2026.07.06 15:30:00,1783351800022,PYRAMID_L5,5,3,1783352160183,4142.05,YES,1783352280039,TIME_EXIT,1783352400032,4139.82,0.46614408,0.37956148,0.29297887
1783351800022_SELL,2026.07.06 15:30:00,1783351800022,PYRAMID_L5,5,4,1783352280039,4141.74,NO,0,TIME_EXIT,1783352400032,4139.82,0.40134378,0.31476766,0.22819153
1783351800022_SELL,2026.07.06 15:30:00,1783351800022,PYRAMID_L7,7,1,1783351800022,4145.74,YES,1783351885818,TIME_EXIT,1783352400032,4139.82,1.23747667,1.15081693,1.06415719
1783351800022_SELL,2026.07.06 15:30:00,1783351800022,PYRAMID_L7,7,2,1783351885818,4144.53,YES,1783351971491,PROTECTED_STOP,1783352003376,4144.75,-0.04598731,-0.13262175,-0.21925620
1783351800022_SELL,2026.07.06 15:30:00,1783351800022,PYRAMID_L7,7,3,1783351971491,4142.55,NO,0,TIME_EXIT,1783352400032,4139.82,0.57066069,0.48406764,0.39747458
1783351800022_SELL,2026.07.06 15:30:00,1783351800022,PYRAMID_L10,10,1,1783351800022,4145.74,YES,1783351860042,TIME_EXIT,1783352400032,4139.82,1.23747667,1.15081693,1.06415719
1783351800022_SELL,2026.07.06 15:30:00,1783351800022,PYRAMID_L10,10,2,1783351860042,4144.33,YES,1783351920091,PROTECTED_STOP,1783351925208,4144.36,-0.00627100,-0.09290126,-0.17953153
1783351800022_SELL,2026.07.06 15:30:00,1783351800022,PYRAMID_L10,10,3,1783351920091,4143.80,NO,0,TIME_EXIT,1783352400032,4139.82,0.83195222,0.74533303,0.65871385
1783422000050_SELL,2026.07.07 11:00:00,1783422000050,CONTROL_L1,1,1,1783422000050,4124.73,NO,0,HARD_SL,1783422188280,4129.58,-1.01513736,-1.10147071,-1.18780406
1783422000050_SELL,2026.07.07 11:00:00,1783422000050,PYRAMID_L3,3,1,1783422000050,4124.73,NO,0,HARD_SL,1783422188280,4129.58,-1.01513736,-1.10147071,-1.18780406
1783422000050_SELL,2026.07.07 11:00:00,1783422000050,PYRAMID_L5,5,1,1783422000050,4124.73,NO,0,HARD_SL,1783422188280,4129.58,-1.01513736,-1.10147071,-1.18780406
1783422000050_SELL,2026.07.07 11:00:00,1783422000050,PYRAMID_L7,7,1,1783422000050,4124.73,NO,0,HARD_SL,1783422188280,4129.58,-1.01513736,-1.10147071,-1.18780406
1783422000050_SELL,2026.07.07 11:00:00,1783422000050,PYRAMID_L10,10,1,1783422000050,4124.73,NO,0,HARD_SL,1783422188280,4129.58,-1.01513736,-1.10147071,-1.18780406
1783425600028_SELL,2026.07.07 12:00:00,1783425600028,CONTROL_L1,1,1,1783425600028,4125.99,NO,0,TIME_EXIT,1783426200067,4126.80,-0.14329490,-0.21628667,-0.28927843
1783425600028_SELL,2026.07.07 12:00:00,1783425600028,PYRAMID_L3,3,1,1783425600028,4125.99,YES,1783425800054,PROTECTED_STOP,1783425805342,4126.19,-0.03538146,-0.10837322,-0.18136499
1783425600028_SELL,2026.07.07 12:00:00,1783425600028,PYRAMID_L3,3,2,1783425800054,4124.56,NO,0,TIME_EXIT,1783426200067,4126.80,-0.39627231,-0.46923878,-0.54220525
1783425600028_SELL,2026.07.07 12:00:00,1783425600028,PYRAMID_L5,5,1,1783425600028,4125.99,NO,0,TIME_EXIT,1783426200067,4126.80,-0.14329490,-0.21628667,-0.28927843
1783425600028_SELL,2026.07.07 12:00:00,1783425600028,PYRAMID_L7,7,1,1783425600028,4125.99,YES,1783425771558,PROTECTED_STOP,1783425805342,4126.19,-0.03538146,-0.10837322,-0.18136499
1783425600028_SELL,2026.07.07 12:00:00,1783425600028,PYRAMID_L7,7,2,1783425771558,4125.40,NO,0,TIME_EXIT,1783426200067,4126.80,-0.24767019,-0.32065152,-0.39363285
1783425600028_SELL,2026.07.07 12:00:00,1783425600028,PYRAMID_L10,10,1,1783425600028,4125.99,YES,1783425660037,PROTECTED_STOP,1783425661447,4126.01,-0.00353815,-0.07652991,-0.14952168
1783425600028_SELL,2026.07.07 12:00:00,1783425600028,PYRAMID_L10,10,2,1783425660037,4125.57,NO,0,TIME_EXIT,1783426200067,4126.80,-0.21759596,-0.29058029,-0.36356463
1783485000006_SELL,2026.07.08 04:30:00,1783485000006,CONTROL_L1,1,1,1783485000006,4102.72,NO,0,TIME_EXIT,1783485600021,4100.33,0.26092212,0.21613172,0.17134133
1783485000006_SELL,2026.07.08 04:30:00,1783485000006,PYRAMID_L3,3,1,1783485000006,4102.72,YES,1783485200066,TIME_EXIT,1783485600021,4100.33,0.26092212,0.21613172,0.17134133
1783485000006_SELL,2026.07.08 04:30:00,1783485000006,PYRAMID_L3,3,2,1783485200066,4100.63,YES,1783485400025,TIME_EXIT,1783485600021,4100.33,0.03275173,-0.01201585,-0.05678342
1783485000006_SELL,2026.07.08 04:30:00,1783485000006,PYRAMID_L3,3,3,1783485400025,4098.62,NO,0,TIME_EXIT,1783485600021,4100.33,-0.18668486,-0.23143049,-0.27617613
1783485000006_SELL,2026.07.08 04:30:00,1783485000006,PYRAMID_L5,5,1,1783485000006,4102.72,YES,1783485240006,TIME_EXIT,1783485600021,4100.33,0.26092212,0.21613172,0.17134133
1783485000006_SELL,2026.07.08 04:30:00,1783485000006,PYRAMID_L5,5,2,1783485240006,4099.47,YES,1783485360039,PROTECTED_STOP,1783485361393,4099.47,0.00000000,-0.04475491,-0.08950982
1783485000006_SELL,2026.07.08 04:30:00,1783485000006,PYRAMID_L5,5,3,1783485360039,4098.94,NO,0,TIME_EXIT,1783485600021,4100.33,-0.15174968,-0.19649881,-0.24124793
1783485000006_SELL,2026.07.08 04:30:00,1783485000006,PYRAMID_L7,7,1,1783485000006,4102.72,YES,1783485171616,PROTECTED_STOP,1783485173352,4102.72,0.00000000,-0.04479039,-0.08958079
1783485000006_SELL,2026.07.08 04:30:00,1783485000006,PYRAMID_L7,7,2,1783485171616,4102.51,NO,0,TIME_EXIT,1783485600021,4100.33,0.23799591,0.19320781,0.14841971
1783485000006_SELL,2026.07.08 04:30:00,1783485000006,PYRAMID_L10,10,1,1783485000006,4102.72,YES,1783485180021,TIME_EXIT,1783485600021,4100.33,0.26092212,0.21613172,0.17134133
1783485000006_SELL,2026.07.08 04:30:00,1783485000006,PYRAMID_L10,10,2,1783485180021,4102.14,YES,1783485240006,TIME_EXIT,1783485600021,4100.33,0.19760211,0.15281804,0.10803398
1783485000006_SELL,2026.07.08 04:30:00,1783485000006,PYRAMID_L10,10,3,1783485240006,4099.47,YES,1783485300011,PROTECTED_STOP,1783485317205,4099.74,-0.02947656,-0.07423147,-0.11898638
1783485000006_SELL,2026.07.08 04:30:00,1783485000006,PYRAMID_L10,10,4,1783485300011,4098.06,NO,0,TIME_EXIT,1783485600021,4100.33,-0.24782143,-0.29256094,-0.33730046
1783504500004_SELL,2026.07.08 09:55:00,1783504500004,CONTROL_L1,1,1,1783504500004,4125.05,NO,0,TIME_EXIT,1783505100086,4120.60,0.91887906,0.83370103,0.74852301
1783504500004_SELL,2026.07.08 09:55:00,1783504500004,PYRAMID_L3,3,1,1783504500004,4125.05,YES,1783504700426,PROTECTED_STOP,1783504700502,4125.15,-0.02064897,-0.10582699,-0.19100501
1783504500004_SELL,2026.07.08 09:55:00,1783504500004,PYRAMID_L3,3,2,1783504700426,4124.65,NO,0,TIME_EXIT,1783505100086,4120.60,0.83628319,0.75111342,0.66594366
1783504500004_SELL,2026.07.08 09:55:00,1783504500004,PYRAMID_L5,5,1,1783504500004,4125.05,YES,1783504740026,PROTECTED_STOP,1783504804090,4125.06,-0.00206490,-0.08724292,-0.17242094
1783504500004_SELL,2026.07.08 09:55:00,1783504500004,PYRAMID_L5,5,2,1783504740026,4124.58,NO,0,TIME_EXIT,1783505100086,4120.60,0.82182891,0.73666059,0.65149227
1783504500004_SELL,2026.07.08 09:55:00,1783504500004,PYRAMID_L7,7,1,1783504500004,4125.05,YES,1783504585733,PROTECTED_STOP,1783504589642,4125.05,0.00000000,-0.08517802,-0.17035605
1783504500004_SELL,2026.07.08 09:55:00,1783504500004,PYRAMID_L7,7,2,1783504585733,4124.89,NO,0,TIME_EXIT,1783505100086,4120.60,0.88584071,0.80066599,0.71549127
1783504500004_SELL,2026.07.08 09:55:00,1783504500004,PYRAMID_L10,10,1,1783504500004,4125.05,YES,1783504680168,PROTECTED_STOP,1783504680632,4125.08,-0.00619469,-0.09137271,-0.17655074
1783504500004_SELL,2026.07.08 09:55:00,1783504500004,PYRAMID_L10,10,2,1783504680168,4124.81,NO,0,TIME_EXIT,1783505100086,4120.60,0.86932153,0.78414847,0.69897540
1783530600036_SELL,2026.07.08 17:10:00,1783530600036,CONTROL_L1,1,1,1783530600036,4063.63,NO,0,TIME_EXIT,1783531200084,4054.79,0.86613595,0.82632083,0.78650572
1783530600036_SELL,2026.07.08 17:10:00,1783530600036,PYRAMID_L3,3,1,1783530600036,4063.63,YES,1783530800106,PROTECTED_STOP,1783530806458,4063.63,0.00000000,-0.03981511,-0.07963023
1783530600036_SELL,2026.07.08 17:10:00,1783530600036,PYRAMID_L3,3,2,1783530800106,4063.02,NO,0,TIME_EXIT,1783531200084,4054.79,0.80636865,0.76655951,0.72675037
1783530600036_SELL,2026.07.08 17:10:00,1783530600036,PYRAMID_L5,5,1,1783530600036,4063.63,YES,1783530840150,TIME_EXIT,1783531200084,4054.79,0.86613595,0.82632083,0.78650572
1783530600036_SELL,2026.07.08 17:10:00,1783530600036,PYRAMID_L5,5,2,1783530840150,4061.12,YES,1783530960068,PROTECTED_STOP,1783531090628,4061.13,-0.00097979,-0.04077031,-0.08056083
1783530600036_SELL,2026.07.08 17:10:00,1783530600036,PYRAMID_L5,5,3,1783530960068,4054.16,NO,0,TIME_EXIT,1783531200084,4054.79,-0.06172688,-0.10144921,-0.14117154
1783530600036_SELL,2026.07.08 17:10:00,1783530600036,PYRAMID_L7,7,1,1783530600036,4063.63,YES,1783530685754,PROTECTED_STOP,1783530719284,4063.64,-0.00097979,-0.04079491,-0.08061002
1783530600036_SELL,2026.07.08 17:10:00,1783530600036,PYRAMID_L7,7,2,1783530685754,4058.88,NO,0,TIME_EXIT,1783531200084,4054.79,0.40073484,0.36096627,0.32119770
1783530600036_SELL,2026.07.08 17:10:00,1783530600036,PYRAMID_L10,10,1,1783530600036,4063.63,YES,1783530660038,PROTECTED_STOP,1783530719284,4063.64,-0.00097979,-0.04079491,-0.08061002
1783530600036_SELL,2026.07.08 17:10:00,1783530600036,PYRAMID_L10,10,2,1783530660038,4061.65,NO,0,TIME_EXIT,1783531200084,4054.79,0.67213717,0.63234146,0.59254574
1783560000085_SELL,2026.07.09 01:20:00,1783560000085,CONTROL_L1,1,1,1783560000085,4076.02,NO,0,TIME_EXIT,1783560600150,4074.64,0.24670391,0.17383651,0.10096912
1783560000085_SELL,2026.07.09 01:20:00,1783560000085,PYRAMID_L3,3,1,1783560000085,4076.02,YES,1783560201858,PROTECTED_STOP,1783560303835,4076.15,-0.02324022,-0.09610762,-0.16897502
1783560000085_SELL,2026.07.09 01:20:00,1783560000085,PYRAMID_L3,3,2,1783560201858,4074.39,NO,0,TIME_EXIT,1783560600150,4074.64,-0.04469274,-0.11753099,-0.19036925
1783560000085_SELL,2026.07.09 01:20:00,1783560000085,PYRAMID_L5,5,1,1783560000085,4076.02,YES,1783560120135,PROTECTED_STOP,1783560303835,4076.15,-0.02324022,-0.09610762,-0.16897502
1783560000085_SELL,2026.07.09 01:20:00,1783560000085,PYRAMID_L5,5,2,1783560120135,4075.07,NO,0,TIME_EXIT,1783560600150,4074.64,0.07687151,0.00402109,-0.06882932
1783560000085_SELL,2026.07.09 01:20:00,1783560000085,PYRAMID_L7,7,1,1783560000085,4076.02,YES,1783560085999,PROTECTED_STOP,1783560303835,4076.15,-0.02324022,-0.09610762,-0.16897502
1783560000085_SELL,2026.07.09 01:20:00,1783560000085,PYRAMID_L7,7,2,1783560085999,4074.45,NO,0,TIME_EXIT,1783560600150,4074.64,-0.03396648,-0.10680581,-0.17964514
1783560000085_SELL,2026.07.09 01:20:00,1783560000085,PYRAMID_L10,10,1,1783560000085,4076.02,YES,1783560120135,PROTECTED_STOP,1783560303835,4076.15,-0.02324022,-0.09610762,-0.16897502
1783560000085_SELL,2026.07.09 01:20:00,1783560000085,PYRAMID_L10,10,2,1783560120135,4075.07,NO,0,TIME_EXIT,1783560600150,4074.64,0.07687151,0.00402109,-0.06882932
1783675800038_SELL,2026.07.10 09:30:00,1783675800038,CONTROL_L1,1,1,1783675800038,4114.49,NO,0,TIME_EXIT,1783676400097,4115.73,-0.23243515,-0.30956031,-0.38668548
1783675800038_SELL,2026.07.10 09:30:00,1783675800038,PYRAMID_L3,3,1,1783675800038,4114.49,YES,1783676000052,PROTECTED_STOP,1783676100162,4114.50,-0.00187448,-0.07899965,-0.15612481
1783675800038_SELL,2026.07.10 09:30:00,1783675800038,PYRAMID_L3,3,2,1783676000052,4112.76,NO,0,TIME_EXIT,1783676400097,4115.73,-0.55671967,-0.63381241,-0.71090514
1783675800038_SELL,2026.07.10 09:30:00,1783675800038,PYRAMID_L5,5,1,1783675800038,4114.49,YES,1783676040072,PROTECTED_STOP,1783676100162,4114.50,-0.00187448,-0.07899965,-0.15612481
1783675800038_SELL,2026.07.10 09:30:00,1783675800038,PYRAMID_L5,5,2,1783676040072,4112.81,NO,0,TIME_EXIT,1783676400097,4115.73,-0.54734728,-0.62444096,-0.70153463
1783675800038_SELL,2026.07.10 09:30:00,1783675800038,PYRAMID_L7,7,1,1783675800038,4114.49,YES,1783675971619,PROTECTED_STOP,1783676100162,4114.50,-0.00187448,-0.07899965,-0.15612481
1783675800038_SELL,2026.07.10 09:30:00,1783675800038,PYRAMID_L7,7,2,1783675971619,4112.94,YES,1783676057244,PROTECTED_STOP,1783676060206,4113.14,-0.03748954,-0.11458565,-0.19168177
1783675800038_SELL,2026.07.10 09:30:00,1783675800038,PYRAMID_L7,7,3,1783676057244,4112.38,NO,0,TIME_EXIT,1783676400097,4115.73,-0.62794979,-0.70503541,-0.78212102
1783675800038_SELL,2026.07.10 09:30:00,1783675800038,PYRAMID_L10,10,1,1783675800038,4114.49,YES,1783675980226,PROTECTED_STOP,1783676100162,4114.50,-0.00187448,-0.07899965,-0.15612481
1783675800038_SELL,2026.07.10 09:30:00,1783675800038,PYRAMID_L10,10,2,1783675980226,4112.85,NO,0,TIME_EXIT,1783676400097,4115.73,-0.53984937,-0.61694380,-0.69403823
1783693800015_SELL,2026.07.10 14:30:00,1783693800015,CONTROL_L1,1,1,1783693800015,4099.97,NO,0,TIME_EXIT,1783694400035,4098.14,0.42824906,0.33230325,0.23635744
1783693800015_SELL,2026.07.10 14:30:00,1783693800015,PYRAMID_L3,3,1,1783693800015,4099.97,YES,1783694200488,TIME_EXIT,1783694400035,4098.14,0.42824906,0.33230325,0.23635744
1783693800015_SELL,2026.07.10 14:30:00,1783693800015,PYRAMID_L3,3,2,1783694200488,4098.29,NO,0,TIME_EXIT,1783694400035,4098.14,0.03510238,-0.06080411,-0.15671061
1783693800015_SELL,2026.07.10 14:30:00,1783693800015,PYRAMID_L5,5,1,1783693800015,4099.97,YES,1783694160063,TIME_EXIT,1783694400035,4098.14,0.42824906,0.33230325,0.23635744
1783693800015_SELL,2026.07.10 14:30:00,1783693800015,PYRAMID_L5,5,2,1783694160063,4099.06,YES,1783694280066,PROTECTED_STOP,1783694284475,4099.08,-0.00468032,-0.10060483,-0.19652934
1783693800015_SELL,2026.07.10 14:30:00,1783693800015,PYRAMID_L5,5,3,1783694280066,4098.44,NO,0,TIME_EXIT,1783694400035,4098.14,0.07020476,-0.02570524,-0.12161524
1783693800015_SELL,2026.07.10 14:30:00,1783693800015,PYRAMID_L7,7,1,1783693800015,4099.97,YES,1783694057179,PROTECTED_STOP,1783694138446,4100.04,-0.01638111,-0.11232692,-0.20827273
1783693800015_SELL,2026.07.10 14:30:00,1783693800015,PYRAMID_L7,7,2,1783694057179,4098.96,NO,0,TIME_EXIT,1783694400035,4098.14,0.19189302,0.09597085,0.00004868
1783693800015_SELL,2026.07.10 14:30:00,1783693800015,PYRAMID_L10,10,1,1783693800015,4099.97,YES,1783694100044,PROTECTED_STOP,1783694138446,4100.04,-0.01638111,-0.11232692,-0.20827273
1783693800015_SELL,2026.07.10 14:30:00,1783693800015,PYRAMID_L10,10,2,1783694100044,4099.12,NO,0,TIME_EXIT,1783694400035,4098.14,0.22933556,0.13340964,0.03748373
1783698000056_SELL,2026.07.10 15:40:00,1783698000056,CONTROL_L1,1,1,1783698000056,4101.18,NO,0,TIME_EXIT,1783698600082,4102.00,-0.12133703,-0.18202301,-0.24270899
1783698000056_SELL,2026.07.10 15:40:00,1783698000056,PYRAMID_L3,3,1,1783698000056,4101.18,YES,1783698200101,PROTECTED_STOP,1783698352190,4101.21,-0.00443916,-0.06512514,-0.12581111
1783698000056_SELL,2026.07.10 15:40:00,1783698000056,PYRAMID_L3,3,2,1783698200101,4099.09,NO,0,TIME_EXIT,1783698600082,4102.00,-0.43059849,-0.49125354,-0.55190860
1783698000056_SELL,2026.07.10 15:40:00,1783698000056,PYRAMID_L5,5,1,1783698000056,4101.18,YES,1783698120085,PROTECTED_STOP,1783698352190,4101.21,-0.00443916,-0.06512514,-0.12581111
1783698000056_SELL,2026.07.10 15:40:00,1783698000056,PYRAMID_L5,5,2,1783698120085,4099.86,YES,1783698240064,PROTECTED_STOP,1783698241017,4099.96,-0.01479720,-0.07546364,-0.13613009
1783698000056_SELL,2026.07.10 15:40:00,1783698000056,PYRAMID_L5,5,3,1783698240064,4099.42,NO,0,TIME_EXIT,1783698600082,4102.00,-0.38176774,-0.44242767,-0.50308760
1783698000056_SELL,2026.07.10 15:40:00,1783698000056,PYRAMID_L7,7,1,1783698000056,4101.18,YES,1783698085780,PROTECTED_STOP,1783698352190,4101.21,-0.00443916,-0.06512514,-0.12581111
1783698000056_SELL,2026.07.10 15:40:00,1783698000056,PYRAMID_L7,7,2,1783698085780,4100.87,YES,1783698171510,PROTECTED_STOP,1783698331466,4100.89,-0.00295944,-0.06364083,-0.12432222
1783698000056_SELL,2026.07.10 15:40:00,1783698000056,PYRAMID_L7,7,3,1783698171510,4099.44,NO,0,TIME_EXIT,1783698600082,4102.00,-0.37880830,-0.43946853,-0.50012876
1783698000056_SELL,2026.07.10 15:40:00,1783698000056,PYRAMID_L10,10,1,1783698000056,4101.18,YES,1783698060099,PROTECTED_STOP,1783698085134,4101.22,-0.00591888,-0.06660486,-0.12729083
1783698000056_SELL,2026.07.10 15:40:00,1783698000056,PYRAMID_L10,10,2,1783698060099,4100.65,NO,0,TIME_EXIT,1783698600082,4102.00,-0.19976219,-0.26044032,-0.32111846
1783704900028_SELL,2026.07.10 17:35:00,1783704900028,CONTROL_L1,1,1,1783704900028,4090.10,NO,0,HARD_SL,1783705464589,4101.26,-1.00226125,-1.03899376,-1.07572628
1783704900028_SELL,2026.07.10 17:35:00,1783704900028,PYRAMID_L3,3,1,1783704900028,4090.10,NO,0,HARD_SL,1783705464589,4101.26,-1.00226125,-1.03899376,-1.07572628
1783704900028_SELL,2026.07.10 17:35:00,1783704900028,PYRAMID_L5,5,1,1783704900028,4090.10,NO,0,HARD_SL,1783705464589,4101.26,-1.00226125,-1.03899376,-1.07572628
1783704900028_SELL,2026.07.10 17:35:00,1783704900028,PYRAMID_L7,7,1,1783704900028,4090.10,NO,0,HARD_SL,1783705464589,4101.26,-1.00226125,-1.03899376,-1.07572628
1783704900028_SELL,2026.07.10 17:35:00,1783704900028,PYRAMID_L10,10,1,1783704900028,4090.10,YES,1783704960119,PROTECTED_STOP,1783704960470,4090.11,-0.00089808,-0.03763060,-0.07436311
1783704900028_SELL,2026.07.10 17:35:00,1783704900028,PYRAMID_L10,10,2,1783704960119,4089.10,NO,0,HARD_SL,1783705361113,4100.35,-1.01034400,-1.04706753,-1.08379107
1783933200017_SELL,2026.07.13 09:00:00,1783933200017,CONTROL_L1,1,1,1783933200017,4053.55,NO,0,TIME_EXIT,1783933800020,4053.14,0.05359477,0.00060719,-0.05238039
1783933200017_SELL,2026.07.13 09:00:00,1783933200017,PYRAMID_L3,3,1,1783933200017,4053.55,YES,1783933600070,PROTECTED_STOP,1783933774836,4053.55,0.00000000,-0.05298758,-0.10597516
1783933200017_SELL,2026.07.13 09:00:00,1783933200017,PYRAMID_L3,3,2,1783933600070,4045.42,NO,0,HARD_SL,1783933771585,4053.11,-1.00522876,-1.05811007,-1.11099137
1783933200017_SELL,2026.07.13 09:00:00,1783933200017,PYRAMID_L5,5,1,1783933200017,4053.55,YES,1783933320033,PROTECTED_STOP,1783933320680,4053.57,-0.00261438,-0.05560196,-0.10858954
1783933200017_SELL,2026.07.13 09:00:00,1783933200017,PYRAMID_L5,5,2,1783933320033,4052.62,NO,0,TIME_EXIT,1783933800020,4053.14,-0.06797386,-0.12094928,-0.17392471
1783933200017_SELL,2026.07.13 09:00:00,1783933200017,PYRAMID_L7,7,1,1783933200017,4053.55,YES,1783933285769,PROTECTED_STOP,1783933294841,4053.66,-0.01437908,-0.06736667,-0.12035425
1783933200017_SELL,2026.07.13 09:00:00,1783933200017,PYRAMID_L7,7,2,1783933285769,4052.73,NO,0,TIME_EXIT,1783933800020,4053.14,-0.05359477,-0.10657163,-0.15954850
1783933200017_SELL,2026.07.13 09:00:00,1783933200017,PYRAMID_L10,10,1,1783933200017,4053.55,YES,1783933320033,PROTECTED_STOP,1783933320680,4053.57,-0.00261438,-0.05560196,-0.10858954
1783933200017_SELL,2026.07.13 09:00:00,1783933200017,PYRAMID_L10,10,2,1783933320033,4052.62,NO,0,TIME_EXIT,1783933800020,4053.14,-0.06797386,-0.12094928,-0.17392471
1783948200078_SELL,2026.07.13 13:10:00,1783948200078,CONTROL_L1,1,1,1783948200078,4068.96,NO,0,TIME_EXIT,1783948800109,4068.58,0.10140577,-0.00717739,-0.11576055
1783948200078_SELL,2026.07.13 13:10:00,1783948200078,PYRAMID_L3,3,1,1783948200078,4068.96,YES,1783948401065,PROTECTED_STOP,1783948688516,4069.15,-0.05070288,-0.15928604,-0.26786920
1783948200078_SELL,2026.07.13 13:10:00,1783948200078,PYRAMID_L3,3,2,1783948401065,4067.36,NO,0,TIME_EXIT,1783948800109,4068.58,-0.32556588,-0.43410634,-0.54264680
1783948200078_SELL,2026.07.13 13:10:00,1783948200078,PYRAMID_L5,5,1,1783948200078,4068.96,YES,1783948321992,PROTECTED_STOP,1783948688516,4069.15,-0.05070288,-0.15928604,-0.26786920
1783948200078_SELL,2026.07.13 13:10:00,1783948200078,PYRAMID_L5,5,2,1783948321992,4067.54,YES,1783948440417,PROTECTED_STOP,1783948440469,4067.67,-0.03469145,-0.14323671,-0.25178198
1783948200078_SELL,2026.07.13 13:10:00,1783948200078,PYRAMID_L5,5,3,1783948440417,4067.11,NO,0,TIME_EXIT,1783948800109,4068.58,-0.39228020,-0.50081399,-0.60934778
1783948200078_SELL,2026.07.13 13:10:00,1783948200078,PYRAMID_L7,7,1,1783948200078,4068.96,YES,1783948286783,PROTECTED_STOP,1783948688516,4069.15,-0.05070288,-0.15928604,-0.26786920
1783948200078_SELL,2026.07.13 13:10:00,1783948200078,PYRAMID_L7,7,2,1783948286783,4068.05,YES,1783948457255,PROTECTED_STOP,1783948477084,4068.06,-0.00266857,-0.11122745,-0.21978632
1783948200078_SELL,2026.07.13 13:10:00,1783948200078,PYRAMID_L7,7,3,1783948457255,4067.21,NO,0,TIME_EXIT,1783948800109,4068.58,-0.36559447,-0.47413093,-0.58266739
1783948200078_SELL,2026.07.13 13:10:00,1783948200078,PYRAMID_L10,10,1,1783948200078,4068.96,YES,1783948260103,PROTECTED_STOP,1783948688516,4069.15,-0.05070288,-0.15928604,-0.26786920
1783948200078_SELL,2026.07.13 13:10:00,1783948200078,PYRAMID_L10,10,2,1783948260103,4068.05,YES,1783948321992,PROTECTED_STOP,1783948350581,4068.08,-0.00800572,-0.11656459,-0.22512347
1783948200078_SELL,2026.07.13 13:10:00,1783948200078,PYRAMID_L10,10,3,1783948321992,4067.54,NO,0,TIME_EXIT,1783948800109,4068.58,-0.27753157,-0.38607684,-0.49462210
1783960500078_SELL,2026.07.13 16:35:00,1783960500078,CONTROL_L1,1,1,1783960500078,4058.54,NO,0,TIME_EXIT,1783961100090,4055.08,0.62513309,0.55180570,0.47847831
1783960500078_SELL,2026.07.13 16:35:00,1783960500078,PYRAMID_L3,3,1,1783960500078,4058.54,YES,1783960700098,PROTECTED_STOP,1783960723376,4058.57,-0.00542023,-0.07874762,-0.15207501
1783960500078_SELL,2026.07.13 16:35:00,1783960500078,PYRAMID_L3,3,2,1783960700098,4057.72,NO,0,TIME_EXIT,1783961100090,4055.08,0.47698016,0.40366759,0.33035501
1783960500078_SELL,2026.07.13 16:35:00,1783960500078,PYRAMID_L5,5,1,1783960500078,4058.54,YES,1783960620090,PROTECTED_STOP,1783960623742,4058.57,-0.00542023,-0.07874762,-0.15207501
1783960500078_SELL,2026.07.13 16:35:00,1783960500078,PYRAMID_L5,5,2,1783960620090,4057.69,NO,0,TIME_EXIT,1783961100090,4055.08,0.47155993,0.39824790,0.32493587
1783960500078_SELL,2026.07.13 16:35:00,1783960500078,PYRAMID_L7,7,1,1783960500078,4058.54,YES,1783960757245,PROTECTED_STOP,1783960782765,4058.61,-0.01264720,-0.08597459,-0.15930198
1783960500078_SELL,2026.07.13 16:35:00,1783960500078,PYRAMID_L7,7,2,1783960757245,4056.99,NO,0,TIME_EXIT,1783961100090,4055.08,0.34508792,0.27178853,0.19848915
1783960500078_SELL,2026.07.13 16:35:00,1783960500078,PYRAMID_L10,10,1,1783960500078,4058.54,YES,1783960620090,PROTECTED_STOP,1783960623742,4058.57,-0.00542023,-0.07874762,-0.15207501
1783960500078_SELL,2026.07.13 16:35:00,1783960500078,PYRAMID_L10,10,2,1783960620090,4057.69,NO,0,TIME_EXIT,1783961100090,4055.08,0.47155993,0.39824790,0.32493587
1783982400076_SELL,2026.07.13 22:40:00,1783982400076,CONTROL_L1,1,1,1783982400076,3995.20,NO,0,TIME_EXIT,1783983000102,3997.35,-0.42238204,-0.50087044,-0.57935885
1783982400076_SELL,2026.07.13 22:40:00,1783982400076,PYRAMID_L3,3,1,1783982400076,3995.20,NO,0,TIME_EXIT,1783983000102,3997.35,-0.42238204,-0.50087044,-0.57935885
1783982400076_SELL,2026.07.13 22:40:00,1783982400076,PYRAMID_L5,5,1,1783982400076,3995.20,NO,0,TIME_EXIT,1783983000102,3997.35,-0.42238204,-0.50087044,-0.57935885
1783982400076_SELL,2026.07.13 22:40:00,1783982400076,PYRAMID_L7,7,1,1783982400076,3995.20,NO,0,TIME_EXIT,1783983000102,3997.35,-0.42238204,-0.50087044,-0.57935885
1783982400076_SELL,2026.07.13 22:40:00,1783982400076,PYRAMID_L10,10,1,1783982400076,3995.20,NO,0,TIME_EXIT,1783983000102,3997.35,-0.42238204,-0.50087044,-0.57935885
1783995600224_SELL,2026.07.14 02:20:00,1783995600224,CONTROL_L1,1,1,1783995600224,3999.35,NO,0,TIME_EXIT,1783996200313,3997.65,0.68146027,0.52114273,0.36082520
1783995600224_SELL,2026.07.14 02:20:00,1783995600224,PYRAMID_L3,3,1,1783995600224,3999.35,YES,1783995800331,PROTECTED_STOP,1783995859007,3999.40,-0.02004295,-0.18036049,-0.34067802
1783995600224_SELL,2026.07.14 02:20:00,1783995600224,PYRAMID_L3,3,2,1783995800331,3997.81,NO,0,TIME_EXIT,1783996200313,3997.65,0.06413744,-0.09611837,-0.25637417
1783995600224_SELL,2026.07.14 02:20:00,1783995600224,PYRAMID_L5,5,1,1783995600224,3999.35,YES,1783995841128,PROTECTED_STOP,1783995859007,3999.40,-0.02004295,-0.18036049,-0.34067802
1783995600224_SELL,2026.07.14 02:20:00,1783995600224,PYRAMID_L5,5,2,1783995841128,3998.51,NO,0,TIME_EXIT,1783996200313,3997.65,0.34473873,0.18445486,0.02417099
1783995600224_SELL,2026.07.14 02:20:00,1783995600224,PYRAMID_L7,7,1,1783995600224,3999.35,YES,1783995686109,PROTECTED_STOP,1783995689000,3999.40,-0.02004295,-0.18036049,-0.34067802
1783995600224_SELL,2026.07.14 02:20:00,1783995600224,PYRAMID_L7,7,2,1783995686109,3998.89,NO,0,TIME_EXIT,1783996200313,3997.65,0.49706514,0.33676604,0.17646694
1783995600224_SELL,2026.07.14 02:20:00,1783995600224,PYRAMID_L10,10,1,1783995600224,3999.35,YES,1783995661221,PROTECTED_STOP,1783995682773,3999.51,-0.06413744,-0.22445497,-0.38477251
1783995600224_SELL,2026.07.14 02:20:00,1783995600224,PYRAMID_L10,10,2,1783995661221,3998.47,NO,0,TIME_EXIT,1783996200313,3997.65,0.32870437,0.16842210,0.00813984
1784002500017_SELL,2026.07.14 04:15:00,1784002500017,CONTROL_L1,1,1,1784002500017,3995.20,NO,0,HARD_SL,1784002755878,4004.66,-1.00457002,-1.04699558,-1.08942114
1784002500017_SELL,2026.07.14 04:15:00,1784002500017,PYRAMID_L3,3,1,1784002500017,3995.20,NO,0,HARD_SL,1784002755878,4004.66,-1.00457002,-1.04699558,-1.08942114
1784002500017_SELL,2026.07.14 04:15:00,1784002500017,PYRAMID_L5,5,1,1784002500017,3995.20,NO,0,HARD_SL,1784002755878,4004.66,-1.00457002,-1.04699558,-1.08942114
1784002500017_SELL,2026.07.14 04:15:00,1784002500017,PYRAMID_L7,7,1,1784002500017,3995.20,NO,0,HARD_SL,1784002755878,4004.66,-1.00457002,-1.04699558,-1.08942114
1784002500017_SELL,2026.07.14 04:15:00,1784002500017,PYRAMID_L10,10,1,1784002500017,3995.20,NO,0,HARD_SL,1784002755878,4004.66,-1.00457002,-1.04699558,-1.08942114
1784003400048_SELL,2026.07.14 04:30:00,1784003400048,CONTROL_L1,1,1,1784003400048,3997.81,NO,0,TIME_EXIT,1784004000166,3997.79,0.00229814,-0.04363955,-0.08957725
1784003400048_SELL,2026.07.14 04:30:00,1784003400048,PYRAMID_L3,3,1,1784003400048,3997.81,YES,1784003800069,PROTECTED_STOP,1784003842872,3997.89,-0.00919257,-0.05513027,-0.10106796
1784003400048_SELL,2026.07.14 04:30:00,1784003400048,PYRAMID_L3,3,2,1784003800069,3996.63,NO,0,TIME_EXIT,1784004000166,3997.79,-0.13329230,-0.17921643,-0.22514057
1784003400048_SELL,2026.07.14 04:30:00,1784003400048,PYRAMID_L5,5,1,1784003400048,3997.81,YES,1784003760073,PROTECTED_STOP,1784003842872,3997.89,-0.00919257,-0.05513027,-0.10106796
1784003400048_SELL,2026.07.14 04:30:00,1784003400048,PYRAMID_L5,5,2,1784003760073,3995.23,NO,0,TIME_EXIT,1784004000166,3997.79,-0.29416231,-0.34007036,-0.38597841
1784003400048_SELL,2026.07.14 04:30:00,1784003400048,PYRAMID_L7,7,1,1784003400048,3997.81,YES,1784003742956,PROTECTED_STOP,1784003842872,3997.89,-0.00919257,-0.05513027,-0.10106796
1784003400048_SELL,2026.07.14 04:30:00,1784003400048,PYRAMID_L7,7,2,1784003742956,3993.46,NO,0,TIME_EXIT,1784004000166,3997.79,-0.49754796,-0.54343567,-0.58932339
1784003400048_SELL,2026.07.14 04:30:00,1784003400048,PYRAMID_L10,10,1,1784003400048,3997.81,YES,1784003760073,PROTECTED_STOP,1784003842872,3997.89,-0.00919257,-0.05513027,-0.10106796
1784003400048_SELL,2026.07.14 04:30:00,1784003400048,PYRAMID_L10,10,2,1784003760073,3995.23,NO,0,TIME_EXIT,1784004000166,3997.79,-0.29416231,-0.34007036,-0.38597841
1784111100010_SELL,2026.07.15 10:25:00,1784111100010,CONTROL_L1,1,1,1784111100010,4025.87,NO,0,TIME_EXIT,1784111700017,4024.04,0.36976367,0.28841829,0.20707291
1784111100010_SELL,2026.07.15 10:25:00,1784111100010,PYRAMID_L3,3,1,1784111100010,4025.87,YES,1784111300050,PROTECTED_STOP,1784111520525,4026.05,-0.03637020,-0.11771558,-0.19906096
1784111100010_SELL,2026.07.15 10:25:00,1784111100010,PYRAMID_L3,3,2,1784111300050,4023.11,NO,0,TIME_EXIT,1784111700017,4024.04,-0.18791268,-0.26920229,-0.35049191
1784111100010_SELL,2026.07.15 10:25:00,1784111100010,PYRAMID_L5,5,1,1784111100010,4025.87,YES,1784111220069,PROTECTED_STOP,1784111520525,4026.05,-0.03637020,-0.11771558,-0.19906096
1784111100010_SELL,2026.07.15 10:25:00,1784111100010,PYRAMID_L5,5,2,1784111220069,4022.74,NO,0,TIME_EXIT,1784111700017,4024.04,-0.26267364,-0.34395578,-0.42523791
1784111100010_SELL,2026.07.15 10:25:00,1784111100010,PYRAMID_L7,7,1,1784111100010,4025.87,YES,1784111185781,PROTECTED_STOP,1784111520525,4026.05,-0.03637020,-0.11771558,-0.19906096
1784111100010_SELL,2026.07.15 10:25:00,1784111100010,PYRAMID_L7,7,2,1784111185781,4024.71,YES,1784111271547,PROTECTED_STOP,1784111349365,4024.78,-0.01414397,-0.09546591,-0.17678785
1784111100010_SELL,2026.07.15 10:25:00,1784111100010,PYRAMID_L7,7,3,1784111271547,4021.78,NO,0,HARD_SL,1784111569375,4026.79,-1.01230381,-1.09356655,-1.17482928
1784111100010_SELL,2026.07.15 10:25:00,1784111100010,PYRAMID_L10,10,1,1784111100010,4025.87,YES,1784111160096,PROTECTED_STOP,1784111170814,4025.95,-0.01616453,-0.09750991,-0.17885529
1784111100010_SELL,2026.07.15 10:25:00,1784111100010,PYRAMID_L10,10,2,1784111160096,4024.91,NO,0,TIME_EXIT,1784111700017,4024.04,0.17578928,0.09446330,0.01313732
1786653000045_SELL,2026.08.13 20:30:00,1786653000045,CONTROL_L1,1,1,1786653000045,4363.13,NO,0,TIME_EXIT,1786653600077,4361.71,0.26080682,0.18067062,0.10053442
1786653000045_SELL,2026.08.13 20:30:00,1786653000045,PYRAMID_L3,3,1,1786653000045,4363.13,YES,1786653200079,TIME_EXIT,1786653600077,4361.71,0.26080682,0.18067062,0.10053442
1786653000045_SELL,2026.08.13 20:30:00,1786653000045,PYRAMID_L3,3,2,1786653200079,4361.92,YES,1786653400069,PROTECTED_STOP,1786653408025,4361.98,-0.01102001,-0.09113398,-0.17124796
1786653000045_SELL,2026.08.13 20:30:00,1786653000045,PYRAMID_L3,3,3,1786653400069,4361.44,NO,0,TIME_EXIT,1786653600077,4361.71,-0.04959003,-0.12969519,-0.20980035
1786653000045_SELL,2026.08.13 20:30:00,1786653000045,PYRAMID_L5,5,1,1786653000045,4363.13,YES,1786653120062,TIME_EXIT,1786653600077,4361.71,0.26080682,0.18067062,0.10053442
1786653000045_SELL,2026.08.13 20:30:00,1786653000045,PYRAMID_L5,5,2,1786653120062,4362.30,YES,1786653240092,PROTECTED_STOP,1786653519108,4362.30,0.00000000,-0.08012096,-0.16024192
1786653000045_SELL,2026.08.13 20:30:00,1786653000045,PYRAMID_L5,5,3,1786653240092,4360.10,NO,0,TIME_EXIT,1786653600077,4361.71,-0.29570351,-0.37578406,-0.45586461
1786653000045_SELL,2026.08.13 20:30:00,1786653000045,PYRAMID_L7,7,1,1786653000045,4363.13,YES,1786653171479,TIME_EXIT,1786653600077,4361.71,0.26080682,0.18067062,0.10053442
1786653000045_SELL,2026.08.13 20:30:00,1786653000045,PYRAMID_L7,7,2,1786653171479,4361.28,YES,1786653257203,PROTECTED_STOP,1786653274128,4361.37,-0.01653001,-0.09663223,-0.17673446
1786653000045_SELL,2026.08.13 20:30:00,1786653000045,PYRAMID_L7,7,3,1786653257203,4360.91,NO,0,TIME_EXIT,1786653600077,4361.71,-0.14693342,-0.22702885,-0.30712428
1786653000045_SELL,2026.08.13 20:30:00,1786653000045,PYRAMID_L10,10,1,1786653000045,4363.13,YES,1786653120062,TIME_EXIT,1786653600077,4361.71,0.26080682,0.18067062,0.10053442
1786653000045_SELL,2026.08.13 20:30:00,1786653000045,PYRAMID_L10,10,2,1786653120062,4362.30,YES,1786653240092,PROTECTED_STOP,1786653519108,4362.30,0.00000000,-0.08012096,-0.16024192
1786653000045_SELL,2026.08.13 20:30:00,1786653000045,PYRAMID_L10,10,3,1786653240092,4360.10,NO,0,TIME_EXIT,1786653600077,4361.71,-0.29570351,-0.37578406,-0.45586461
1786673100025_SELL,2026.08.14 02:05:00,1786673100025,CONTROL_L1,1,1,1786673100025,4349.49,NO,0,HARD_SL,1786673333495,4354.91,-1.01308411,-1.09438299,-1.17568187
1786673100025_SELL,2026.08.14 02:05:00,1786673100025,PYRAMID_L3,3,1,1786673100025,4349.49,NO,0,HARD_SL,1786673333495,4354.91,-1.01308411,-1.09438299,-1.17568187
1786673100025_SELL,2026.08.14 02:05:00,1786673100025,PYRAMID_L5,5,1,1786673100025,4349.49,NO,0,HARD_SL,1786673333495,4354.91,-1.01308411,-1.09438299,-1.17568187
1786673100025_SELL,2026.08.14 02:05:00,1786673100025,PYRAMID_L7,7,1,1786673100025,4349.49,NO,0,HARD_SL,1786673333495,4354.91,-1.01308411,-1.09438299,-1.17568187
1786673100025_SELL,2026.08.14 02:05:00,1786673100025,PYRAMID_L10,10,1,1786673100025,4349.49,NO,0,HARD_SL,1786673333495,4354.91,-1.01308411,-1.09438299,-1.17568187
1786695000009_SELL,2026.08.14 08:10:00,1786695000009,CONTROL_L1,1,1,1786695000009,4319.90,NO,0,TIME_EXIT,1786695600017,4319.11,0.25765871,0.11676506,-0.02412860
1786695000009_SELL,2026.08.14 08:10:00,1786695000009,PYRAMID_L3,3,1,1786695000009,4319.90,YES,1786695400044,PROTECTED_STOP,1786695450596,4319.91,-0.00326150,-0.14415515,-0.28504881
1786695000009_SELL,2026.08.14 08:10:00,1786695000009,PYRAMID_L3,3,2,1786695400044,4319.43,NO,0,TIME_EXIT,1786695600017,4319.11,0.10436808,-0.03651024,-0.17738856
1786695000009_SELL,2026.08.14 08:10:00,1786695000009,PYRAMID_L5,5,1,1786695000009,4319.90,YES,1786695360112,PROTECTED_STOP,1786695450596,4319.91,-0.00326150,-0.14415515,-0.28504881
1786695000009_SELL,2026.08.14 08:10:00,1786695000009,PYRAMID_L5,5,2,1786695360112,4319.19,NO,0,TIME_EXIT,1786695600017,4319.11,0.02609202,-0.11477847,-0.25564897
1786695000009_SELL,2026.08.14 08:10:00,1786695000009,PYRAMID_L7,7,1,1786695000009,4319.90,YES,1786695342875,PROTECTED_STOP,1786695450596,4319.91,-0.00326150,-0.14415515,-0.28504881
1786695000009_SELL,2026.08.14 08:10:00,1786695000009,PYRAMID_L7,7,2,1786695342875,4318.92,NO,0,TIME_EXIT,1786695600017,4319.11,-0.06196855,-0.20283024,-0.34369193
1786695000009_SELL,2026.08.14 08:10:00,1786695000009,PYRAMID_L10,10,1,1786695000009,4319.90,YES,1786695360112,PROTECTED_STOP,1786695450596,4319.91,-0.00326150,-0.14415515,-0.28504881
1786695000009_SELL,2026.08.14 08:10:00,1786695000009,PYRAMID_L10,10,2,1786695360112,4319.19,NO,0,TIME_EXIT,1786695600017,4319.11,0.02609202,-0.11477847,-0.25564897
1787688600090_SELL,2026.08.25 20:10:00,1787688600090,CONTROL_L1,1,1,1787688600090,4636.10,NO,0,HARD_SL,1787689154003,4642.06,-1.02004890,-1.09939535,-1.17874181
1787688600090_SELL,2026.08.25 20:10:00,1787688600090,PYRAMID_L3,3,1,1787688600090,4636.10,NO,0,HARD_SL,1787689154003,4642.06,-1.02004890,-1.09939535,-1.17874181
1787688600090_SELL,2026.08.25 20:10:00,1787688600090,PYRAMID_L5,5,1,1787688600090,4636.10,NO,0,HARD_SL,1787689154003,4642.06,-1.02004890,-1.09939535,-1.17874181
1787688600090_SELL,2026.08.25 20:10:00,1787688600090,PYRAMID_L7,7,1,1787688600090,4636.10,YES,1787688685898,PROTECTED_STOP,1787688706623,4636.11,-0.00171149,-0.08105795,-0.16040440
1787688600090_SELL,2026.08.25 20:10:00,1787688600090,PYRAMID_L7,7,2,1787688685898,4634.70,NO,0,HARD_SL,1787689054341,4640.61,-1.01149144,-1.09081394,-1.17013643
1787688600090_SELL,2026.08.25 20:10:00,1787688600090,PYRAMID_L10,10,1,1787688600090,4636.10,NO,0,HARD_SL,1787689154003,4642.06,-1.02004890,-1.09939535,-1.17874181
1787899200150_SELL,2026.08.28 06:40:00,1787899200150,CONTROL_L1,1,1,1787899200150,4582.90,NO,0,TIME_EXIT,1787899800288,4580.91,0.40627051,0.31270784,0.21914517
1787899200150_SELL,2026.08.28 06:40:00,1787899200150,PYRAMID_L3,3,1,1787899200150,4582.90,YES,1787899400197,TIME_EXIT,1787899800288,4580.91,0.40627051,0.31270784,0.21914517
1787899200150_SELL,2026.08.28 06:40:00,1787899200150,PYRAMID_L3,3,2,1787899400197,4582.41,YES,1787899600358,TIME_EXIT,1787899800288,4580.91,0.30623405,0.21268139,0.11912872
1787899200150_SELL,2026.08.28 06:40:00,1787899200150,PYRAMID_L3,3,3,1787899600358,4579.91,NO,0,TIME_EXIT,1787899800288,4580.91,-0.20415603,-0.29765766,-0.39115929
1787899200150_SELL,2026.08.28 06:40:00,1787899200150,PYRAMID_L5,5,1,1787899200150,4582.90,YES,1787899320437,PROTECTED_STOP,1787899399300,4582.94,-0.00816624,-0.10172891,-0.19529158
1787899200150_SELL,2026.08.28 06:40:00,1787899200150,PYRAMID_L5,5,2,1787899320437,4581.60,NO,0,TIME_EXIT,1787899800288,4580.91,0.14086766,0.04733153,-0.04620459
1787899200150_SELL,2026.08.28 06:40:00,1787899200150,PYRAMID_L7,7,1,1787899200150,4582.90,YES,1787899372057,PROTECTED_STOP,1787899399300,4582.94,-0.00816624,-0.10172891,-0.19529158
1787899200150_SELL,2026.08.28 06:40:00,1787899200150,PYRAMID_L7,7,2,1787899372057,4581.07,NO,0,TIME_EXIT,1787899800288,4580.91,0.03266497,-0.06086034,-0.15438565
1787899200150_SELL,2026.08.28 06:40:00,1787899200150,PYRAMID_L10,10,1,1787899200150,4582.90,YES,1787899320437,PROTECTED_STOP,1787899399300,4582.94,-0.00816624,-0.10172891,-0.19529158
1787899200150_SELL,2026.08.28 06:40:00,1787899200150,PYRAMID_L10,10,2,1787899320437,4581.60,NO,0,TIME_EXIT,1787899800288,4580.91,0.14086766,0.04733153,-0.04620459
