candidate_id,research_join_key,symbol,entry_timeframe,signal_time,signal_time_msc,signal_bar_time,side,horizon_minutes,status,observed_time,observed_time_msc,observation_delay_milliseconds,entry_bid,entry_ask,entry_mid,spread_points,m5_atr,m5_atr_points,ticks_scanned,best_exit_ask,worst_exit_ask,mfe_points,mae_points,mfe_bps,mae_bps,mfe_atr,mae_atr,time_to_mfe_milliseconds,time_to_mae_milliseconds,time_to_mfe_seconds,time_to_mae_seconds,future_ask_10m,return_10m_points,return_10m_bps
P2F4_CANDIDATE_S1,1767391200005_SELL,XAUUSD,PERIOD_M5,2026.01.02 22:00:00,1767391200005,2026.01.02 22:00:00,SELL,10,OK,2026.01.02 22:10:00,1767391800110,105,4318.18,4318.28,4318.23,10.0,3.61,360.64,5680,4317.38,4320.60,80.00,242.00,1.8526,5.6042,0.221826,0.671024,25500,259092,25.500,259.092,4319.48,-130.00,-3.0105
P2F4_CANDIDATE_S1,1767765900054_SELL,XAUUSD,PERIOD_M5,2026.01.07 06:05:00,1767765900054,2026.01.07 06:05:00,SELL,10,OK,2026.01.07 06:15:00,1767766500136,82,4473.10,4473.26,4473.18,16.0,3.53,352.86,5896,4469.42,4473.92,368.00,82.00,8.2270,1.8332,1.042915,0.232389,549407,22272,549.407,22.272,4470.56,254.00,5.6784
P2F4_CANDIDATE_S1,1767789000507_SELL,XAUUSD,PERIOD_M5,2026.01.07 12:30:00,1767789000507,2026.01.07 12:30:00,SELL,10,OK,2026.01.07 12:40:00,1767789600984,477,4459.88,4460.05,4459.97,17.0,3.22,322.36,798,4459.11,4465.85,77.00,597.00,1.7265,13.3860,0.238865,1.851983,32206,536794,32.206,536.794,4464.96,-508.00,-11.3904
P2F4_CANDIDATE_S1,1767791700254_SELL,XAUUSD,PERIOD_M5,2026.01.07 13:15:00,1767791700254,2026.01.07 13:15:00,SELL,10,OK,2026.01.07 13:25:00,1767792300255,1,4461.78,4461.95,4461.86,17.0,2.84,284.07,699,4459.74,4464.43,204.00,265.00,4.5722,5.9393,0.718129,0.932864,597817,274635,597.817,274.635,4459.76,202.00,4.5273
P2F4_CANDIDATE_S1,1767803400041_SELL,XAUUSD,PERIOD_M5,2026.01.07 16:30:00,1767803400041,2026.01.07 16:30:00,SELL,10,OK,2026.01.07 16:40:00,1767804000066,25,4444.65,4444.80,4444.73,15.0,6.29,629.00,12206,4435.88,4452.45,877.00,780.00,19.7316,17.5492,1.394277,1.240064,516637,303159,516.637,303.159,4441.22,343.00,7.7171
P2F4_CANDIDATE_S1,1767804000018_SELL,XAUUSD,PERIOD_M5,2026.01.07 16:40:00,1767804000018,2026.01.07 16:40:00,SELL,10,OK,2026.01.07 16:50:00,1767804600035,17,4441.04,4441.22,4441.13,18.0,6.92,691.64,11702,4439.83,4447.43,121.00,639.00,2.7246,14.3885,0.174946,0.923887,179797,432541,179.797,432.541,4442.95,-191.00,-4.3008
P2F4_CANDIDATE_S1,1767816300014_SELL,XAUUSD,PERIOD_M5,2026.01.07 20:05:00,1767816300014,2026.01.07 20:05:00,SELL,10,OK,2026.01.07 20:15:00,1767816900024,10,4450.59,4450.74,4450.66,15.0,3.89,388.71,7579,4448.14,4453.01,245.00,242.00,5.5049,5.4375,0.630283,0.622565,164169,353643,164.169,353.643,4450.06,53.00,1.1909
P2F4_CANDIDATE_S1,1767827400165_SELL,XAUUSD,PERIOD_M5,2026.01.07 23:10:00,1767827400165,2026.01.07 23:10:00,SELL,10,OK,2026.01.07 23:20:01,1767828001934,1769,4452.91,4453.18,4453.05,27.0,3.56,355.57,786,4453.18,4454.80,0.00,189.00,0.0000,4.2444,0.000000,0.531539,0,303703,0.000,303.703,4454.15,-124.00,-2.7847
P2F4_CANDIDATE_S1,1767866700025_SELL,XAUUSD,PERIOD_M5,2026.01.08 10:05:00,1767866700025,2026.01.08 10:05:00,SELL,10,OK,2026.01.08 10:15:00,1767867300088,63,4425.75,4425.94,4425.84,19.0,4.26,425.79,6511,4425.94,4433.44,0.00,769.00,0.0000,17.3756,0.000000,1.806073,0,367884,0.000,367.884,4425.97,-22.00,-0.4971
P2F4_CANDIDATE_S1,1767871200003_SELL,XAUUSD,PERIOD_M5,2026.01.08 11:20:00,1767871200003,2026.01.08 11:20:00,SELL,10,OK,2026.01.08 11:30:00,1767871800018,15,4426.51,4426.61,4426.56,10.0,4.83,482.57,6047,4426.23,4431.26,28.00,475.00,0.6326,10.7308,0.058022,0.984310,1616,511276,1.616,511.276,4430.43,-392.00,-8.8557
P2F4_CANDIDATE_S1,1767874800039_SELL,XAUUSD,PERIOD_M5,2026.01.08 12:20:00,1767874800039,2026.01.08 12:20:00,SELL,10,OK,2026.01.08 12:30:00,1767875400067,28,4424.39,4424.53,4424.46,14.0,3.43,342.71,4932,4423.19,4427.65,120.00,326.00,2.7122,7.3682,0.350146,0.951230,4153,471965,4.153,471.965,4424.79,-40.00,-0.9041
P2F4_CANDIDATE_S1,1767878400132_SELL,XAUUSD,PERIOD_M5,2026.01.08 13:20:00,1767878400132,2026.01.08 13:20:00,SELL,10,OK,2026.01.08 13:30:00,1767879000205,73,4428.81,4428.98,4428.90,17.0,3.49,349.29,6553,4424.90,4429.16,391.00,35.00,8.8286,0.7903,1.119427,0.100204,367593,109216,367.593,109.216,4426.53,228.00,5.1481
P2F4_CANDIDATE_S1,1767885000010_SELL,XAUUSD,PERIOD_M5,2026.01.08 15:10:00,1767885000010,2026.01.08 15:10:00,SELL,10,OK,2026.01.08 15:20:00,1767885600054,44,4418.68,4418.82,4418.75,14.0,5.71,570.93,9290,4417.48,4427.70,120.00,902.00,2.7157,20.4133,0.210184,1.579882,47294,566404,47.294,566.404,4425.95,-727.00,-16.4529
P2F4_CANDIDATE_S1,1767888900003_SELL,XAUUSD,PERIOD_M5,2026.01.08 16:15:00,1767888900003,2026.01.08 16:15:00,SELL,10,OK,2026.01.08 16:25:00,1767889500014,11,4423.48,4423.58,4423.53,10.0,6.29,628.79,8295,4419.58,4429.25,390.00,577.00,8.8166,13.0440,0.620243,0.917642,65331,599024,65.331,599.024,4429.10,-562.00,-12.7049
P2F4_CANDIDATE_S1,1768271400116_SELL,XAUUSD,PERIOD_M5,2026.01.13 02:30:00,1768271400116,2026.01.13 02:30:00,SELL,10,OK,2026.01.13 02:40:00,1768272000238,122,4588.31,4588.53,4588.42,22.0,4.88,487.86,4143,4584.68,4591.04,363.00,273.00,7.9114,5.9499,0.744070,0.559590,537418,83367,537.418,83.367,4585.48,283.00,6.1678
P2F4_CANDIDATE_S1,1768305300296_SELL,XAUUSD,PERIOD_M5,2026.01.13 11:55:00,1768305300296,2026.01.13 11:55:00,SELL,10,OK,2026.01.13 12:05:00,1768305900381,85,4585.97,4586.10,4586.03,13.0,2.94,294.14,3365,4583.05,4587.64,292.00,167.00,6.3672,3.6415,0.992715,0.567751,584162,84469,584.162,84.469,4583.10,287.00,6.2582
P2F4_CANDIDATE_S1,1768313700469_SELL,XAUUSD,PERIOD_M5,2026.01.13 14:15:00,1768313700469,2026.01.13 14:15:00,SELL,10,OK,2026.01.13 14:25:00,1768314300502,33,4583.58,4583.72,4583.65,14.0,2.97,297.14,3567,4579.53,4584.85,405.00,127.00,8.8359,2.7708,1.362981,0.427404,586717,198803,586.717,198.803,4579.86,372.00,8.1159
P2F4_CANDIDATE_S1,1768452600111_SELL,XAUUSD,PERIOD_M5,2026.01.15 04:50:00,1768452600111,2026.01.15 04:50:00,SELL,10,OK,2026.01.15 05:00:00,1768453200125,14,4604.10,4604.31,4604.20,21.0,6.11,610.86,8917,4595.71,4605.36,839.00,126.00,18.2229,2.7367,1.373480,0.206268,154246,488807,154.246,488.807,4603.13,97.00,2.1068
P2F4_CANDIDATE_S1,1768471500011_SELL,XAUUSD,PERIOD_M5,2026.01.15 10:05:00,1768471500011,2026.01.15 10:05:00,SELL,10,OK,2026.01.15 10:15:00,1768472100050,39,4599.87,4600.06,4599.97,19.0,3.74,374.14,5687,4598.38,4604.75,149.00,488.00,3.2392,10.6090,0.398244,1.304315,58394,583655,58.394,583.655,4603.96,-409.00,-8.8916
P2F4_CANDIDATE_S1,1768474200011_SELL,XAUUSD,PERIOD_M5,2026.01.15 10:50:00,1768474200011,2026.01.15 10:50:00,SELL,10,OK,2026.01.15 11:00:00,1768474800057,46,4603.24,4603.35,4603.30,11.0,3.96,396.36,3537,4601.25,4605.48,199.00,224.00,4.3230,4.8661,0.502072,0.565147,340987,586333,340.987,586.333,4604.38,-114.00,-2.4765
P2F4_CANDIDATE_S1,1768553400028_SELL,XAUUSD,PERIOD_M5,2026.01.16 08:50:00,1768553400028,2026.01.16 08:50:00,SELL,10,OK,2026.01.16 09:00:00,1768554000044,16,4596.80,4597.00,4596.90,20.0,4.55,454.86,6341,4595.09,4599.36,171.00,256.00,3.7200,5.5691,0.375942,0.562814,147861,581602,147.861,581.602,4598.21,-141.00,-3.0674
P2F4_CANDIDATE_S1,1768560600013_SELL,XAUUSD,PERIOD_M5,2026.01.16 10:50:00,1768560600013,2026.01.16 10:50:00,SELL,10,OK,2026.01.16 11:00:00,1768561200139,126,4602.94,4603.09,4603.01,15.0,3.82,381.71,2865,4602.57,4607.62,37.00,468.00,0.8038,10.1674,0.096931,1.226048,30831,324052,30.831,324.052,4603.08,-14.00,-0.3042
P2F4_CANDIDATE_S1,1768568700253_SELL,XAUUSD,PERIOD_M5,2026.01.16 13:05:00,1768568700253,2026.01.16 13:05:00,SELL,10,OK,2026.01.16 13:15:00,1768569300778,525,4601.36,4601.52,4601.44,16.0,3.16,316.14,4152,4599.09,4606.81,227.00,545.00,4.9333,11.8443,0.718030,1.723904,214767,595869,214.767,595.869,4606.60,-524.00,-11.3879
P2F4_CANDIDATE_S1,1768584600017_SELL,XAUUSD,PERIOD_M5,2026.01.16 17:30:00,1768584600017,2026.01.16 17:30:00,SELL,10,OK,2026.01.16 17:40:00,1768585200032,15,4565.12,4565.25,4565.18,13.0,9.83,982.71,15314,4536.96,4570.46,2816.00,534.00,61.6851,11.6974,2.865533,0.543393,252563,2923,252.563,2.923,4548.37,1675.00,36.6913
P2F4_CANDIDATE_S1,1768591500037_SELL,XAUUSD,PERIOD_M5,2026.01.16 19:25:00,1768591500037,2026.01.16 19:25:00,SELL,10,OK,2026.01.16 19:35:00,1768592100054,17,4584.53,4584.72,4584.63,19.0,7.64,763.93,8685,4577.01,4585.11,752.00,58.00,16.4030,1.2651,0.984385,0.075923,285492,492231,285.492,492.231,4583.63,90.00,1.9631
P2F4_CANDIDATE_S1,1768597800003_SELL,XAUUSD,PERIOD_M5,2026.01.16 21:10:00,1768597800003,2026.01.16 21:10:00,SELL,10,OK,2026.01.16 21:20:00,1768598400183,180,4584.50,4584.66,4584.58,16.0,5.32,532.14,5990,4581.13,4586.24,337.00,174.00,7.3509,3.7954,0.633289,0.326980,510712,426492,510.712,426.492,4583.75,75.00,1.6359
P2F4_CANDIDATE_S1,1768603200061_SELL,XAUUSD,PERIOD_M5,2026.01.16 22:40:00,1768603200061,2026.01.16 22:40:00,SELL,10,OK,2026.01.16 22:50:00,1768603800131,70,4585.35,4585.55,4585.45,20.0,3.64,363.86,5069,4584.19,4587.32,116.00,197.00,2.5298,4.2963,0.318806,0.541421,509773,227771,509.773,227.771,4585.93,-58.00,-1.2649
P2F4_CANDIDATE_S1,1769031300019_SELL,XAUUSD,PERIOD_M5,2026.01.21 21:35:00,1769031300019,2026.01.21 21:35:00,SELL,10,OK,2026.01.21 21:45:00,1769031900090,71,4805.83,4806.03,4805.93,20.0,9.93,993.29,14640,4765.94,4806.44,3989.00,61.00,83.0034,1.2693,4.015964,0.061412,578168,2199,578.168,2.199,4766.19,3964.00,82.4832
P2F4_CANDIDATE_S1,1769044800059_SELL,XAUUSD,PERIOD_M5,2026.01.22 01:20:00,1769044800059,2026.01.22 01:20:00,SELL,10,OK,2026.01.22 01:30:00,1769045400241,182,4803.29,4803.52,4803.41,23.0,8.39,839.36,4722,4785.19,4807.49,1810.00,420.00,37.6825,8.7440,2.156412,0.500383,455777,120509,455.777,120.509,4795.23,806.00,16.7802
P2F4_CANDIDATE_S1,1769055300007_SELL,XAUUSD,PERIOD_M5,2026.01.22 04:15:00,1769055300007,2026.01.22 04:15:00,SELL,10,OK,2026.01.22 04:25:00,1769055900051,44,4793.51,4793.73,4793.62,22.0,8.46,846.36,5501,4788.09,4796.01,542.00,250.00,11.3070,5.2154,0.640392,0.295384,595109,376192,595.109,376.192,4788.70,481.00,10.0344
P2F4_CANDIDATE_S1,1769174100008_SELL,XAUUSD,PERIOD_M5,2026.01.23 13:15:00,1769174100008,2026.01.23 13:15:00,SELL,10,OK,2026.01.23 13:25:00,1769174700252,244,4918.50,4918.69,4918.59,19.0,4.71,471.07,4467,4912.25,4919.76,625.00,126.00,12.7071,2.5618,1.326763,0.267475,194429,596071,194.429,596.071,4919.61,-111.00,-2.2568
P2F4_CANDIDATE_S1,1769469300010_SELL,XAUUSD,PERIOD_M5,2026.01.26 23:15:00,1769469300010,2026.01.26 23:15:00,SELL,10,OK,2026.01.26 23:25:00,1769469900018,8,5034.23,5034.40,5034.31,17.0,11.48,1147.79,5658,5011.36,5036.13,2287.00,190.00,45.4290,3.7742,1.992532,0.165536,478586,6689,478.586,6.689,5020.61,1362.00,27.0548
P2F4_CANDIDATE_S1,1769482200011_SELL,XAUUSD,PERIOD_M5,2026.01.27 02:50:00,1769482200011,2026.01.27 02:50:00,SELL,10,OK,2026.01.27 03:00:00,1769482800011,0,5023.55,5023.68,5023.61,13.0,7.41,740.71,10207,5013.86,5035.62,969.00,1207.00,19.2891,24.0268,1.308197,1.629508,121858,514512,121.858,514.512,5032.95,-940.00,-18.7119
P2F4_CANDIDATE_S1,1769721300024_SELL,XAUUSD,PERIOD_M5,2026.01.29 21:15:00,1769721300024,2026.01.29 21:15:00,SELL,10,OK,2026.01.29 21:25:00,1769721900098,74,5306.71,5306.91,5306.81,20.0,23.10,2310.29,10444,5305.26,5332.70,145.00,2599.00,2.7324,48.9757,0.062763,1.124969,3267,209884,3.267,209.884,5314.49,-778.00,-14.6607
P2F4_CANDIDATE_S1,1769742000015_SELL,XAUUSD,PERIOD_M5,2026.01.30 03:00:00,1769742000015,2026.01.30 03:00:00,SELL,10,OK,2026.01.30 03:10:00,1769742600042,27,5407.18,5407.31,5407.25,13.0,16.48,1647.79,11467,5366.59,5410.03,4059.00,285.00,75.0669,5.2708,2.463306,0.172959,599332,312,599.332,0.312,5366.79,4039.00,74.6970
P2F4_CANDIDATE_S1,1769760000047_SELL,XAUUSD,PERIOD_M5,2026.01.30 08:00:00,1769760000047,2026.01.30 08:00:00,SELL,10,OK,2026.01.30 08:10:00,1769760600110,63,5184.98,5185.14,5185.06,16.0,15.80,1580.43,9144,5174.28,5204.01,1070.00,1903.00,20.6365,36.7022,0.677032,1.204104,456855,283658,456.855,283.658,5193.46,-848.00,-16.3549
P2F4_CANDIDATE_S1,1769784600035_SELL,XAUUSD,PERIOD_M5,2026.01.30 14:50:00,1769784600035,2026.01.30 14:50:00,SELL,10,OK,2026.01.30 15:00:00,1769785200052,17,5066.15,5066.35,5066.25,20.0,22.65,2265.07,5853,5055.66,5096.61,1049.00,3046.00,20.7061,60.1246,0.463120,1.344770,593616,260323,593.616,260.323,5064.74,141.00,2.7832
P2F4_CANDIDATE_S1,1769792400039_SELL,XAUUSD,PERIOD_M5,2026.01.30 17:00:00,1769792400039,2026.01.30 17:00:00,SELL,10,OK,2026.01.30 17:10:00,1769793000046,7,5033.17,5033.37,5033.27,20.0,31.48,3147.93,7470,4980.80,5034.85,5237.00,168.00,104.0497,3.3379,1.663634,0.053368,304291,25465,304.291,25.465,5000.65,3252.00,64.6114
P2F4_CANDIDATE_S1,1769813100051_SELL,XAUUSD,PERIOD_M5,2026.01.30 22:45:00,1769813100051,2026.01.30 22:45:00,SELL,10,OK,2026.01.30 22:55:00,1769813700148,97,4861.74,4862.01,4861.88,27.0,30.30,3030.36,6384,4836.02,4879.86,2572.00,1812.00,52.9029,37.2706,0.848745,0.597949,584984,152834,584.984,152.834,4838.56,2318.00,47.6784
P2F4_CANDIDATE_S1,1769994300011_SELL,XAUUSD,PERIOD_M5,2026.02.02 01:05:00,1769994300011,2026.02.02 01:05:00,SELL,10,OK,2026.02.02 01:15:00,1769994900013,2,4828.32,4829.86,4829.09,154.0,31.01,3100.93,4148,4713.02,4831.84,11530.00,352.00,238.7994,7.2903,3.718241,0.113514,414991,9506,414.991,9.506,4742.67,8565.00,177.3909
P2F4_CANDIDATE_S1,1770000900026_SELL,XAUUSD,PERIOD_M5,2026.02.02 02:55:00,1770000900026,2026.02.02 02:55:00,SELL,10,OK,2026.02.02 03:05:00,1770001500030,4,4791.37,4791.66,4791.51,29.0,34.86,3486.00,13643,4731.80,4796.04,5957.00,467.00,124.3277,9.7467,1.708835,0.133964,324649,4757,324.649,4.757,4756.21,3516.00,73.3819
P2F4_CANDIDATE_S1,1770008100047_SELL,XAUUSD,PERIOD_M5,2026.02.02 04:55:00,1770008100047,2026.02.02 04:55:00,SELL,10,OK,2026.02.02 05:05:00,1770008700070,23,4727.83,4727.98,4727.90,15.0,27.54,2754.43,10717,4698.59,4739.50,2924.00,1167.00,61.8466,24.6836,1.061563,0.423681,220677,97628,220.677,97.628,4707.00,2083.00,44.0583
P2F4_CANDIDATE_S1,1770060000091_SELL,XAUUSD,PERIOD_M5,2026.02.02 19:20:00,1770060000091,2026.02.02 19:20:00,SELL,10,OK,2026.02.02 19:30:00,1770060600120,29,4678.05,4678.15,4678.10,10.0,27.38,2738.14,8058,4660.45,4683.76,1760.00,571.00,37.6225,12.2059,0.642771,0.208536,551000,115102,551.000,115.102,4667.48,1057.00,22.5949
P2F4_CANDIDATE_S1,1770073200031_SELL,XAUUSD,PERIOD_M5,2026.02.02 23:00:00,1770073200031,2026.02.02 23:00:00,SELL,10,OK,2026.02.02 23:10:00,1770073800331,300,4652.67,4652.82,4652.74,15.0,21.13,2112.71,3175,4644.10,4666.29,857.00,1362.00,18.4195,29.2735,0.405639,0.644668,133810,263985,133.810,263.985,4663.69,-1102.00,-23.6853
P2F4_CANDIDATE_S1,1770076500040_SELL,XAUUSD,PERIOD_M5,2026.02.02 23:55:00,1770076500040,2026.02.02 23:55:00,SELL,10,NO_TICK_NEAR_TARGET,,,0,4664.72,4665.16,4664.94,44.0,16.15,1614.79,,,,,,,,,,,,,,,,
P2F4_CANDIDATE_S1,1770288900046_SELL,XAUUSD,PERIOD_M5,2026.02.05 10:55:00,1770288900046,2026.02.05 10:55:00,SELL,10,OK,2026.02.05 11:05:00,1770289500090,44,4904.71,4904.75,4904.73,4.0,12.06,1205.79,7426,4881.86,4918.56,2285.00,1385.00,46.5879,28.2382,1.895030,1.148629,574907,188567,574.907,188.567,4884.25,2046.00,41.7150
P2F4_CANDIDATE_S1,1770299400010_SELL,XAUUSD,PERIOD_M5,2026.02.05 13:50:00,1770299400010,2026.02.05 13:50:00,SELL,10,OK,2026.02.05 14:00:00,1770300000082,72,4871.72,4871.76,4871.74,4.0,10.79,1078.71,4823,4864.63,4873.61,709.00,189.00,14.5534,3.8795,0.657264,0.175209,160400,311556,160.400,311.556,4868.41,331.00,6.7943
P2F4_CANDIDATE_S1,1770311700035_SELL,XAUUSD,PERIOD_M5,2026.02.05 17:15:00,1770311700035,2026.02.05 17:15:00,SELL,10,OK,2026.02.05 17:25:00,1770312300107,72,4828.45,4828.65,4828.55,20.0,26.15,2615.43,13031,4823.47,4845.67,498.00,1722.00,10.3139,35.6636,0.190409,0.658401,25670,206271,25.670,206.271,4831.29,-284.00,-5.8818
P2F4_CANDIDATE_S1,1770312300005_SELL,XAUUSD,PERIOD_M5,2026.02.05 17:25:00,1770312300005,2026.02.05 17:25:00,SELL,10,OK,2026.02.05 17:35:00,1770312900048,43,4831.24,4831.44,4831.34,20.0,24.84,2484.21,12739,4810.76,4841.47,2048.00,1023.00,42.3908,21.1747,0.824406,0.411800,581266,40153,581.266,40.153,4814.74,1650.00,34.1527
P2F4_CANDIDATE_S1,1770324900011_SELL,XAUUSD,PERIOD_M5,2026.02.05 20:55:00,1770324900011,2026.02.05 20:55:00,SELL,10,OK,2026.02.05 21:05:00,1770325500014,3,4858.84,4858.88,4858.86,4.0,14.13,1412.50,7886,4851.45,4862.30,739.00,346.00,15.2094,7.1210,0.523186,0.244956,206166,426107,206.166,426.107,4854.78,406.00,8.3559
P2F4_CANDIDATE_S1,1770348000038_SELL,XAUUSD,PERIOD_M5,2026.02.06 03:20:00,1770348000038,2026.02.06 03:20:00,SELL,10,OK,2026.02.06 03:30:00,1770348600098,60,4718.03,4718.07,4718.05,4.0,30.54,3053.64,11908,4705.07,4730.46,1296.00,1243.00,27.4691,26.3457,0.424411,0.407055,250437,434549,250.437,434.549,4712.14,589.00,12.4840
