research_join_key,signal_time,signal_time_msc,side,s2_gate,gate_reason,history_count,mean20_shadow_bps,median20_shadow_bps,mean5_shadow_bps,status,entry_bid,entry_ask,target_ask,shadow_10m_bps,m5_atr,stop_distance,exit_mode,exit_time_msc,exit_ask,observed_r,nominal_net_r_1bps,stress_net_r_2bps
1767391200005_SELL,2026.01.02 22:00:00,1767391200005,SELL,REJECT,WARMUP,0,0.000000,0.000000,0.000000,OK,4318.18,4318.28,4319.48,-3.010528,3.61,4.51,TIME_EXIT,1767391800110,4319.48,-0.288374,-0.384162,-0.479951
1767765900054_SELL,2026.01.07 06:05:00,1767765900054,SELL,REJECT,WARMUP,1,0.000000,0.000000,0.000000,OK,4473.10,4473.26,4470.56,5.678389,3.53,4.41,TIME_EXIT,1767766500136,4470.56,0.575870,0.474456,0.373042
1767789000507_SELL,2026.01.07 12:30:00,1767789000507,SELL,REJECT,WARMUP,2,0.000000,0.000000,0.000000,OK,4459.88,4460.05,4464.96,-11.390441,3.22,4.03,HARD_SL,1767789249010,4464.05,-1.034877,-1.145559,-1.256240
1767791700254_SELL,2026.01.07 13:15:00,1767791700254,SELL,REJECT,WARMUP,3,0.000000,0.000000,0.000000,OK,4461.78,4461.95,4459.76,4.527341,2.84,3.55,TIME_EXIT,1767792300255,4459.76,0.568871,0.443219,0.317566
1767803400041_SELL,2026.01.07 16:30:00,1767803400041,SELL,REJECT,WARMUP,4,0.000000,0.000000,0.000000,OK,4444.65,4444.80,4441.22,7.717143,6.29,7.86,TIME_EXIT,1767804000066,4441.22,0.436248,0.379718,0.323189
1767804000018_SELL,2026.01.07 16:40:00,1767804000018,SELL,REJECT,WARMUP,4,0.000000,0.000000,0.000000,OK,4441.04,4441.22,4442.95,-4.300794,6.92,8.65,TIME_EXIT,1767804600035,4442.95,-0.220923,-0.272291,-0.323659
1767816300014_SELL,2026.01.07 20:05:00,1767816300014,SELL,REJECT,WARMUP,6,0.000000,0.000000,0.000000,OK,4450.59,4450.74,4450.06,1.190853,3.89,4.86,TIME_EXIT,1767816900024,4450.06,0.109078,0.017481,-0.074115
1767827400165_SELL,2026.01.07 23:10:00,1767827400165,SELL,REJECT,WARMUP,7,0.000000,0.000000,0.000000,OK,4452.91,4453.18,4454.15,-2.784696,3.56,4.44,TIME_EXIT,1767828001934,4454.15,-0.278988,-0.379174,-0.479360
1767866700025_SELL,2026.01.08 10:05:00,1767866700025,SELL,REJECT,WARMUP,8,0.000000,0.000000,0.000000,OK,4425.75,4425.94,4425.97,-0.497091,4.26,5.32,HARD_SL,1767866963280,4431.09,-1.003322,-1.086476,-1.169631
1767871200003_SELL,2026.01.08 11:20:00,1767871200003,SELL,REJECT,WARMUP,9,0.000000,0.000000,0.000000,OK,4426.51,4426.61,4430.43,-8.855735,4.83,6.03,TIME_EXIT,1767871800018,4430.43,-0.649852,-0.723234,-0.796616
1767874800039_SELL,2026.01.08 12:20:00,1767874800039,SELL,REJECT,WARMUP,10,0.000000,0.000000,0.000000,OK,4424.39,4424.53,4424.79,-0.904079,3.43,4.28,TIME_EXIT,1767875400067,4424.79,-0.093372,-0.196651,-0.299930
1767878400132_SELL,2026.01.08 13:20:00,1767878400132,SELL,REJECT,WARMUP,11,0.000000,0.000000,0.000000,OK,4428.81,4428.98,4426.53,5.148110,3.49,4.37,TIME_EXIT,1767879000205,4426.53,0.522209,0.420772,0.319335
1767885000010_SELL,2026.01.08 15:10:00,1767885000010,SELL,REJECT,WARMUP,12,0.000000,0.000000,0.000000,OK,4418.68,4418.82,4425.95,-16.452877,5.71,7.14,HARD_SL,1767885516729,4425.84,-1.003278,-1.065194,-1.127109
1767888900003_SELL,2026.01.08 16:15:00,1767888900003,SELL,REJECT,WARMUP,13,0.000000,0.000000,0.000000,OK,4423.48,4423.58,4429.10,-12.704929,6.29,7.86,TIME_EXIT,1767889500014,4429.10,-0.715029,-0.771309,-0.827588
1768271400116_SELL,2026.01.13 02:30:00,1768271400116,SELL,REJECT,WARMUP,14,0.000000,0.000000,0.000000,OK,4588.31,4588.53,4585.48,6.167848,4.88,6.10,TIME_EXIT,1768272000238,4585.48,0.464070,0.388830,0.313590
1768305300296_SELL,2026.01.13 11:55:00,1768305300296,SELL,REJECT,WARMUP,15,0.000000,0.000000,0.000000,OK,4585.97,4586.10,4583.10,6.258218,2.94,3.68,TIME_EXIT,1768305900381,4583.10,0.780573,0.655845,0.531118
1768313700469_SELL,2026.01.13 14:15:00,1768313700469,SELL,REJECT,WARMUP,16,0.000000,0.000000,0.000000,OK,4583.58,4583.72,4579.86,8.115927,2.97,3.71,TIME_EXIT,1768314300502,4579.86,1.001538,0.878134,0.754730
1768452600111_SELL,2026.01.15 04:50:00,1768452600111,SELL,REJECT,WARMUP,17,0.000000,0.000000,0.000000,OK,4604.10,4604.31,4603.13,2.106818,6.11,7.64,TIME_EXIT,1768453200125,4603.13,0.127035,0.066738,0.006441
1768471500011_SELL,2026.01.15 10:05:00,1768471500011,SELL,REJECT,WARMUP,18,0.000000,0.000000,0.000000,OK,4599.87,4600.06,4603.96,-8.891556,3.74,4.68,HARD_SL,1768472073599,4604.55,-1.000687,-1.099043,-1.197398
1768474200011_SELL,2026.01.15 10:50:00,1768474200011,SELL,REJECT,WARMUP,19,0.000000,0.000000,0.000000,OK,4603.24,4603.35,4604.38,-2.476517,3.96,4.95,TIME_EXIT,1768474800057,4604.38,-0.230096,-0.323006,-0.415917
1768553400028_SELL,2026.01.16 08:50:00,1768553400028,SELL,REJECT,MEAN20_NOT_ABOVE_1BPS,20,-1.267930,-0.700585,1.022578,OK,4596.80,4597.00,4598.21,-3.067351,4.55,5.69,TIME_EXIT,1768554000044,4598.21,-0.247990,-0.328838,-0.409686
1768560600013_SELL,2026.01.16 10:50:00,1768560600013,SELL,REJECT,MEAN20_NOT_ABOVE_1BPS,21,-1.270771,-0.700585,-0.842536,OK,4602.94,4603.09,4603.08,-0.304153,3.82,4.77,TIME_EXIT,1768561200139,4603.08,-0.029341,-0.125810,-0.222279
1768568700253_SELL,2026.01.16 13:05:00,1768568700253,SELL,REJECT,MEAN20_NOT_ABOVE_1BPS,22,-1.569898,-0.700585,-2.526552,OK,4601.36,4601.52,4606.60,-11.387937,3.16,3.95,HARD_SL,1768569229361,4605.52,-1.052689,-1.169126,-1.285564
1768584600017_SELL,2026.01.16 17:30:00,1768584600017,SELL,REJECT,MEAN20_NOT_ABOVE_1BPS,23,-1.569773,-0.700585,-5.225503,OK,4565.12,4565.25,4548.37,36.691259,9.83,12.28,TIME_EXIT,1768585200032,4548.37,1.363570,1.326407,1.289244
1768591500037_SELL,2026.01.16 19:25:00,1768591500037,SELL,REJECT,MEAN20_NOT_ABOVE_1BPS,24,0.038423,-0.700585,3.891060,OK,4584.53,4584.72,4583.63,1.963124,7.64,9.55,TIME_EXIT,1768592100054,4583.63,0.094250,0.046240,-0.001770
1768597800003_SELL,2026.01.16 21:10:00,1768597800003,SELL,REJECT,MEAN20_NOT_ABOVE_1BPS,25,-0.249278,-0.700585,4.778988,OK,4584.50,4584.66,4583.75,1.635947,5.32,6.65,TIME_EXIT,1768598400183,4583.75,0.112752,0.043830,-0.025091
1768603200061_SELL,2026.01.16 22:40:00,1768603200061,SELL,REJECT,MEAN20_NOT_ABOVE_1BPS,26,0.047559,-0.400622,5.719648,OK,4585.35,4585.55,4585.93,-1.264898,3.64,4.55,TIME_EXIT,1768603800131,4585.93,-0.127523,-0.228339,-0.329156
1769031300019_SELL,2026.01.21 21:35:00,1769031300019,SELL,REJECT,MEAN20_NOT_ABOVE_1BPS,27,-0.075228,-0.700585,5.527499,OK,4805.83,4806.03,4766.19,82.483151,9.93,12.42,TIME_EXIT,1769031900090,4766.19,3.192636,3.153930,3.115223
1769044800059_SELL,2026.01.22 01:20:00,1769044800059,SELL,REJECT,MEDIAN20_NOT_POSITIVE,28,4.188164,-0.400622,24.301717,OK,4803.29,4803.52,4795.23,16.780165,8.39,10.49,TIME_EXIT,1769045400241,4795.23,0.768207,0.722426,0.676646
1769055300007_SELL,2026.01.22 04:15:00,1769055300007,SELL,ELIGIBLE,EDGE_STATE_PASS,29,5.052027,0.665897,20.319498,OK,4793.51,4793.73,4788.70,10.034401,8.46,10.58,TIME_EXIT,1769055900051,4788.70,0.454654,0.409345,0.364035
1769174100008_SELL,2026.01.23 13:15:00,1769174100008,SELL,ELIGIBLE,EDGE_STATE_PASS,30,5.996533,1.799536,21.933753,OK,4918.50,4918.69,4919.61,-2.256786,4.71,5.89,TIME_EXIT,1769174700252,4919.61,-0.188506,-0.272035,-0.355564
1769469300010_SELL,2026.01.26 23:15:00,1769469300010,SELL,ELIGIBLE,EDGE_STATE_PASS,31,5.928898,1.799536,21.155207,OK,5034.23,5034.40,5020.61,27.054783,11.48,14.35,TIME_EXIT,1769469900018,5020.61,0.949306,0.914218,0.879130
1769482200011_SELL,2026.01.27 02:50:00,1769482200011,SELL,ELIGIBLE,EDGE_STATE_PASS,32,7.024232,1.799536,26.819143,OK,5023.55,5023.68,5032.95,-18.711867,7.41,9.26,HARD_SL,1769482660906,5032.83,-1.002276,-1.056532,-1.110788
1769721300024_SELL,2026.01.29 21:15:00,1769721300024,SELL,ELIGIBLE,EDGE_STATE_PASS,33,6.911282,1.799536,6.580139,OK,5306.71,5306.91,5314.49,-14.660684,23.10,28.88,TIME_EXIT,1769721900098,5314.49,-0.269404,-0.287780,-0.306156
1769742000015_SELL,2026.01.30 03:00:00,1769742000015,SELL,ELIGIBLE,EDGE_STATE_PASS,34,6.813495,1.799536,0.291969,OK,5407.18,5407.31,5366.79,74.696977,16.48,20.60,TIME_EXIT,1769742600042,5366.79,1.960935,1.934683,1.908431
1769760000047_SELL,2026.01.30 08:00:00,1769760000047,SELL,ELIGIBLE,EDGE_STATE_PASS,35,10.239951,1.799536,13.224485,OK,5184.98,5185.14,5193.46,-16.354933,15.80,19.76,TIME_EXIT,1769760600110,5193.46,-0.429251,-0.455497,-0.481743
1769784600035_SELL,2026.01.30 14:50:00,1769784600035,SELL,ELIGIBLE,EDGE_STATE_PASS,36,9.109293,0.665897,10.404855,OK,5066.15,5066.35,5064.74,2.783179,22.65,28.31,HARD_SL,1769784853141,5094.48,-1.000587,-1.018480,-1.036373
1769792400039_SELL,2026.01.30 17:00:00,1769792400039,SELL,ELIGIBLE,EDGE_STATE_PASS,37,8.842656,0.665897,5.550534,OK,5033.17,5033.37,5000.65,64.611368,31.48,39.35,TIME_EXIT,1769793000046,5000.65,0.826448,0.813657,0.800866
1769813100051_SELL,2026.01.30 22:45:00,1769813100051,SELL,ELIGIBLE,EDGE_STATE_PASS,38,11.967884,0.665897,22.215181,OK,4861.74,4862.01,4838.56,47.678403,30.30,37.88,TIME_EXIT,1769813700148,4838.56,0.611941,0.599106,0.586272
1769994300011_SELL,2026.02.02 01:05:00,1769994300011,SELL,ELIGIBLE,EDGE_STATE_PASS,39,14.796381,1.799536,34.682999,OK,4828.32,4829.86,4742.67,177.390894,31.01,38.76,TIME_EXIT,1769994900013,4742.67,2.209661,2.197204,2.184748
1770000900026_SELL,2026.02.02 02:55:00,1770000900026,SELL,ELIGIBLE,EDGE_STATE_PASS,40,23.789752,2.373151,55.221782,OK,4791.37,4791.66,4756.21,73.381935,34.86,43.57,TIME_EXIT,1770001500030,4756.21,0.806885,0.795889,0.784893
1770008100047_SELL,2026.02.02 04:55:00,1770008100047,SELL,ELIGIBLE,EDGE_STATE_PASS,41,27.612216,6.408790,73.169156,OK,4727.83,4727.98,4707.00,44.058268,27.54,34.43,TIME_EXIT,1770008700070,4707.00,0.604989,0.591258,0.577526
1770060000091_SELL,2026.02.02 19:20:00,1770060000091,SELL,ELIGIBLE,EDGE_STATE_PASS,42,29.830337,13.407283,81.424173,OK,4678.05,4678.15,4667.48,22.594885,27.38,34.23,TIME_EXIT,1770060600120,4667.48,0.308822,0.295155,0.281487
1770073200031_SELL,2026.02.02 23:00:00,1770073200031,SELL,ELIGIBLE,EDGE_STATE_PASS,43,31.529478,19.687525,73.020877,OK,4652.67,4652.82,4663.69,-23.685325,21.13,26.41,TIME_EXIT,1770073800331,4663.69,-0.417283,-0.434901,-0.452519
1770076500040_SELL,2026.02.02 23:55:00,1770076500040,SELL,ELIGIBLE,EDGE_STATE_PASS,44,28.510649,13.407283,58.748131,NO_TICK_NEAR_TARGET,4664.72,4665.16,,,,,,,,
1770288900046_SELL,2026.02.05 10:55:00,1770288900046,SELL,ELIGIBLE,EDGE_STATE_PASS,44,28.510649,13.407283,58.748131,OK,4904.71,4904.75,4884.25,41.715005,12.06,15.07,TIME_EXIT,1770289500090,4884.25,1.357455,1.324914,1.292373
1770299400010_SELL,2026.02.05 13:50:00,1770299400010,SELL,ELIGIBLE,EDGE_STATE_PASS,45,30.498243,19.687525,31.612953,OK,4871.72,4871.76,4868.41,6.794315,10.79,13.48,TIME_EXIT,1770300000082,4868.41,0.245477,0.209348,0.173218
1770311700035_SELL,2026.02.05 17:15:00,1770311700035,SELL,ELIGIBLE,EDGE_STATE_PASS,46,30.756162,19.687525,18.295429,OK,4828.45,4828.65,4831.29,-5.881805,26.15,32.69,TIME_EXIT,1770312300107,4831.29,-0.086869,-0.101638,-0.116407
1770312300005_SELL,2026.02.05 17:25:00,1770312300005,SELL,ELIGIBLE,EDGE_STATE_PASS,46,30.756162,19.687525,18.295429,OK,4831.24,4831.44,4814.74,34.152723,24.84,31.05,TIME_EXIT,1770312900048,4814.74,0.531355,0.515797,0.500239
1770324900011_SELL,2026.02.05 20:55:00,1770324900011,SELL,ELIGIBLE,EDGE_STATE_PASS,48,28.108795,19.687525,10.618983,OK,4858.84,4858.88,4854.78,8.355904,14.13,17.66,TIME_EXIT,1770325500014,4854.78,0.229947,0.202428,0.174909
1770348000038_SELL,2026.02.06 03:20:00,1770348000038,SELL,ELIGIBLE,EDGE_STATE_PASS,49,27.687582,16.314643,17.027228,OK,4718.03,4718.07,4712.14,12.484024,30.54,38.17,TIME_EXIT,1770348600098,4712.14,0.154308,0.141947,0.129587
1770700500091_SELL,2026.02.10 05:15:00,1770700500091,SELL,ELIGIBLE,EDGE_STATE_PASS,50,27.810063,17.539454,11.181032,OK,5026.88,5026.93,5025.36,3.023744,8.73,10.91,TIME_EXIT,1770701100138,5025.36,0.139347,0.093263,0.047178
1770708000060_SELL,2026.02.10 07:20:00,1770708000060,SELL,ELIGIBLE,EDGE_STATE_PASS,51,28.074090,17.539454,10.426918,OK,5023.59,5023.63,5019.42,8.300837,5.20,6.50,TIME_EXIT,1770708600115,5019.42,0.641891,0.564563,0.487234
1770713700081_SELL,2026.02.10 08:55:00,1770713700081,SELL,ELIGIBLE,EDGE_STATE_PASS,52,27.136392,10.419964,13.263446,OK,5022.23,5022.35,5029.32,-14.117235,6.70,8.37,TIME_EXIT,1770714300148,5029.32,-0.847019,-0.907018,-0.967016
1770754200012_SELL,2026.02.10 20:10:00,1770754200012,SELL,ELIGIBLE,EDGE_STATE_PASS,53,27.366124,10.419964,3.609455,OK,5021.00,5021.11,5011.82,18.283211,6.14,7.68,TIME_EXIT,1770754800012,5011.82,1.195257,1.129882,1.064508
1770767100003_SELL,2026.02.10 23:45:00,1770767100003,SELL,ELIGIBLE,EDGE_STATE_PASS,54,29.013319,15.383617,5.594916,OK,5024.06,5024.50,5026.15,-4.159982,4.87,6.08,TIME_EXIT,1770767700120,5026.15,-0.343629,-0.426232,-0.508836
1770871800022_SELL,2026.02.12 04:50:00,1770871800022,SELL,ELIGIBLE,EDGE_STATE_PASS,55,25.070471,10.419964,2.266115,OK,5060.38,5060.56,5066.17,-11.441828,6.14,7.68,TIME_EXIT,1770872400067,5066.17,-0.754397,-0.820331,-0.886264
1770875400069_SELL,2026.02.12 05:50:00,1770875400069,SELL,REJECT,MEAN5_NOT_POSITIVE,56,25.316126,10.419964,-0.627000,OK,5058.85,5059.04,5057.05,3.558121,6.25,7.81,TIME_EXIT,1770876000096,5057.05,0.230532,0.165741,0.100951
1770885000014_SELL,2026.02.12 08:30:00,1770885000014,SELL,REJECT,MEAN5_NOT_POSITIVE,57,25.354873,10.419964,-1.575543,OK,5055.50,5055.70,5052.71,5.518742,6.31,7.89,TIME_EXIT,1770885600086,5052.71,0.353484,0.289433,0.225381
1770892800280_SELL,2026.02.12 10:40:00,1770892800280,SELL,ELIGIBLE,EDGE_STATE_PASS,58,22.400242,8.328370,2.351653,OK,5060.02,5060.16,5062.05,-4.011842,4.77,5.96,TIME_EXIT,1770893400308,5062.05,-0.340512,-0.425389,-0.510266
1770899100042_SELL,2026.02.12 12:25:00,1770899100042,SELL,REJECT,MEAN5_NOT_POSITIVE,59,19.815729,7.547576,-2.107358,OK,5064.73,5064.86,5062.73,3.948878,4.67,5.83,TIME_EXIT,1770899700051,5062.73,0.342822,0.256007,0.169192
1770905400061_SELL,2026.02.12 14:10:00,1770905400061,SELL,REJECT,MEAN5_NOT_POSITIVE,60,11.143629,6.156528,-0.485586,OK,5061.27,5061.41,5063.79,-4.978987,3.75,4.69,TIME_EXIT,1770906000095,5063.79,-0.537498,-0.645451,-0.753404
1770913800023_SELL,2026.02.12 16:30:00,1770913800023,SELL,ELIGIBLE,EDGE_STATE_PASS,61,7.225583,4.733810,0.806982,OK,5059.96,5060.16,5059.27,1.363647,8.59,10.74,HARD_SL,1770913982571,5070.84,-1.012682,-1.059779,-1.106875
1770919800044_SELL,2026.02.12 18:10:00,1770919800044,SELL,ELIGIBLE,EDGE_STATE_PASS,62,5.090851,3.753499,0.368088,OK,5050.12,5050.27,4934.81,228.331208,7.83,9.79,TIME_EXIT,1770920400065,4934.81,11.775982,11.724408,11.672834
1770934800047_SELL,2026.02.12 22:20:00,1770934800047,SELL,ELIGIBLE,EDGE_STATE_PASS,63,15.377668,3.753499,44.930581,OK,4937.60,4937.80,4922.88,29.812054,9.03,11.29,TIME_EXIT,1770935400061,4922.88,1.303582,1.259855,1.216129
1770965700033_SELL,2026.02.13 06:55:00,1770965700033,SELL,ELIGIBLE,EDGE_STATE_PASS,64,18.052537,4.733810,51.695360,OK,4975.18,4975.44,4980.62,-10.934278,5.85,7.32,TIME_EXIT,1770966300067,4980.62,-0.743568,-0.811572,-0.879575
1770982200032_SELL,2026.02.13 11:30:00,1770982200032,SELL,ELIGIBLE,EDGE_STATE_PASS,65,15.420073,3.753499,48.718729,OK,4964.98,4965.07,4965.15,-0.342398,6.87,8.58,TIME_EXIT,1770982800054,4965.15,-0.019802,-0.077637,-0.135471
1771292400019_SELL,2026.02.17 01:40:00,1771292400019,SELL,ELIGIBLE,EDGE_STATE_PASS,66,15.063237,3.290933,49.646047,OK,4989.92,4990.14,4993.85,-7.875878,5.43,6.78,TIME_EXIT,1771293000034,4993.85,-0.579234,-0.652779,-0.726325
1771303500080_SELL,2026.02.17 04:45:00,1771303500080,SELL,ELIGIBLE,EDGE_STATE_PASS,67,14.963533,3.290933,47.798142,OK,4961.03,4961.21,4963.44,-4.857862,4.67,5.83,TIME_EXIT,1771304100088,4963.44,-0.413101,-0.498138,-0.583176
1771305300049_SELL,2026.02.17 05:15:00,1771305300049,SELL,ELIGIBLE,EDGE_STATE_PASS,68,13.013004,2.193696,1.160328,OK,4961.56,4961.77,4958.13,6.913148,4.75,5.94,TIME_EXIT,1771305900394,4958.13,0.577858,0.494270,0.410681
1771332900006_SELL,2026.02.17 12:55:00,1771332900006,SELL,REJECT,MEAN5_NOT_POSITIVE,69,12.940866,2.193696,-3.419454,OK,4912.15,4912.19,4919.42,-14.800037,6.98,8.72,TIME_EXIT,1771333500068,4919.42,-0.833664,-0.889993,-0.946321
1771341300017_SELL,2026.02.17 15:15:00,1771341300017,SELL,REJECT,MEAN5_NOT_POSITIVE,70,11.576663,0.510624,-4.192605,OK,4922.29,4922.37,4917.66,9.406191,6.03,7.54,TIME_EXIT,1771341900017,4917.66,0.613826,0.548568,0.483310
1771354500039_SELL,2026.02.17 18:55:00,1771354500039,SELL,REJECT,MEAN5_NOT_POSITIVE,71,11.895785,0.510624,-2.242887,OK,4876.29,4876.46,4866.55,19.974202,10.01,12.51,TIME_EXIT,1771355100061,4866.55,0.778366,0.739397,0.700429
1771365900046_SELL,2026.02.17 22:05:00,1771365900046,SELL,ELIGIBLE,EDGE_STATE_PASS,72,12.479454,0.510624,3.327128,OK,4879.02,4879.20,4879.89,-1.783145,7.21,9.01,TIME_EXIT,1771366500085,4879.89,-0.096590,-0.150758,-0.204927
1771922100025_SELL,2026.02.24 08:35:00,1771922100025,SELL,ELIGIBLE,EDGE_STATE_PASS,73,13.096158,0.510624,3.942072,OK,5166.50,5166.54,5169.18,-5.187264,6.47,8.09,TIME_EXIT,1771922700069,5169.18,-0.331376,-0.395258,-0.459141
1771928400011_SELL,2026.02.24 10:20:00,1771928400011,SELL,REJECT,MEDIAN20_NOT_POSITIVE,74,11.922634,-1.062772,1.521989,OK,5168.61,5168.65,5170.54,-3.734079,6.98,8.73,TIME_EXIT,1771929000106,5170.54,-0.221068,-0.280270,-0.339473
1771930200117_SELL,2026.02.24 10:50:00,1771930200117,SELL,REJECT,MEDIAN20_NOT_POSITIVE,75,11.943930,-1.062772,3.735181,OK,5172.52,5172.59,5173.21,-1.333973,6.36,7.95,TIME_EXIT,1771930800117,5173.21,-0.086822,-0.151907,-0.216992
1771931700157_SELL,2026.02.24 11:15:00,1771931700157,SELL,REJECT,MEDIAN20_NOT_POSITIVE,76,12.449322,-0.838185,1.587148,OK,5172.49,5172.66,5170.54,3.769944,6.25,7.81,TIME_EXIT,1771932300265,5170.54,0.249629,0.183413,0.117198
1771936500014_SELL,2026.02.24 12:35:00,1771936500014,SELL,REJECT,MEDIAN20_NOT_POSITIVE,77,12.459914,-0.838185,-1.653703,OK,5167.28,5167.45,5170.39,-6.018640,4.73,5.91,TIME_EXIT,1771937100065,5170.39,-0.526481,-0.613956,-0.701431
1771941900062_SELL,2026.02.24 14:05:00,1771941900062,SELL,REJECT,MEDIAN20_NOT_POSITIVE,78,11.883044,-1.558559,-2.500802,OK,5169.67,5169.80,5167.63,3.946093,3.61,4.52,TIME_EXIT,1771942500122,5167.63,0.451809,0.337314,0.222819
1771968000070_SELL,2026.02.24 21:20:00,1771968000070,SELL,REJECT,MEDIAN20_NOT_POSITIVE,79,12.280941,-0.838185,-0.674131,OK,5149.03,5149.16,5151.72,-5.224285,5.16,6.44,TIME_EXIT,1771968600206,5151.72,-0.417401,-0.497297,-0.577194
1771975500019_SELL,2026.02.24 23:25:00,1771975500019,SELL,REJECT,MEDIAN20_NOT_POSITIVE,80,11.822283,-1.558559,-0.972172,OK,5153.88,5154.13,5150.18,7.179057,5.81,7.27,TIME_EXIT,1771976100080,5150.18,0.509091,0.438178,0.367264
1772080500027_SELL,2026.02.26 04:35:00,1772080500027,SELL,REJECT,MEDIAN20_NOT_POSITIVE,81,12.430185,-0.838185,0.730434,OK,5178.92,5178.96,5176.71,4.267299,7.01,8.76,TIME_EXIT,1772081100031,5176.71,0.252340,0.193206,0.134073
1772109300063_SELL,2026.02.26 12:35:00,1772109300063,SELL,REJECT,MEDIAN20_NOT_POSITIVE,82,12.575368,-0.838185,0.829905,OK,5176.84,5176.88,5172.17,9.020947,4.06,5.07,TIME_EXIT,1772109900088,5172.17,0.920845,0.818767,0.716688
1772119200066_SELL,2026.02.26 15:20:00,1772119200066,SELL,REJECT,MEDIAN20_NOT_POSITIVE,83,1.609855,-0.838185,3.837822,OK,5171.74,5171.80,5175.00,-6.303488,6.05,7.57,TIME_EXIT,1772119800066,5175.00,-0.430871,-0.499225,-0.567580
1772119800033_SELL,2026.02.26 15:30:00,1772119800033,SELL,REJECT,MEDIAN20_NOT_POSITIVE,83,1.609855,-0.838185,3.837822,OK,5174.58,5175.00,5173.54,2.009825,6.07,7.59,TIME_EXIT,1772120400043,5173.54,0.137100,0.068885,0.000670
1772135100062_SELL,2026.02.26 19:45:00,1772135100062,SELL,REJECT,MEAN20_NOT_ABOVE_1BPS,85,0.451283,-0.838185,3.234728,OK,5174.82,5174.90,5167.16,14.802447,5.94,7.42,TIME_EXIT,1772135700062,5167.16,1.032395,0.962650,0.892905
1772495400108_SELL,2026.03.02 23:50:00,1772495400108,SELL,ELIGIBLE,EDGE_STATE_PASS,86,1.208525,0.337926,4.759406,NO_TICK_NEAR_TARGET,5327.23,5327.96,,,,,,,,
1772533800012_SELL,2026.03.03 10:30:00,1772533800012,SELL,ELIGIBLE,EDGE_STATE_PASS,86,1.208525,0.337926,4.759406,OK,5312.34,5312.43,5300.06,23.115990,8.47,10.59,TIME_EXIT,1772534400097,5300.06,1.159761,1.109589,1.059418
1772550600012_SELL,2026.03.03 15:10:00,1772550600012,SELL,ELIGIBLE,EDGE_STATE_PASS,87,2.758119,2.889885,8.529144,OK,5152.70,5152.84,5174.86,-43.006579,19.81,24.76,TIME_EXIT,1772551200035,5174.86,-0.894998,-0.915809,-0.936620
1772566200026_SELL,2026.03.03 19:30:00,1772566200026,SELL,REJECT,MEAN20_NOT_ABOVE_1BPS,88,0.850683,2.889885,-1.876361,OK,5083.15,5083.19,5074.90,16.230094,15.69,19.61,TIME_EXIT,1772566800040,5074.90,0.420612,0.394696,0.368781
1772578200046_SELL,2026.03.03 22:50:00,1772578200046,SELL,ELIGIBLE,EDGE_STATE_PASS,89,1.316530,2.889885,2.630355,OK,5104.64,5104.82,5097.48,14.026454,11.65,14.56,TIME_EXIT,1772578800073,5097.48,0.491674,0.456620,0.421567
1772601000125_SELL,2026.03.04 05:10:00,1772601000125,SELL,ELIGIBLE,EDGE_STATE_PASS,90,2.757855,3.858019,5.033681,OK,5152.52,5152.65,5160.95,-16.360926,11.30,14.12,TIME_EXIT,1772601600132,5160.95,-0.596927,-0.633412,-0.669897
1772662800108_SELL,2026.03.04 22:20:00,1772662800108,SELL,REJECT,MEAN5_NOT_POSITIVE,91,1.469499,2.889885,-1.198993,OK,5128.15,5128.27,5137.54,-18.310697,5.33,6.66,HARD_SL,1772663179573,5134.84,-1.004531,-1.081533,-1.158534
1772744400016_SELL,2026.03.05 21:00:00,1772744400016,SELL,REJECT,MEAN20_NOT_ABOVE_1BPS,92,-0.444746,0.337926,-9.484331,OK,5069.51,5069.65,5076.70,-14.182830,9.00,11.25,HARD_SL,1772744784620,5080.82,-1.005174,-1.050229,-1.095284
1772745600001_SELL,2026.03.05 21:20:00,1772745600001,SELL,REJECT,MEAN20_NOT_ABOVE_1BPS,93,-1.064731,0.337926,-3.719581,OK,5070.25,5070.31,5067.06,6.291603,8.29,10.36,TIME_EXIT,1772746200019,5067.06,0.307920,0.258979,0.210037
1772765100036_SELL,2026.03.06 02:45:00,1772765100036,SELL,REJECT,MEAN20_NOT_ABOVE_1BPS,94,-0.490787,2.889885,-5.707279,OK,5083.70,5083.79,5089.69,-11.782757,7.94,9.92,TIME_EXIT,1772765700046,5089.69,-0.603744,-0.654983,-0.706223
1772804700014_SELL,2026.03.06 13:45:00,1772804700014,SELL,REJECT,MEAN20_NOT_ABOVE_1BPS,95,-0.893221,2.889885,-10.869121,OK,5081.23,5081.39,5078.67,5.038150,6.79,8.49,TIME_EXIT,1772805300150,5078.67,0.301525,0.241677,0.181828
1772809200011_SELL,2026.03.06 15:00:00,1772809200011,SELL,REJECT,MEAN20_NOT_ABOVE_1BPS,96,-0.574615,3.858019,-6.589306,OK,5083.44,5083.48,5070.47,25.514219,8.18,10.23,TIME_EXIT,1772809800013,5070.47,1.267906,1.218212,1.168518
1772815800087_SELL,2026.03.06 16:50:00,1772815800087,SELL,REJECT,MEAN20_NOT_ABOVE_1BPS,97,0.512599,4.106696,2.175677,OK,5090.74,5090.79,5130.35,-77.807941,14.90,18.63,HARD_SL,1772816140415,5109.45,-1.004371,-1.031699,-1.059026
1773046800000_SELL,2026.03.09 09:00:00,1773046800000,SELL,REJECT,MEAN20_NOT_ABOVE_1BPS,98,-3.076866,4.106696,-10.549345,OK,5097.71,5097.89,5098.06,-0.686583,9.00,11.25,TIME_EXIT,1773047400099,5098.06,-0.031121,-0.076448,-0.121776
1773059100076_SELL,2026.03.09 12:25:00,1773059100076,SELL,REJECT,MEAN20_NOT_ABOVE_1BPS,99,-3.308500,3.138562,-11.944982,OK,5102.41,5102.54,5093.46,17.540731,7.71,9.64,TIME_EXIT,1773059700184,5093.46,0.928836,0.875883,0.822930
1773069300009_SELL,2026.03.09 15:15:00,1773069300009,SELL,REJECT,MEAN20_NOT_ABOVE_1BPS,100,-2.170249,4.652725,-6.080285,OK,5092.61,5092.78,5087.33,10.367965,6.34,7.92,TIME_EXIT,1773069900105,5087.33,0.666471,0.602190,0.537908
1773071100047_SELL,2026.03.09 15:45:00,1773071100047,SELL,REJECT,MEAN20_NOT_ABOVE_1BPS,101,-2.010804,4.652725,-5.014322,OK,5076.09,5076.22,5074.49,3.152032,9.68,12.10,TIME_EXIT,1773071700054,5074.49,0.132241,0.090287,0.048333
1773076800031_SELL,2026.03.09 17:20:00,1773076800031,SELL,REJECT,MEAN20_NOT_ABOVE_1BPS,102,-2.066567,4.095091,-9.486759,OK,5084.10,5084.27,5099.78,-30.841250,12.37,15.46,HARD_SL,1773077130698,5099.61,-1.002956,-1.035833,-1.068709
1773084600088_SELL,2026.03.09 19:30:00,1773084600088,SELL,REJECT,MEAN20_NOT_ABOVE_1BPS,103,-4.059677,2.580929,-0.093421,OK,5095.05,5095.22,5093.53,2.983288,4.91,6.14,TIME_EXIT,1773085200105,5093.53,0.247694,0.164667,0.081640
1773232500125_SELL,2026.03.11 12:35:00,1773232500125,SELL,REJECT,MEAN20_NOT_ABOVE_1BPS,104,-3.595338,3.067660,0.640553,OK,5184.35,5184.61,5179.47,9.412945,4.60,5.75,TIME_EXIT,1773233100170,5179.47,0.848564,0.758415,0.668267
1773240000000_SELL,2026.03.11 14:40:00,1773240000000,SELL,REJECT,MEAN20_NOT_ABOVE_1BPS,105,-3.225182,4.095091,-0.985004,OK,5177.44,5177.61,5177.04,0.772583,6.91,8.64,TIME_EXIT,1773240600004,5177.04,0.046281,-0.013623,-0.073528
1773249300020_SELL,2026.03.11 17:15:00,1773249300020,SELL,REJECT,MEAN20_NOT_ABOVE_1BPS,106,-3.926676,3.067660,-2.904081,OK,5170.81,5170.95,5178.51,-14.891284,8.87,11.09,TIME_EXIT,1773249900059,5178.51,-0.694532,-0.741172,-0.787812
1773257400001_SELL,2026.03.11 19:30:00,1773257400001,SELL,REJECT,MEAN20_NOT_ABOVE_1BPS,107,-5.827039,1.877935,-6.512744,OK,5172.09,5172.22,5159.11,25.096238,5.19,6.49,TIME_EXIT,1773258000020,5159.11,2.000771,1.921047,1.841323
1773273635063_SELL,2026.03.12 00:00:35,1773273635063,SELL,REJECT,MEAN20_NOT_ABOVE_1BPS,108,-2.421898,3.067660,4.674754,OK,5178.97,5179.17,5173.86,9.866827,2.83,3.54,HARD_SL,1773273653667,5183.56,-1.296872,-1.443200,-1.589528
1773274200651_SELL,2026.03.12 00:10:00,1773274200651,SELL,REJECT,MEAN20_NOT_ABOVE_1BPS,108,-2.421898,3.067660,4.674754,OK,5173.30,5173.46,5174.78,-2.860843,3.39,4.24,TIME_EXIT,1773274800704,5174.78,-0.349042,-0.471049,-0.593055
1773291000076_SELL,2026.03.12 04:50:00,1773291000076,SELL,REJECT,MEAN20_NOT_ABOVE_1BPS,110,-3.584427,1.877935,3.596704,OK,5150.63,5150.84,5150.84,-0.407717,5.87,7.34,TIME_EXIT,1773291600088,5150.84,-0.028620,-0.098816,-0.169012
1773378300068_SELL,2026.03.13 05:05:00,1773378300068,SELL,REJECT,MEAN20_NOT_ABOVE_1BPS,111,-2.786766,1.877935,3.360644,OK,5112.38,5112.53,5111.06,2.581968,5.11,6.39,TIME_EXIT,1773378900165,5111.06,0.206596,0.126581,0.046566
1773382800013_SELL,2026.03.13 06:20:00,1773382800013,SELL,REJECT,MEAN20_NOT_ABOVE_1BPS,112,-1.742133,2.782628,6.855294,OK,5111.38,5111.59,5105.72,11.073330,3.91,4.88,TIME_EXIT,1773383400076,5105.72,1.158903,1.054246,0.949589
1773431700027_SELL,2026.03.13 19:55:00,1773431700027,SELL,REJECT,MEAN20_NOT_ABOVE_1BPS,113,-0.479325,3.067660,4.050713,OK,5045.80,5045.91,5049.25,-6.837370,6.94,8.67,TIME_EXIT,1773432300059,5049.25,-0.397940,-0.456141,-0.514342
1773630900002_SELL,2026.03.16 03:15:00,1773630900002,SELL,REJECT,MEAN20_NOT_ABOVE_1BPS,114,-1.135774,2.782628,0.709874,OK,4986.51,4986.70,4995.39,-17.808046,10.63,13.29,HARD_SL,1773631109097,4999.89,-1.006826,-1.044349,-1.081872
1773636300021_SELL,2026.03.16 04:45:00,1773636300021,SELL,REJECT,MEAN20_NOT_ABOVE_1BPS,115,-1.437038,2.782628,-2.279567,OK,5006.02,5006.12,5002.73,6.572087,6.85,8.56,TIME_EXIT,1773636900056,5002.73,0.384153,0.325701,0.267249
1773645000144_SELL,2026.03.16 07:10:00,1773645000144,SELL,REJECT,MEAN20_NOT_ABOVE_1BPS,116,-1.360341,2.782628,-0.883606,OK,5012.70,5012.83,5010.26,4.867636,3.90,4.87,TIME_EXIT,1773645600192,5010.26,0.501063,0.398126,0.295188
1773651600077_SELL,2026.03.16 09:00:00,1773651600077,SELL,REJECT,MEAN20_NOT_ABOVE_1BPS,117,-2.392670,2.782628,-0.426472,OK,5012.16,5012.34,5015.55,-6.763551,6.45,8.06,TIME_EXIT,1773652200081,5015.55,-0.420605,-0.482792,-0.544979
1773690000072_SELL,2026.03.16 19:40:00,1773690000072,SELL,REJECT,MEAN5_NOT_POSITIVE,118,1.159549,2.782628,-3.993849,OK,4986.44,4986.64,4986.42,0.040109,5.92,7.39,TIME_EXIT,1773690600110,4986.42,0.002705,-0.064736,-0.132178
1773756000030_SELL,2026.03.17 14:00:00,1773756000030,SELL,REJECT,MEAN5_NOT_POSITIVE,119,1.195884,2.782628,-2.618353,OK,5003.25,5003.42,5007.45,-8.394544,4.20,5.25,TIME_EXIT,1773756600121,5007.45,-0.800681,-0.896062,-0.991443
1773764700021_SELL,2026.03.17 16:25:00,1773764700021,SELL,REJECT,MEAN20_NOT_ABOVE_1BPS,120,-0.100880,1.677275,-0.735652,OK,5009.56,5009.73,5009.09,0.938206,8.09,10.11,TIME_EXIT,1773765300116,5009.09,0.046502,-0.003063,-0.052627
1773777000002_SELL,2026.03.17 19:50:00,1773777000002,SELL,REJECT,MEAN20_NOT_ABOVE_1BPS,121,-0.572368,0.855394,-1.862429,OK,4999.77,4999.94,5002.65,-5.760265,4.12,5.14,TIME_EXIT,1773777600042,5002.65,-0.559903,-0.657104,-0.754305
1773782400069_SELL,2026.03.17 21:20:00,1773782400069,SELL,REJECT,MEAN20_NOT_ABOVE_1BPS,122,-1.017983,0.406346,-3.988009,OK,5000.65,5000.82,5000.05,1.199844,3.25,4.06,TIME_EXIT,1773783000145,5000.05,0.147855,0.024626,-0.098602
1773792600866_SELL,2026.03.18 00:10:00,1773792600866,SELL,REJECT,MEAN20_NOT_ABOVE_1BPS,123,0.584072,0.855394,-2.395330,OK,5001.09,5001.25,5000.92,0.339926,2.86,3.57,HARD_SL,1773792940477,5004.82,-1.044139,-1.184134,-1.324130
1773805800012_SELL,2026.03.18 03:50:00,1773805800012,SELL,REJECT,MEAN20_NOT_ABOVE_1BPS,124,0.451904,0.556254,-2.335366,OK,4998.93,4999.14,4999.13,-0.400086,4.63,5.79,TIME_EXIT,1773806400091,4999.13,-0.034536,-0.120857,-0.207179
1773866100059_SELL,2026.03.18 20:35:00,1773866100059,SELL,REJECT,MEAN20_NOT_ABOVE_1BPS,125,-0.038748,0.190017,-0.736475,OK,4877.00,4877.17,4878.40,-2.870617,8.38,10.48,TIME_EXIT,1773866700107,4878.40,-0.133617,-0.180164,-0.226711
1773900000002_SELL,2026.03.19 06:00:00,1773900000002,SELL,REJECT,MEAN20_NOT_ABOVE_1BPS,126,-0.220908,-0.179988,-1.498240,OK,4850.86,4851.07,4849.86,2.061490,5.00,6.26,TIME_EXIT,1773900600005,4849.86,0.159863,0.082316,0.004768
1773941700023_SELL,2026.03.19 17:35:00,1773941700023,SELL,REJECT,MEAN20_NOT_ABOVE_1BPS,127,0.626731,0.190017,0.066111,OK,4579.56,4579.73,4571.73,17.097712,20.74,25.92,TIME_EXIT,1773942300118,4571.73,0.302077,0.284409,0.266742
1773945300027_SELL,2026.03.19 18:35:00,1773945300027,SELL,REJECT,MEAN20_NOT_ABOVE_1BPS,128,0.226805,0.190017,3.245685,OK,4593.69,4593.86,4593.32,0.805453,16.95,21.19,TIME_EXIT,1773945900117,4593.32,0.017459,-0.004217,-0.025893
1773968400028_SELL,2026.03.20 01:00:00,1773968400028,SELL,REJECT,MEAN20_NOT_ABOVE_1BPS,129,-0.226264,0.190017,3.338790,OK,4636.47,4636.62,4644.21,-16.693735,10.12,12.65,TIME_EXIT,1773969000210,4644.21,-0.611901,-0.648555,-0.685210
1774019700066_SELL,2026.03.20 15:15:00,1774019700066,SELL,REJECT,MEAN20_NOT_ABOVE_1BPS,130,-0.917908,0.190017,0.080061,OK,4662.09,4662.27,4662.73,-1.372775,10.57,13.22,TIME_EXIT,1774020300076,4662.73,-0.048419,-0.083690,-0.118962
1774034700037_SELL,2026.03.20 19:25:00,1774034700037,SELL,REJECT,MEAN20_NOT_ABOVE_1BPS,131,-0.966161,0.190017,0.379629,OK,4570.03,4570.21,4562.00,17.571001,13.72,17.15,TIME_EXIT,1774035300070,4562.00,0.468295,0.441643,0.414992
1774227600025_SELL,2026.03.23 01:00:00,1774227600025,SELL,REJECT,MEAN20_NOT_ABOVE_1BPS,132,-0.216710,0.190017,3.481531,OK,4498.05,4498.30,4495.45,5.780283,17.87,22.33,TIME_EXIT,1774228200035,4495.45,0.116419,0.096279,0.076138
1774237800019_SELL,2026.03.23 03:50:00,1774237800019,SELL,REJECT,MEAN20_NOT_ABOVE_1BPS,133,-0.481362,0.190017,1.218045,OK,4412.87,4413.09,4387.86,56.675134,29.01,36.26,TIME_EXIT,1774238400029,4387.86,0.689795,0.677624,0.665453
1774248900012_SELL,2026.03.23 06:55:00,1774248900012,SELL,ELIGIBLE,EDGE_STATE_PASS,134,2.694263,0.572689,12.391982,OK,4354.22,4354.42,4372.90,-42.900910,10.31,12.89,HARD_SL,1774249043136,4367.14,-1.002175,-1.035949,-1.069724
1774250700030_SELL,2026.03.23 07:25:00,1774250700030,SELL,ELIGIBLE,EDGE_STATE_PASS,135,1.439620,0.572689,7.150547,OK,4354.42,4354.60,4333.28,48.548372,10.47,13.08,TIME_EXIT,1774251300086,4333.28,1.616054,1.582766,1.549479
1774330800114_SELL,2026.03.24 05:40:00,1774330800114,SELL,ELIGIBLE,EDGE_STATE_PASS,136,3.538434,0.572689,17.134776,OK,4342.09,4342.30,4340.37,3.961226,14.03,17.54,TIME_EXIT,1774331400634,4340.37,0.098071,0.073313,0.048555
1774487100044_SELL,2026.03.26 01:05:00,1774487100044,SELL,ELIGIBLE,EDGE_STATE_PASS,137,3.493114,0.572689,14.412821,OK,4504.51,4504.76,4509.13,-10.256387,11.79,14.74,TIME_EXIT,1774487700143,4509.13,-0.313429,-0.343988,-0.374548
1774499700030_SELL,2026.03.26 04:35:00,1774499700030,SELL,ELIGIBLE,EDGE_STATE_PASS,138,3.318472,0.572689,11.205487,OK,4523.54,4523.75,4519.87,8.113115,7.73,9.66,TIME_EXIT,1774500300031,4519.87,0.379854,0.333034,0.286214
1774509300030_SELL,2026.03.26 07:15:00,1774509300030,SELL,ELIGIBLE,EDGE_STATE_PASS,139,3.722122,0.871829,1.493083,OK,4508.79,4508.96,4505.30,7.740436,3.98,4.98,TIME_EXIT,1774509900053,4505.30,0.701004,0.610440,0.519876
1774533300023_SELL,2026.03.26 13:55:00,1774533300023,SELL,ELIGIBLE,EDGE_STATE_PASS,140,4.528871,1.069025,11.621352,OK,4427.45,4427.62,4425.62,4.133305,9.45,11.82,TIME_EXIT,1774533900055,4425.62,0.154862,0.117395,0.079928
1774536900013_SELL,2026.03.26 14:55:00,1774536900013,SELL,ELIGIBLE,EDGE_STATE_PASS,141,4.688626,1.630667,2.738339,OK,4432.56,4432.69,4437.89,-12.024654,10.89,13.61,TIME_EXIT,1774537500050,4437.89,-0.391629,-0.424198,-0.456767
1774546500025_SELL,2026.03.26 17:35:00,1774546500025,SELL,REJECT,MEAN5_NOT_POSITIVE,142,4.375407,1.630667,-0.458837,OK,4442.52,4442.69,4440.30,4.997164,13.90,17.37,TIME_EXIT,1774547100026,4440.30,0.127776,0.102207,0.076637
1774578300027_SELL,2026.03.27 02:25:00,1774578300027,SELL,ELIGIBLE,EDGE_STATE_PASS,143,4.565273,3.011358,2.591873,OK,4389.76,4389.97,4395.60,-13.303689,7.62,9.53,TIME_EXIT,1774578900054,4395.60,-0.612894,-0.658963,-0.705032
1774625700020_SELL,2026.03.27 15:35:00,1774625700020,SELL,REJECT,MEAN5_NOT_POSITIVE,144,3.883092,3.011358,-1.691488,OK,4418.43,4418.60,4429.00,-23.922525,9.14,11.43,HARD_SL,1774626067474,4429.89,-1.002985,-1.041655,-1.080326
1774922700021_SELL,2026.03.31 02:05:00,1774922700021,SELL,REJECT,MEAN5_NOT_POSITIVE,145,2.706970,3.011358,-8.024080,OK,4502.35,4502.39,4499.04,7.351716,7.07,8.84,TIME_EXIT,1774923300155,4499.04,0.374465,0.323529,0.272593
1774927500006_SELL,2026.03.31 03:25:00,1774927500006,SELL,REJECT,MEAN5_NOT_POSITIVE,146,3.218087,4.047265,-7.380397,OK,4493.69,4493.90,4511.71,-40.100675,9.62,12.02,HARD_SL,1774927601611,4505.96,-1.020450,-1.057822,-1.095195
1775131500013_SELL,2026.04.02 12:05:00,1775131500013,SELL,REJECT,MEAN5_NOT_POSITIVE,147,1.109978,4.047265,-12.995602,OK,4618.59,4618.76,4623.96,-11.626925,9.01,11.26,TIME_EXIT,1775132100041,4623.96,-0.476917,-0.517935,-0.558954
1775140200057_SELL,2026.04.02 14:30:00,1775140200057,SELL,REJECT,MEAN20_NOT_ABOVE_1BPS,148,-0.326254,2.383339,-16.320419,OK,4614.83,4615.00,4608.88,12.893216,8.33,10.42,TIME_EXIT,1775140800108,4608.88,0.571282,0.526973,0.482664
1775145600001_SELL,2026.04.02 16:00:00,1775145600001,SELL,REJECT,MEAN20_NOT_ABOVE_1BPS,149,0.278135,4.047265,-11.081038,OK,4601.94,4602.11,4600.48,3.172575,10.09,12.61,TIME_EXIT,1775146200010,4600.48,0.115791,0.079293,0.042796
1775157600018_SELL,2026.04.02 19:20:00,1775157600018,SELL,REJECT,MEAN5_NOT_POSITIVE,150,1.271450,4.047265,-5.662018,OK,4646.47,4646.64,4650.90,-9.534119,10.78,13.48,TIME_EXIT,1775158200022,4650.90,-0.328713,-0.363191,-0.397669
1775161800026_SELL,2026.04.02 20:30:00,1775161800026,SELL,REJECT,MEAN20_NOT_ABOVE_1BPS,151,0.863383,4.047265,-9.039186,OK,4651.91,4652.08,4653.65,-3.740399,8.84,11.05,TIME_EXIT,1775162400133,4653.65,-0.157466,-0.199565,-0.241664
1775456400003_SELL,2026.04.06 06:20:00,1775456400003,SELL,REJECT,MEAN20_NOT_ABOVE_1BPS,152,-0.202187,3.566901,-1.767131,OK,4626.84,4627.05,4630.55,-8.018432,10.29,12.86,TIME_EXIT,1775457000074,4630.55,-0.288415,-0.324384,-0.360353
1775528700018_SELL,2026.04.07 02:25:00,1775528700018,SELL,REJECT,MEAN20_NOT_ABOVE_1BPS,153,-0.892123,-0.283912,-1.045432,OK,4653.70,4653.95,4653.96,-0.558695,3.36,4.20,TIME_EXIT,1775529300110,4653.96,-0.061931,-0.172781,-0.283630
1775534400022_SELL,2026.04.07 04:00:00,1775534400022,SELL,REJECT,MEAN20_NOT_ABOVE_1BPS,154,-3.753814,-2.149547,-3.735814,OK,4654.83,4655.04,4644.65,21.869757,4.14,5.17,HARD_SL,1775534606735,4660.23,-1.044560,-1.134601,-1.224643
1775535000013_SELL,2026.04.07 04:10:00,1775535000013,SELL,REJECT,MEAN20_NOT_ABOVE_1BPS,154,-3.753814,-2.149547,-3.735814,OK,4644.46,4644.67,4651.30,-14.727223,7.88,9.85,TIME_EXIT,1775535600058,4651.30,-0.694416,-0.741568,-0.788720
1775550600040_SELL,2026.04.07 08:30:00,1775550600040,SELL,REJECT,MEAN20_NOT_ABOVE_1BPS,156,-3.679061,-2.149547,-1.034999,OK,4632.62,4632.79,4639.57,-15.002310,5.24,6.55,HARD_SL,1775550752137,4639.21,-1.005970,-1.076687,-1.147405
1775558100018_SELL,2026.04.07 10:35:00,1775558100018,SELL,REJECT,MEAN20_NOT_ABOVE_1BPS,157,-4.627237,-5.879415,-3.287381,OK,4642.79,4642.96,4643.93,-2.455420,6.43,8.04,TIME_EXIT,1775558700084,4643.93,-0.141835,-0.199599,-0.257363
1775679900028_SELL,2026.04.08 20:25:00,1775679900028,SELL,REJECT,MEAN20_NOT_ABOVE_1BPS,158,-4.237189,-3.097910,-2.174778,OK,4748.77,4748.94,4745.14,7.644085,6.08,7.60,TIME_EXIT,1775680500111,4745.14,0.477519,0.415050,0.352581
1775697300009_SELL,2026.04.09 01:15:00,1775697300009,SELL,REJECT,MEAN20_NOT_ABOVE_1BPS,159,-4.260641,-3.097910,-0.534222,OK,4712.32,4712.57,4712.89,-1.209595,8.03,10.04,TIME_EXIT,1775697900048,4712.89,-0.056767,-0.103697,-0.150628
1775706900022_SELL,2026.04.09 03:55:00,1775706900022,SELL,REJECT,MEAN20_NOT_ABOVE_1BPS,160,-4.708142,-3.097910,-5.150093,OK,4709.61,4709.82,4712.98,-7.155582,6.50,8.12,TIME_EXIT,1775707500064,4712.98,-0.414815,-0.472786,-0.530756
1775715300152_SELL,2026.04.09 06:15:00,1775715300152,SELL,REJECT,MEAN20_NOT_ABOVE_1BPS,161,-5.272586,-5.447990,-3.635764,OK,4712.56,4712.79,4708.83,7.915019,4.84,6.04,TIME_EXIT,1775715900216,4708.83,0.617166,0.539192,0.461218
1775724900020_SELL,2026.04.09 08:55:00,1775724900020,SELL,REJECT,MEAN20_NOT_ABOVE_1BPS,162,-4.275603,-3.097910,0.947701,OK,4708.64,4708.81,4722.19,-28.776887,5.85,7.31,HARD_SL,1775725215548,4715.97,-1.003251,-1.067697,-1.132144
1775730300004_SELL,2026.04.09 10:25:00,1775730300004,SELL,REJECT,MEAN20_NOT_ABOVE_1BPS,163,-5.964305,-5.447990,-4.316592,OK,4713.60,4713.77,4719.21,-11.901731,7.46,9.32,TIME_EXIT,1775730900018,4719.21,-0.601724,-0.652281,-0.702839
1775808900155_SELL,2026.04.10 08:15:00,1775808900155,SELL,REJECT,MEAN20_NOT_ABOVE_1BPS,164,-5.894208,-5.447990,-8.225755,OK,4759.89,4760.06,4761.11,-2.563084,3.20,4.00,HARD_SL,1775809250047,4763.90,-1.001606,-1.120497,-1.239388
1775826900166_SELL,2026.04.10 13:15:00,1775826900166,SELL,REJECT,MEAN20_NOT_ABOVE_1BPS,165,-4.826236,-3.151742,-8.496453,OK,4747.14,4747.31,4758.77,-24.498961,5.20,6.50,HARD_SL,1775827325225,4753.64,-1.000275,-1.073328,-1.146381
1776064800072_SELL,2026.04.13 07:20:00,1776064800072,SELL,REJECT,MEAN20_NOT_ABOVE_1BPS,166,-6.418769,-5.447990,-11.965129,OK,4712.30,4712.51,4712.99,-1.464253,4.38,5.48,TIME_EXIT,1776065400348,4712.99,-0.125945,-0.211959,-0.297972
1776091200016_SELL,2026.04.13 14:40:00,1776091200016,SELL,REJECT,MEAN20_NOT_ABOVE_1BPS,167,-4.486948,-3.151742,-13.840983,OK,4712.28,4712.45,4708.88,7.215191,4.32,5.40,TIME_EXIT,1776091800151,4708.88,0.629317,0.542096,0.454875
1776255000026_SELL,2026.04.15 12:10:00,1776255000026,SELL,REJECT,MEAN20_NOT_ABOVE_1BPS,168,-3.544843,-2.509252,-6.642568,OK,4806.14,4806.31,4806.45,-0.645008,5.50,6.88,TIME_EXIT,1776255600091,4806.45,-0.045056,-0.114909,-0.184762
1776301203684_SELL,2026.04.16 01:00:03,1776301203684,SELL,REJECT,MEAN20_NOT_ABOVE_1BPS,169,-4.221754,-2.509252,-4.391223,OK,4790.26,4791.34,4795.19,-10.291717,3.65,4.56,HARD_SL,1776301208285,4796.45,-1.358573,-1.463709,-1.568845
1776358500013_SELL,2026.04.16 16:55:00,1776358500013,SELL,REJECT,MEAN20_NOT_ABOVE_1BPS,170,-4.894968,-3.151742,-5.936950,OK,4794.50,4794.67,4792.37,4.442590,7.36,9.20,TIME_EXIT,1776359100077,4792.37,0.231477,0.179373,0.127269
1776367800031_SELL,2026.04.16 19:30:00,1776367800031,SELL,REJECT,MEAN20_NOT_ABOVE_1BPS,171,-4.196133,-2.509252,-0.148639,OK,4799.32,4799.49,4796.36,6.167540,5.36,6.70,TIME_EXIT,1776368400033,4796.36,0.442027,0.370357,0.298687
1776394800031_SELL,2026.04.17 03:00:00,1776394800031,SELL,REJECT,MEAN20_NOT_ABOVE_1BPS,172,-3.700736,-1.959837,1.377719,OK,4791.76,4791.91,4790.67,2.274738,2.45,3.07,TIME_EXIT,1776395400061,4790.67,0.355400,0.199162,0.042925
1776399000008_SELL,2026.04.17 04:10:00,1776399000008,SELL,REJECT,MEAN20_NOT_ABOVE_1BPS,173,-3.186077,-1.336924,0.389629,OK,4783.25,4783.46,4782.73,1.087127,4.42,5.53,TIME_EXIT,1776399600078,4782.73,0.094072,0.007539,-0.078993
1776416400062_SELL,2026.04.17 09:00:00,1776416400062,SELL,REJECT,MEAN20_NOT_ABOVE_1BPS,174,-3.103786,-1.336924,0.736056,OK,4794.24,4794.41,4790.46,7.884461,4.25,5.32,TIME_EXIT,1776417000285,4790.46,0.710813,0.620659,0.530505
1776431400081_SELL,2026.04.17 13:10:00,1776431400081,SELL,REJECT,MEAN20_NOT_ABOVE_1BPS,175,-3.803051,-1.336924,4.371291,OK,4789.06,4789.23,4791.60,-5.303755,3.51,4.39,HARD_SL,1776431804298,4793.45,-1.000773,-1.109948,-1.219123
1776665700047_SELL,2026.04.20 06:15:00,1776665700047,SELL,REJECT,MEAN20_NOT_ABOVE_1BPS,176,-3.331878,-1.336924,2.422022,OK,4791.58,4791.79,4795.20,-7.554919,4.05,5.06,TIME_EXIT,1776666301392,4795.20,-0.714810,-0.809425,-0.904040
1776683100027_SELL,2026.04.20 11:05:00,1776683100027,SELL,REJECT,MEAN20_NOT_ABOVE_1BPS,177,-2.959508,-1.336924,-0.322469,OK,4788.69,4788.86,4789.31,-1.294717,5.85,7.31,TIME_EXIT,1776683700211,4789.31,-0.084838,-0.150364,-0.215891
1776688500042_SELL,2026.04.20 12:35:00,1776688500042,SELL,REJECT,MEAN20_NOT_ABOVE_1BPS,178,-2.901473,-1.252156,-1.036361,OK,4786.16,4786.31,4792.11,-12.431678,3.82,4.78,HARD_SL,1776689067255,4791.00,-1.012666,-1.112806,-1.212946
1776694200012_SELL,2026.04.20 14:10:00,1776694200012,SELL,REJECT,MEAN20_NOT_ABOVE_1BPS,179,-3.905261,-1.379485,-3.740122,OK,4792.66,4792.82,4788.10,9.514549,3.55,4.44,TIME_EXIT,1776694800157,4788.10,1.027399,0.919417,0.811435
1776770100006_SELL,2026.04.21 11:15:00,1776770100006,SELL,REJECT,MEAN20_NOT_ABOVE_1BPS,180,-3.369054,-1.379485,-3.414104,OK,4775.94,4776.21,4786.95,-23.053053,4.97,6.21,HARD_SL,1776770375948,4782.31,-1.025794,-1.102704,-1.179613
1776774600018_SELL,2026.04.21 12:30:00,1776774600018,SELL,REJECT,MEAN20_NOT_ABOVE_1BPS,181,-4.163927,-1.379485,-6.963964,OK,4782.31,4782.47,4783.60,-2.697441,4.01,5.01,TIME_EXIT,1776775200040,4783.60,-0.257357,-0.352764,-0.448172
1776776400034_SELL,2026.04.21 13:00:00,1776776400034,SELL,REJECT,MEAN20_NOT_ABOVE_1BPS,182,-4.694550,-2.013669,-5.992468,OK,4783.72,4783.89,4785.52,-3.762762,3.91,4.88,TIME_EXIT,1776777000114,4785.52,-0.368488,-0.466419,-0.564349
1776780900019_SELL,2026.04.21 14:15:00,1776780900019,SELL,REJECT,MEAN20_NOT_ABOVE_1BPS,183,-3.443844,-2.013669,-6.486077,OK,4781.77,4781.94,4781.79,-0.041826,3.60,4.50,TIME_EXIT,1776781500027,4781.79,-0.004444,-0.110706,-0.216968
1776785400004_SELL,2026.04.21 15:30:00,1776785400004,SELL,REJECT,MEAN20_NOT_ABOVE_1BPS,184,-2.850849,-1.379485,-4.008107,OK,4780.77,4781.16,4780.80,-0.062751,4.90,6.13,HARD_SL,1776785652596,4787.01,-1.018330,-1.096349,-1.174369
1776791700086_SELL,2026.04.21 17:15:00,1776791700086,SELL,REJECT,MEAN20_NOT_ABOVE_1BPS,185,-2.725832,-0.969863,-5.923567,OK,4778.42,4778.54,4772.84,11.677500,8.28,10.35,TIME_EXIT,1776792300092,4772.84,0.539037,0.492877,0.446717
1776811200021_SELL,2026.04.21 22:40:00,1776811200021,SELL,REJECT,MEAN20_NOT_ABOVE_1BPS,186,-0.917009,-0.353880,1.022544,OK,4701.19,4701.36,4682.17,40.457842,6.48,8.10,TIME_EXIT,1776811800023,4682.17,2.348925,2.290866,2.232808
1776877800023_SELL,2026.04.22 17:10:00,1776877800023,SELL,REJECT,MEDIAN20_NOT_POSITIVE,187,1.179096,-0.052288,9.653601,OK,4746.13,4746.30,4747.02,-1.875212,7.65,9.56,TIME_EXIT,1776878400090,4747.02,-0.093124,-0.142785,-0.192445
1776893400039_SELL,2026.04.22 21:30:00,1776893400039,SELL,REJECT,MEAN20_NOT_ABOVE_1BPS,188,0.724575,-0.353880,10.031111,OK,4730.24,4730.41,4738.07,-16.553071,3.11,3.89,HARD_SL,1776893535319,4734.20,-1.018182,-1.139804,-1.261426
1776907200045_SELL,2026.04.23 01:20:00,1776907200045,SELL,REJECT,MEAN20_NOT_ABOVE_1BPS,189,-0.070828,-0.678734,6.728861,OK,4736.26,4736.51,4733.11,6.650817,3.57,4.46,TIME_EXIT,1776907800060,4733.11,0.706024,0.599868,0.493712
1776919200001_SELL,2026.04.23 04:40:00,1776919200001,SELL,REJECT,MEAN20_NOT_ABOVE_1BPS,190,0.776299,-0.052288,8.071575,OK,4732.67,4732.88,4734.25,-3.338496,6.30,7.88,TIME_EXIT,1776919800076,4734.25,-0.200544,-0.260614,-0.320684
1776933600214_SELL,2026.04.23 08:40:00,1776933600214,SELL,REJECT,MEAN20_NOT_ABOVE_1BPS,191,0.387245,-0.678734,5.068376,OK,4702.96,4703.13,4710.78,-16.627826,4.05,5.06,HARD_SL,1776933981690,4708.06,-1.007230,-1.100111,-1.192993
1776940200025_SELL,2026.04.23 10:30:00,1776940200025,SELL,REJECT,MEAN20_NOT_ABOVE_1BPS,192,-0.752524,-1.584965,-6.348758,OK,4706.11,4706.30,4709.60,-7.415891,5.51,6.88,HARD_SL,1776940547488,4713.00,-1.001142,-1.069523,-1.137905
1776944700034_SELL,2026.04.23 11:45:00,1776944700034,SELL,REJECT,MEAN20_NOT_ABOVE_1BPS,193,-1.237055,-2.286327,-7.456893,OK,4703.82,4703.99,4704.83,-2.147191,5.30,6.63,TIME_EXIT,1776945300244,4704.83,-0.152350,-0.223303,-0.294257
1776980700137_SELL,2026.04.23 21:45:00,1776980700137,SELL,REJECT,MEAN20_NOT_ABOVE_1BPS,194,-1.398771,-2.422316,-4.575717,OK,4711.36,4711.53,4709.31,4.351185,12.65,15.81,TIME_EXIT,1776981300156,4709.31,0.129681,0.099877,0.070074
1776999900091_SELL,2026.04.24 03:05:00,1776999900091,SELL,REJECT,MEAN20_NOT_ABOVE_1BPS,195,-1.575435,-2.422316,-5.035644,OK,4691.93,4691.99,4698.32,-13.619129,4.16,5.20,HARD_SL,1777000044548,4697.25,-1.023077,-1.113306,-1.203536
1777005600031_SELL,2026.04.24 04:40:00,1777005600031,SELL,REJECT,MEAN20_NOT_ABOVE_1BPS,196,-1.991204,-2.422316,-7.091770,OK,4695.99,4696.20,4697.23,-2.640551,6.20,7.75,TIME_EXIT,1777006200048,4697.23,-0.160055,-0.220670,-0.281284
1777023300011_SELL,2026.04.24 09:35:00,1777023300011,SELL,REJECT,MEAN20_NOT_ABOVE_1BPS,197,-1.745485,-2.393871,-4.294315,OK,4672.05,4672.22,4673.88,-3.916910,4.40,5.50,TIME_EXIT,1777023900022,4673.88,-0.332835,-0.417809,-0.502783
1777034400014_SELL,2026.04.24 12:40:00,1777034400014,SELL,REJECT,MEAN20_NOT_ABOVE_1BPS,198,-1.876595,-2.668996,-3.594519,OK,4682.90,4683.07,4685.32,-5.167738,4.13,5.16,HARD_SL,1777034573648,4688.09,-1.006371,-1.097175,-1.187980
1777299600006_SELL,2026.04.27 14:20:00,1777299600006,SELL,REJECT,MEAN20_NOT_ABOVE_1BPS,199,-1.513398,-2.668996,-4.198629,OK,4704.06,4704.23,4705.40,-2.848603,3.16,3.94,TIME_EXIT,1777300200086,4705.40,-0.339701,-0.458953,-0.578205
1777304400054_SELL,2026.04.27 15:40:00,1777304400054,SELL,REJECT,MEAN20_NOT_ABOVE_1BPS,200,-2.131555,-2.773022,-5.638586,OK,4701.60,4701.77,4703.51,-4.062447,4.22,5.28,TIME_EXIT,1777305000091,4703.51,-0.362085,-0.451215,-0.540345
1777329600095_SELL,2026.04.27 22:40:00,1777329600095,SELL,REJECT,MEAN20_NOT_ABOVE_1BPS,201,-1.182025,-2.773022,-3.727250,OK,4677.56,4677.73,4681.18,-7.739078,2.20,2.74,HARD_SL,1777329892696,4680.32,-1.005923,-1.176403,-1.346884
1777349100017_SELL,2026.04.28 04:05:00,1777349100017,SELL,REJECT,MEAN20_NOT_ABOVE_1BPS,202,-1.434107,-3.093550,-4.746955,OK,4689.34,4689.55,4687.97,2.921520,3.48,4.35,TIME_EXIT,1777349700323,4687.97,0.314620,0.206929,0.099239
1777392600017_SELL,2026.04.28 16:10:00,1777392600017,SELL,REJECT,MEAN20_NOT_ABOVE_1BPS,203,-1.099893,-2.744577,-3.379269,OK,4573.11,4573.15,4577.46,-9.512126,10.69,13.36,TIME_EXIT,1777393200024,4577.46,-0.325560,-0.359785,-0.394011
1777426800238_SELL,2026.04.29 01:40:00,1777426800238,SELL,REJECT,MEAN20_NOT_ABOVE_1BPS,204,-1.573408,-3.093550,-4.248147,OK,4594.18,4594.43,4594.12,0.130600,2.59,3.23,TIME_EXIT,1777427402650,4594.12,0.018553,-0.123509,-0.265570
1777435500035_SELL,2026.04.29 04:05:00,1777435500035,SELL,REJECT,MEAN20_NOT_ABOVE_1BPS,205,-1.563740,-3.093550,-3.652306,OK,4582.65,4582.85,4582.52,0.283679,5.73,7.16,TIME_EXIT,1777436100094,4582.52,0.018150,-0.045831,-0.109812
1777445700158_SELL,2026.04.29 06:55:00,1777445700158,SELL,REJECT,MEAN20_NOT_ABOVE_1BPS,206,-2.133431,-3.093550,-2.783081,OK,4595.07,4595.28,4598.06,-6.506974,3.72,4.65,TIME_EXIT,1777446300496,4598.06,-0.642394,-0.741118,-0.839842
1777452000029_SELL,2026.04.29 08:40:00,1777452000029,SELL,REJECT,MEAN20_NOT_ABOVE_1BPS,207,-4.481672,-3.627703,-2.536660,OK,4595.46,4595.63,4599.65,-9.117694,3.02,3.77,HARD_SL,1777452260252,4599.27,-1.009749,-1.131541,-1.253332
1777465800083_SELL,2026.04.29 12:30:00,1777465800083,SELL,REJECT,MEAN20_NOT_ABOVE_1BPS,208,-4.843796,-3.989678,-4.944503,OK,4565.74,4565.78,4564.72,2.234030,5.58,6.97,TIME_EXIT,1777466400114,4564.72,0.146274,0.080799,0.015323
1777470900034_SELL,2026.04.29 13:55:00,1777470900034,SELL,REJECT,MEAN20_NOT_ABOVE_1BPS,209,-3.904441,-3.627703,-2.595272,OK,4566.54,4566.71,4568.29,-3.832223,4.89,6.11,TIME_EXIT,1777471500252,4568.29,-0.286340,-0.361060,-0.435779
1777472700059_SELL,2026.04.29 14:25:00,1777472700059,SELL,REJECT,MEAN20_NOT_ABOVE_1BPS,210,-4.428593,-3.874567,-3.387837,OK,4566.22,4566.39,4567.66,-3.153593,4.40,5.50,TIME_EXIT,1777473300262,4567.66,-0.261733,-0.344728,-0.427724
1777493100042_SELL,2026.04.29 20:05:00,1777493100042,SELL,REJECT,MEAN20_NOT_ABOVE_1BPS,211,-4.419348,-3.874567,-4.075291,OK,4545.09,4545.20,4550.72,-12.386993,6.01,7.52,TIME_EXIT,1777493700080,4550.72,-0.749151,-0.809629,-0.870108
1777494900097_SELL,2026.04.29 20:35:00,1777494900097,SELL,REJECT,MEAN20_NOT_ABOVE_1BPS,212,-4.207306,-3.874567,-5.251295,OK,4544.39,4544.47,4544.93,-1.188278,5.08,6.35,TIME_EXIT,1777495500135,4544.93,-0.085063,-0.156649,-0.228234
1777872300036_SELL,2026.05.04 05:25:00,1777872300036,SELL,REJECT,MEAN20_NOT_ABOVE_1BPS,213,-3.895926,-3.492908,-3.665412,OK,4598.42,4598.63,4595.76,5.784596,5.24,6.55,TIME_EXIT,1777872900083,4595.76,0.405996,0.335810,0.265625
1777881600022_SELL,2026.05.04 08:00:00,1777881600022,SELL,REJECT,MEAN20_NOT_ABOVE_1BPS,214,-3.499336,-3.492908,-2.955298,OK,4605.97,4606.14,4606.34,-0.803305,3.71,4.64,TIME_EXIT,1777882200061,4606.34,-0.079692,-0.178898,-0.278103
1777899300047_SELL,2026.05.04 12:55:00,1777899300047,SELL,REJECT,MEAN20_NOT_ABOVE_1BPS,215,-3.757061,-3.492908,-2.349515,OK,4579.21,4579.38,4560.35,41.186143,3.07,3.83,TIME_EXIT,1777899900068,4560.35,4.920382,4.800915,4.681448
1777912200005_SELL,2026.05.04 16:30:00,1777912200005,SELL,REJECT,MEAN20_NOT_ABOVE_1BPS,216,-1.016797,-3.001098,6.518432,OK,4561.07,4561.24,4566.96,-12.913636,6.95,8.68,HARD_SL,1777912391317,4569.90,-1.016925,-1.069454,-1.121982
1777913400016_SELL,2026.05.04 16:50:00,1777913400016,SELL,REJECT,MEAN20_NOT_ABOVE_1BPS,217,-1.530452,-3.492908,6.413104,OK,4561.52,4561.69,4564.18,-5.831390,7.46,9.33,TIME_EXIT,1777914000079,4564.18,-0.285255,-0.334172,-0.383089
1777918200034_SELL,2026.05.04 18:10:00,1777918200034,SELL,REJECT,MEAN20_NOT_ABOVE_1BPS,218,-1.626176,-3.492908,5.484482,OK,4557.95,4558.12,4540.63,37.999539,8.64,10.80,TIME_EXIT,1777918800034,4540.63,1.604102,1.561888,1.519674
1777945800279_SELL,2026.05.05 01:50:00,1777945800279,SELL,REJECT,MEAN20_NOT_ABOVE_1BPS,219,0.532188,-3.001098,11.927470,OK,4518.33,4518.39,4517.74,1.305792,3.30,4.13,TIME_EXIT,1777946400528,4517.74,0.142845,0.033452,-0.075942
1777950000022_SELL,2026.05.05 03:00:00,1777950000022,SELL,REJECT,MEAN20_NOT_ABOVE_1BPS,220,0.739908,-2.170936,12.349290,OK,4519.01,4519.26,4526.58,-16.751457,2.23,2.78,HARD_SL,1777950138139,4522.18,-1.139044,-1.301421,-1.463798
1777952100018_SELL,2026.05.05 03:35:00,1777952100018,SELL,REJECT,MEAN20_NOT_ABOVE_1BPS,221,0.105458,-2.170936,0.761770,OK,4518.15,4518.26,4524.11,-13.191240,3.58,4.47,HARD_SL,1777952601898,4522.64,-1.004354,-1.105419,-1.206484
1777963800131_SELL,2026.05.05 06:50:00,1777963800131,SELL,REJECT,MEAN20_NOT_ABOVE_1BPS,222,-0.167151,-2.170936,0.706249,OK,4536.43,4536.64,4534.68,3.857659,2.82,3.52,TIME_EXIT,1777964400183,4534.68,0.497083,0.368227,0.239371
1778224800015_SELL,2026.05.08 07:20:00,1778224800015,SELL,REJECT,MEAN20_NOT_ABOVE_1BPS,223,-0.120344,-2.170936,2.644059,OK,4715.97,4716.18,4717.59,-3.435136,4.41,5.52,TIME_EXIT,1778225400081,4717.59,-0.293735,-0.379244,-0.464753
1778475600056_SELL,2026.05.11 05:00:00,1778475600056,SELL,REJECT,MEAN20_NOT_ABOVE_1BPS,224,0.183506,-2.170936,-5.642876,OK,4685.69,4685.90,4684.09,3.414652,9.95,12.44,TIME_EXIT,1778476200064,4684.09,0.128643,0.090969,0.053295
1778478300161_SELL,2026.05.11 05:45:00,1778478300161,SELL,REJECT,MEAN20_NOT_ABOVE_1BPS,225,0.347708,-2.170936,-5.221104,OK,4688.52,4688.61,4680.71,16.657709,6.82,8.52,TIME_EXIT,1778478900180,4680.71,0.916129,0.861132,0.806134
1778496900015_SELL,2026.05.11 10:55:00,1778496900015,SELL,REJECT,MEDIAN20_NOT_POSITIVE,226,1.166410,-2.170936,1.460729,OK,4669.16,4669.33,4668.75,0.878102,4.68,5.86,TIME_EXIT,1778497500159,4668.75,0.070011,-0.009719,-0.089448
1778499600088_SELL,2026.05.11 11:40:00,1778499600088,SELL,REJECT,MEDIAN20_NOT_POSITIVE,227,1.535664,-0.995792,4.274597,OK,4670.17,4670.34,4671.06,-1.905712,5.39,6.74,TIME_EXIT,1778500200100,4671.06,-0.132096,-0.201413,-0.270729
1778587800013_SELL,2026.05.12 12:10:00,1778587800013,SELL,REJECT,MEDIAN20_NOT_POSITIVE,228,1.896263,-0.995792,3.121923,OK,4699.47,4699.62,4698.89,1.234182,3.94,4.92,TIME_EXIT,1778588400031,4698.89,0.117831,0.022358,-0.073115
1778592900057_SELL,2026.05.12 13:35:00,1778592900057,SELL,REJECT,MEDIAN20_NOT_POSITIVE,229,1.846270,-0.995792,4.055786,OK,4695.41,4695.58,4690.85,9.711612,5.37,6.71,TIME_EXIT,1778593500072,4690.85,0.679691,0.609704,0.539716
1778600100002_SELL,2026.05.12 15:35:00,1778600100002,SELL,ELIGIBLE,EDGE_STATE_PASS,230,2.523462,0.037398,5.315178,OK,4692.72,4692.81,4702.99,-21.884962,5.81,7.26,HARD_SL,1778600241888,4699.99,-1.000910,-1.065517,-1.130125
1778602500026_SELL,2026.05.12 16:15:00,1778602500026,SELL,REJECT,MEAN5_NOT_POSITIVE,231,1.586894,0.037398,-2.393356,OK,4689.00,4689.17,4691.13,-4.542546,8.15,10.19,TIME_EXIT,1778603100047,4691.13,-0.209116,-0.255151,-0.301187
1778661900004_SELL,2026.05.13 08:45:00,1778661900004,SELL,REJECT,MEAN5_NOT_POSITIVE,232,1.979116,0.037398,-3.477485,OK,4696.91,4697.04,4699.68,-5.897494,4.47,5.59,TIME_EXIT,1778662500028,4699.68,-0.495512,-0.579533,-0.663553
1778679900025_SELL,2026.05.13 13:45:00,1778679900025,SELL,REJECT,MEAN5_NOT_POSITIVE,233,1.743655,0.037398,-4.275842,OK,4695.74,4695.91,4695.17,1.213866,4.46,5.58,TIME_EXIT,1778680500075,4695.17,0.102193,0.018005,-0.066183
1778685300019_SELL,2026.05.13 15:15:00,1778685300019,SELL,REJECT,MEAN5_NOT_POSITIVE,234,1.515119,0.037398,-4.279905,OK,4693.94,4694.25,4687.81,13.059391,3.93,4.92,TIME_EXIT,1778685900029,4687.81,1.246931,1.151449,1.055968
1778704500016_SELL,2026.05.13 20:35:00,1778704500016,SELL,REJECT,MEAN5_NOT_POSITIVE,235,2.208254,1.045984,-3.610349,OK,4690.44,4690.61,4691.38,-2.004076,3.98,4.97,TIME_EXIT,1778705100098,4691.38,-0.189013,-0.283327,-0.377641
1778737500045_SELL,2026.05.14 05:45:00,1778737500045,SELL,REJECT,MEAN20_NOT_ABOVE_1BPS,236,0.048743,-0.513805,0.365828,OK,4691.81,4692.02,4687.35,9.505926,5.93,7.41,TIME_EXIT,1778738100052,4687.35,0.602122,0.538780,0.475438
1778749800032_SELL,2026.05.14 09:10:00,1778749800032,SELL,ELIGIBLE,EDGE_STATE_PASS,237,1.169721,1.045984,3.175523,OK,4690.62,4690.79,4688.64,4.221190,4.87,6.08,TIME_EXIT,1778750400037,4688.64,0.325448,0.248349,0.171251
1778829600067_SELL,2026.05.15 07:20:00,1778829600067,SELL,ELIGIBLE,EDGE_STATE_PASS,238,1.672350,1.224024,5.199260,OK,4614.20,4614.41,4611.08,6.761736,4.85,6.06,TIME_EXIT,1778830200101,4611.08,0.515094,0.438917,0.362739
1778842200058_SELL,2026.05.15 10:50:00,1778842200058,SELL,REJECT,MEAN20_NOT_ABOVE_1BPS,239,0.110460,1.224024,6.308833,OK,4574.84,4574.88,4571.03,8.328160,6.24,7.80,TIME_EXIT,1778842800127,4571.03,0.488350,0.429711,0.371073
1778856600009_SELL,2026.05.15 14:50:00,1778856600009,SELL,REJECT,MEAN20_NOT_ABOVE_1BPS,240,0.461578,1.224024,5.362587,OK,4556.57,4556.73,4551.91,10.226991,6.43,8.04,TIME_EXIT,1778857200130,4551.91,0.579911,0.523207,0.466503
1778870100003_SELL,2026.05.15 18:35:00,1778870100003,SELL,ELIGIBLE,EDGE_STATE_PASS,241,1.810500,2.324417,7.808801,OK,4543.75,4543.92,4541.59,4.753783,7.94,9.93,TIME_EXIT,1778870700033,4541.59,0.217632,0.171851,0.126071
1778883300079_SELL,2026.05.15 22:15:00,1778883300079,SELL,ELIGIBLE,EDGE_STATE_PASS,242,2.707752,3.636155,6.858372,OK,4550.44,4550.61,4550.19,0.549397,4.43,5.53,TIME_EXIT,1778883900101,4550.19,0.045190,-0.037064,-0.119319
1779094800031_SELL,2026.05.18 09:00:00,1779094800031,SELL,ELIGIBLE,EDGE_STATE_PASS,243,2.542338,2.324417,6.124013,OK,4530.94,4531.04,4538.19,-16.001095,7.77,9.72,HARD_SL,1779095225743,4540.67,-1.001434,-1.048067,-1.094700
1779187500003_SELL,2026.05.19 10:45:00,1779187500003,SELL,ELIGIBLE,EDGE_STATE_PASS,244,1.914041,2.324417,1.571447,OK,4542.13,4542.30,4552.50,-22.830698,5.31,6.64,HARD_SL,1779187596499,4548.81,-1.005591,-1.073968,-1.142344
1779189900013_SELL,2026.05.19 11:25:00,1779189900013,SELL,REJECT,MEAN20_NOT_ABOVE_1BPS,245,0.601773,1.224024,-4.660324,OK,4540.64,4540.81,4544.39,-8.258748,6.00,7.50,TIME_EXIT,1779190500014,4544.39,-0.499881,-0.560408,-0.620936
1779206400022_SELL,2026.05.19 16:00:00,1779206400022,SELL,REJECT,MEAN20_NOT_ABOVE_1BPS,246,-0.644050,1.045984,-8.357472,OK,4537.12,4537.29,4522.97,31.187185,5.95,7.44,TIME_EXIT,1779207000040,4522.97,1.902293,1.841297,1.780301
1779223800118_SELL,2026.05.19 20:50:00,1779223800118,SELL,REJECT,MEAN20_NOT_ABOVE_1BPS,247,0.871404,1.224024,-3.070792,OK,4500.78,4500.95,4500.99,-0.466586,3.88,4.85,TIME_EXIT,1779224400202,4500.99,-0.043259,-0.135973,-0.228688
1779247200024_SELL,2026.05.20 03:20:00,1779247200024,SELL,REJECT,MEAN20_NOT_ABOVE_1BPS,248,0.943361,1.224024,-3.273988,OK,4483.66,4483.87,4502.15,-41.238631,5.49,6.86,HARD_SL,1779247476284,4490.61,-1.013542,-1.078928,-1.144315
1779251400063_SELL,2026.05.20 04:30:00,1779251400063,SELL,REJECT,MEAN20_NOT_ABOVE_1BPS,249,-1.180280,0.881632,-8.321496,OK,4473.55,4473.76,4468.23,11.892121,8.65,10.81,TIME_EXIT,1779252000090,4468.23,0.491982,0.450612,0.409242
1779270300017_SELL,2026.05.20 09:45:00,1779270300017,SELL,REJECT,MEAN20_NOT_ABOVE_1BPS,250,-1.071254,0.881632,-1.376932,OK,4467.05,4467.22,4475.07,-17.953683,6.19,7.73,HARD_SL,1779270591780,4474.83,-1.006073,-1.063839,-1.121605
1779280200036_SELL,2026.05.20 12:30:00,1779280200036,SELL,REJECT,MEAN20_NOT_ABOVE_1BPS,251,-0.874691,0.881632,-3.315919,OK,4474.16,4474.33,4483.43,-20.718973,5.38,6.72,HARD_SL,1779280388426,4480.93,-1.007226,-1.073792,-1.140358
1779370200003_SELL,2026.05.21 13:30:00,1779370200003,SELL,REJECT,MEAN20_NOT_ABOVE_1BPS,252,-1.683512,0.881632,-13.697150,OK,4518.08,4518.25,4509.00,20.097032,5.80,7.25,TIME_EXIT,1779370800018,4509.00,1.252722,1.190389,1.128055
1779387000016_SELL,2026.05.21 18:10:00,1779387000016,SELL,REJECT,MEAN20_NOT_ABOVE_1BPS,253,-0.383786,2.717528,-9.584427,OK,4501.64,4501.81,4508.26,-14.705752,6.93,8.66,HARD_SL,1779387227090,4510.49,-1.021856,-1.073833,-1.125811
1779388200005_SELL,2026.05.21 18:30:00,1779388200005,SELL,REJECT,MEAN20_NOT_ABOVE_1BPS,254,-1.179766,2.385294,-4.277851,OK,4503.43,4503.60,4509.49,-13.456410,6.63,8.28,TIME_EXIT,1779388800043,4509.49,-0.731616,-0.785985,-0.840354
1779437700067_SELL,2026.05.22 08:15:00,1779437700067,SELL,REJECT,MEAN20_NOT_ABOVE_1BPS,255,-2.505556,0.041406,-9.347557,OK,4525.47,4525.64,4527.29,-4.021682,2.77,3.46,HARD_SL,1779438147730,4528.93,-1.000310,-1.131144,-1.261979
1779440400034_SELL,2026.05.22 09:00:00,1779440400034,SELL,REJECT,MEAN20_NOT_ABOVE_1BPS,256,-2.606437,0.041406,-6.561157,OK,4511.14,4511.30,4522.90,-26.068799,4.87,6.08,HARD_SL,1779440487972,4517.23,-1.001145,-1.075304,-1.149464
1779444900008_SELL,2026.05.22 10:15:00,1779444900008,SELL,REJECT,MEAN20_NOT_ABOVE_1BPS,257,-4.385173,-2.244134,-7.631122,OK,4522.49,4522.66,4526.64,-9.176361,4.58,5.72,TIME_EXIT,1779445500088,4526.64,-0.725117,-0.804137,-0.883157
1779446100115_SELL,2026.05.22 10:35:00,1779446100115,SELL,REJECT,MEAN20_NOT_ABOVE_1BPS,258,-5.055051,-6.140215,-13.485801,OK,4522.59,4522.76,4520.09,5.527806,3.94,4.92,TIME_EXIT,1779446700207,4520.09,0.507890,0.416011,0.324132
1779450000031_SELL,2026.05.22 11:40:00,1779450000031,SELL,REJECT,MEAN20_NOT_ABOVE_1BPS,259,-5.116747,-6.140215,-9.439089,OK,4521.97,4522.14,4522.84,-1.923940,4.98,6.22,TIME_EXIT,1779450600075,4522.84,-0.139839,-0.212523,-0.285207
1779457200038_SELL,2026.05.22 13:40:00,1779457200038,SELL,REJECT,MEAN20_NOT_ABOVE_1BPS,260,-5.629352,-6.140215,-7.132595,OK,4518.15,4518.32,4513.15,11.066476,4.79,5.99,TIME_EXIT,1779457800131,4513.15,0.835322,0.759840,0.684358
1779465000017_SELL,2026.05.22 15:50:00,1779465000017,SELL,REJECT,MEAN20_NOT_ABOVE_1BPS,261,-5.587378,-6.140215,-4.114963,OK,4518.68,4518.85,4528.49,-21.709880,5.43,6.79,HARD_SL,1779465592140,4525.50,-1.004656,-1.071221,-1.137786
1779468300003_SELL,2026.05.22 16:45:00,1779468300003,SELL,REJECT,MEAN20_NOT_ABOVE_1BPS,262,-6.910561,-8.717554,-3.243180,OK,4517.76,4517.93,4517.29,1.040339,5.87,7.33,TIME_EXIT,1779468900041,4517.29,0.064078,0.002485,-0.059109
1779484500097_SELL,2026.05.22 21:15:00,1779484500097,SELL,REJECT,MEAN20_NOT_ABOVE_1BPS,263,-6.886014,-8.717554,-1.199840,OK,4513.84,4514.01,4516.82,-6.601918,4.32,5.39,TIME_EXIT,1779485100458,4516.82,-0.552400,-0.636073,-0.719745
1779780300109_SELL,2026.05.26 07:25:00,1779780300109,SELL,REJECT,MEAN20_NOT_ABOVE_1BPS,264,-6.416055,-7.430333,-3.625785,OK,4535.47,4535.68,4530.55,10.847828,2.70,3.38,TIME_EXIT,1779780900287,4530.55,1.455852,1.321645,1.187438
1779789000100_SELL,2026.05.26 09:50:00,1779789000100,SELL,REJECT,MEAN20_NOT_ABOVE_1BPS,265,-4.732129,-5.311800,-1.071431,OK,4529.63,4529.80,4531.19,-3.443990,4.00,5.00,TIME_EXIT,1779789600106,4531.19,-0.312111,-0.402736,-0.493361
1779794700225_SELL,2026.05.26 11:25:00,1779794700225,SELL,REJECT,MEAN20_NOT_ABOVE_1BPS,266,-4.491391,-3.732836,-3.973524,OK,4527.18,4527.35,4521.38,12.811507,4.97,6.22,TIME_EXIT,1779795300233,4521.38,0.933199,0.860359,0.787518
1779806100020_SELL,2026.05.26 14:35:00,1779806100020,SELL,REJECT,MEAN20_NOT_ABOVE_1BPS,267,-5.410175,-3.732836,2.930753,OK,4519.43,4519.60,4510.26,20.290169,4.04,5.05,TIME_EXIT,1779806700079,4510.26,1.814238,1.724823,1.635409
1779815400043_SELL,2026.05.26 17:10:00,1779815400043,SELL,REJECT,MEAN20_NOT_ABOVE_1BPS,268,-4.372337,-3.732836,6.780719,OK,4515.55,4515.72,4514.46,2.413881,6.35,7.94,TIME_EXIT,1779816000266,4514.46,0.137338,0.080443,0.023548
1779818100092_SELL,2026.05.26 17:55:00,1779818100092,SELL,REJECT,MEAN20_NOT_ABOVE_1BPS,269,-2.189711,-2.683965,8.583879,OK,4515.85,4516.02,4511.65,9.300575,5.76,7.20,TIME_EXIT,1779818701149,4511.65,0.582972,0.520291,0.457609
1779856800083_SELL,2026.05.27 04:40:00,1779856800083,SELL,REJECT,MEAN20_NOT_ABOVE_1BPS,270,-2.319289,-2.683965,8.274428,OK,4511.89,4512.34,4510.11,3.945132,4.09,5.11,TIME_EXIT,1779857400104,4510.11,0.348592,0.260232,0.171872
1779870900086_SELL,2026.05.27 08:35:00,1779870900086,SELL,REJECT,MEAN20_NOT_ABOVE_1BPS,271,-1.224348,-0.441801,9.752253,OK,4496.67,4496.84,4493.70,6.604888,4.93,6.16,TIME_EXIT,1779871500111,4493.70,0.482227,0.409216,0.336206
1779887100101_SELL,2026.05.27 13:05:00,1779887100101,SELL,REJECT,MEAN20_NOT_ABOVE_1BPS,272,0.141845,1.727110,8.510929,OK,4486.50,4486.67,4485.65,1.894573,3.66,4.58,TIME_EXIT,1779887700138,4485.65,0.185684,0.087675,-0.010333
1779905700077_SELL,2026.05.27 18:15:00,1779905700077,SELL,REJECT,MEAN20_NOT_ABOVE_1BPS,273,-0.768278,1.467456,4.831809,OK,4432.04,4432.15,4433.53,-3.361883,7.87,9.84,TIME_EXIT,1779906300168,4433.53,-0.151393,-0.196425,-0.241457
1779907500037_SELL,2026.05.27 18:45:00,1779907500037,SELL,REJECT,MEAN20_NOT_ABOVE_1BPS,274,-0.201084,1.467456,3.676657,OK,4434.10,4434.27,4434.39,-0.654022,5.50,6.88,TIME_EXIT,1779908100046,4434.39,-0.042176,-0.106664,-0.171152
1779934800021_SELL,2026.05.28 02:20:00,1779934800021,SELL,REJECT,MEAN20_NOT_ABOVE_1BPS,275,0.439035,1.467456,1.685737,OK,4453.71,4453.96,4450.99,6.107268,3.39,4.23,TIME_EXIT,1779935400048,4450.99,0.642836,0.537578,0.432321
1779941100029_SELL,2026.05.28 04:05:00,1779941100029,SELL,REJECT,MEAN20_NOT_ABOVE_1BPS,276,0.945482,2.154227,2.118165,OK,4445.86,4446.07,4438.43,16.712177,5.98,7.47,TIME_EXIT,1779941700154,4438.43,0.993980,0.934504,0.875027
1779976200048_SELL,2026.05.28 13:50:00,1779976200048,SELL,ELIGIBLE,EDGE_STATE_PASS,277,3.084531,3.179506,4.139622,OK,4380.93,4381.10,4383.14,-5.044591,5.17,6.46,HARD_SL,1779976679477,4387.39,-1.000581,-1.068436,-1.136292
1779981600010_SELL,2026.05.28 15:20:00,1779981600010,SELL,ELIGIBLE,EDGE_STATE_PASS,278,3.291120,3.179506,2.751790,OK,4388.35,4388.52,4385.56,6.357743,4.25,5.31,TIME_EXIT,1779982200018,4385.56,0.525000,0.442424,0.359847
1780305300197_SELL,2026.06.01 09:15:00,1780305300197,SELL,ELIGIBLE,EDGE_STATE_PASS,279,3.332617,3.179506,4.695715,OK,4514.15,4514.32,4506.13,17.766357,5.04,6.30,TIME_EXIT,1780305900394,4506.13,1.273377,1.201703,1.130030
1780316700002_SELL,2026.06.01 12:25:00,1780316700002,SELL,ELIGIBLE,EDGE_STATE_PASS,280,4.317131,5.026200,8.379791,OK,4499.65,4499.82,4490.93,19.379285,4.70,5.87,TIME_EXIT,1780317300030,4490.93,1.484707,1.408094,1.331480
1780327500017_SELL,2026.06.01 15:25:00,1780327500017,SELL,ELIGIBLE,EDGE_STATE_PASS,281,4.732772,5.026200,11.034194,OK,4501.90,4502.07,4501.19,1.577112,4.32,5.40,HARD_SL,1780327594168,4507.42,-1.023068,-1.106506,-1.189943
1780329600032_SELL,2026.06.01 16:00:00,1780329600032,SELL,ELIGIBLE,EDGE_STATE_PASS,282,5.897121,5.026200,8.007181,OK,4502.25,4502.42,4501.24,2.243323,5.13,6.41,TIME_EXIT,1780330200178,4501.24,0.157571,0.087331,0.017091
1780353900068_SELL,2026.06.01 22:45:00,1780353900068,SELL,ELIGIBLE,EDGE_STATE_PASS,283,5.957271,5.026200,9.464764,OK,4483.52,4483.69,4480.23,7.337984,2.02,2.53,TIME_EXIT,1780354500106,4480.23,1.300212,1.123022,0.945833
1780368600011_SELL,2026.06.02 02:50:00,1780368600011,SELL,ELIGIBLE,EDGE_STATE_PASS,284,6.654266,6.232505,9.660812,OK,4481.12,4481.37,4484.67,-7.922127,2.90,3.62,HARD_SL,1780368854858,4484.80,-1.016424,-1.140194,-1.263963
1780372800001_SELL,2026.06.02 04:00:00,1780372800001,SELL,ELIGIBLE,EDGE_STATE_PASS,285,5.715768,5.026200,4.523116,OK,4481.37,4481.58,4479.58,3.994314,4.68,5.86,TIME_EXIT,1780373400046,4479.58,0.305703,0.229168,0.152634
1780375200009_SELL,2026.06.02 04:40:00,1780375200009,SELL,ELIGIBLE,EDGE_STATE_PASS,286,6.087683,5.050791,1.446121,OK,4481.86,4482.07,4475.63,13.900479,7.03,8.78,TIME_EXIT,1780375800023,4475.63,0.709322,0.658293,0.607265
1780452000017_SELL,2026.06.03 02:00:00,1780452000017,SELL,ELIGIBLE,EDGE_STATE_PASS,287,6.142132,5.050791,3.910795,OK,4484.76,4485.01,4482.37,5.329159,3.86,4.83,TIME_EXIT,1780452600029,4482.37,0.494970,0.402091,0.309211
1780460100006_SELL,2026.06.03 04:15:00,1780460100006,SELL,ELIGIBLE,EDGE_STATE_PASS,288,5.394081,4.661737,4.527962,OK,4471.36,4471.57,4466.43,11.025728,5.97,7.46,TIME_EXIT,1780460700018,4466.43,0.661032,0.601078,0.541125
1780471800004_SELL,2026.06.03 07:30:00,1780471800004,SELL,ELIGIBLE,EDGE_STATE_PASS,289,5.824674,5.718214,5.265511,OK,4477.09,4477.30,4471.79,11.838047,2.65,3.32,TIME_EXIT,1780472400140,4471.79,1.598707,1.463659,1.328611
1780500300041_SELL,2026.06.03 15:25:00,1780500300041,SELL,ELIGIBLE,EDGE_STATE_PASS,290,5.951547,5.718214,9.217545,OK,4457.92,4458.09,4451.70,13.952695,4.12,5.15,TIME_EXIT,1780500900098,4451.70,1.207767,1.121205,1.034644
1780503900034_SELL,2026.06.03 16:25:00,1780503900034,SELL,ELIGIBLE,EDGE_STATE_PASS,291,6.451925,6.232505,11.209222,OK,4450.28,4450.45,4448.59,3.797514,6.47,8.08,TIME_EXIT,1780504500184,4448.59,0.209034,0.153989,0.098944
1780510500038_SELL,2026.06.03 18:15:00,1780510500038,SELL,ELIGIBLE,EDGE_STATE_PASS,292,6.311557,5.718214,9.188629,OK,4445.93,4446.10,4443.29,5.938015,6.45,8.07,TIME_EXIT,1780511100128,4443.29,0.327333,0.272208,0.217083
1780535100018_SELL,2026.06.04 01:05:00,1780535100018,SELL,ELIGIBLE,EDGE_STATE_PASS,293,6.513729,6.022642,9.310400,OK,4431.76,4433.01,4432.11,-0.789754,3.75,4.69,HARD_SL,1780535311276,4436.50,-1.010623,-1.105113,-1.199603
1780650300042_SELL,2026.06.05 09:05:00,1780650300042,SELL,ELIGIBLE,EDGE_STATE_PASS,294,6.642335,6.022642,6.947303,OK,4437.52,4437.69,4436.51,2.276046,4.76,5.94,TIME_EXIT,1780650900099,4436.51,0.169901,0.095253,0.020606
1780693500009_SELL,2026.06.05 21:05:00,1780693500009,SELL,ELIGIBLE,EDGE_STATE_PASS,295,6.788839,6.022642,5.034903,OK,4333.68,4333.82,4323.03,24.574957,5.93,7.41,TIME_EXIT,1780694100029,4323.03,1.437282,1.378796,1.320310
1780883400031_SELL,2026.06.08 01:50:00,1780883400031,SELL,ELIGIBLE,EDGE_STATE_PASS,296,7.712223,6.147879,7.159356,OK,4322.48,4322.73,4317.50,11.521164,8.89,11.11,TIME_EXIT,1780884000100,4317.50,0.448216,0.409312,0.370409
1780892100044_SELL,2026.06.08 04:15:00,1780892100044,SELL,ELIGIBLE,EDGE_STATE_PASS,297,7.452673,6.147879,8.704086,OK,4327.03,4327.24,4322.08,11.439717,6.34,7.93,TIME_EXIT,1780892700044,4322.08,0.624324,0.569749,0.515174
1780904700039_SELL,2026.06.08 07:45:00,1780904700039,SELL,ELIGIBLE,EDGE_STATE_PASS,298,8.276888,6.847864,9.804426,OK,4307.67,4307.88,4311.80,-9.587550,4.41,5.51,HARD_SL,1780905135471,4313.31,-1.023129,-1.101273,-1.179417
1780916100039_SELL,2026.06.08 10:55:00,1780916100039,SELL,ELIGIBLE,EDGE_STATE_PASS,299,7.479623,6.638000,8.044867,OK,4296.52,4296.69,4293.48,7.075494,6.91,8.64,TIME_EXIT,1780916700360,4293.48,0.351736,0.302024,0.252312
1781043300041_SELL,2026.06.09 22:15:00,1781043300041,SELL,ELIGIBLE,EDGE_STATE_PASS,300,6.945080,6.506754,9.004756,OK,4258.76,4258.93,4255.86,6.809494,5.41,6.76,TIME_EXIT,1781043900117,4255.86,0.429232,0.366198,0.303163
1781087700145_SELL,2026.06.10 10:35:00,1781087700145,SELL,ELIGIBLE,EDGE_STATE_PASS,301,6.316591,6.373755,5.451664,OK,4194.70,4194.87,4189.78,11.729087,5.64,7.05,TIME_EXIT,1781088300266,4189.78,0.697519,0.638050,0.578581
1781100300029_SELL,2026.06.10 14:05:00,1781100300029,SELL,ELIGIBLE,EDGE_STATE_PASS,302,6.824189,6.942494,5.493248,OK,4161.40,4161.57,4168.70,-17.542173,7.21,9.02,TIME_EXIT,1781100900034,4168.70,-0.809745,-0.855905,-0.902065
1781113500039_SELL,2026.06.10 17:45:00,1781113500039,SELL,REJECT,MEAN5_NOT_POSITIVE,303,5.834915,6.942494,-0.303130,OK,4149.87,4150.04,4138.17,28.193654,11.30,14.12,TIME_EXIT,1781114100135,4138.17,0.828371,0.798989,0.769608
1781156400033_SELL,2026.06.11 05:40:00,1781156400033,SELL,ELIGIBLE,EDGE_STATE_PASS,304,6.877698,6.942494,7.253111,OK,4067.13,4067.34,4055.24,29.234374,8.49,10.62,TIME_EXIT,1781157000048,4055.24,1.119906,1.081598,1.043290
1781178300012_SELL,2026.06.11 11:45:00,1781178300012,SELL,ELIGIBLE,EDGE_STATE_PASS,305,8.735523,9.050611,11.684887,OK,4090.67,4090.84,4087.05,8.849406,5.88,7.35,TIME_EXIT,1781178900079,4087.05,0.492577,0.436915,0.381253
1781197800031_SELL,2026.06.11 17:10:00,1781197800031,SELL,ELIGIBLE,EDGE_STATE_PASS,306,8.978278,9.937567,12.092870,OK,4062.53,4062.66,4063.78,-3.076900,10.69,13.36,TIME_EXIT,1781198400089,4063.78,-0.093545,-0.123948,-0.154350
1781207700011_SELL,2026.06.11 19:55:00,1781207700011,SELL,ELIGIBLE,EDGE_STATE_PASS,307,8.129409,7.962450,9.131672,OK,4079.69,4079.84,4074.95,11.618530,7.14,8.93,TIME_EXIT,1781208300044,4074.95,0.530933,0.485236,0.439539
1781580000011_SELL,2026.06.16 03:20:00,1781580000011,SELL,ELIGIBLE,EDGE_STATE_PASS,308,8.443877,9.937567,14.963813,OK,4311.63,4311.80,4308.42,7.444980,3.55,4.44,TIME_EXIT,1781580600032,4308.42,0.723089,0.625965,0.528840
1781586000015_SELL,2026.06.16 05:00:00,1781586000015,SELL,ELIGIBLE,EDGE_STATE_PASS,309,8.264840,8.147193,10.814078,OK,4313.57,4313.74,4311.58,4.613348,5.26,6.57,TIME_EXIT,1781586600117,4311.58,0.302826,0.237185,0.171544
1781599200003_SELL,2026.06.16 08:40:00,1781599200003,SELL,ELIGIBLE,EDGE_STATE_PASS,310,7.903605,7.260237,5.889873,OK,4316.88,4316.97,4318.15,-2.941940,3.68,4.60,TIME_EXIT,1781599800092,4318.15,-0.276141,-0.370004,-0.463867
1781688000014_SELL,2026.06.17 09:20:00,1781688000014,SELL,ELIGIBLE,EDGE_STATE_PASS,311,7.058873,6.942494,3.531604,OK,4323.83,4323.96,4324.48,-1.503297,4.05,5.06,TIME_EXIT,1781688600027,4324.48,-0.128372,-0.213766,-0.299160
1781693700050_SELL,2026.06.17 10:55:00,1781693700050,SELL,ELIGIBLE,EDGE_STATE_PASS,312,6.793833,6.942494,3.846324,OK,4325.37,4325.53,4326.25,-2.034508,3.67,4.59,TIME_EXIT,1781694300442,4326.25,-0.191788,-0.286056,-0.380324
1781706900042_SELL,2026.06.17 14:35:00,1781706900042,SELL,ELIGIBLE,EDGE_STATE_PASS,313,6.395206,6.942494,1.115717,OK,4325.73,4325.86,4326.06,-0.762877,2.91,3.63,TIME_EXIT,1781707500060,4326.06,-0.090789,-0.209797,-0.328805
1781762700013_SELL,2026.06.18 06:05:00,1781762700013,SELL,REJECT,MEAN5_NOT_POSITIVE,314,6.396550,6.942494,-0.525855,OK,4312.12,4312.31,4311.84,0.649333,4.75,5.94,TIME_EXIT,1781763300015,4311.84,0.047108,-0.025441,-0.097989
1781767500046_SELL,2026.06.18 07:25:00,1781767500046,SELL,REJECT,MEAN5_NOT_POSITIVE,315,6.315215,6.942494,-1.318658,OK,4313.31,4313.48,4316.65,-7.743473,4.01,5.01,TIME_EXIT,1781768100065,4316.65,-0.666334,-0.752385,-0.838436
1781772600045_SELL,2026.06.18 08:50:00,1781772600045,SELL,REJECT,MEAN5_NOT_POSITIVE,316,4.699293,5.711421,-2.278964,OK,4303.00,4303.13,4308.35,-12.433186,5.11,6.39,HARD_SL,1781772865856,4309.67,-1.044227,-1.111593,-1.178959
1781802600004_SELL,2026.06.18 17:10:00,1781802600004,SELL,REJECT,MEAN5_NOT_POSITIVE,317,3.501576,2.631340,-4.464942,OK,4243.64,4243.77,4249.87,-14.680793,8.61,10.76,TIME_EXIT,1781803200018,4249.87,-0.579006,-0.618446,-0.657885
1781818500034_SELL,2026.06.18 21:35:00,1781818500034,SELL,REJECT,MEDIAN20_NOT_POSITIVE,318,2.195550,-0.056772,-6.994199,OK,4222.70,4222.82,4225.02,-5.494115,3.76,4.70,TIME_EXIT,1781819100088,4225.02,-0.493898,-0.583794,-0.673690
1781862000120_SELL,2026.06.19 09:40:00,1781862000120,SELL,REJECT,MEDIAN20_NOT_POSITIVE,319,2.400222,-0.056772,-7.940447,OK,4133.73,4133.86,4145.49,-28.448883,6.23,7.78,HARD_SL,1781862522136,4141.53,-1.002410,-1.055534,-1.108658
1781874300007_SELL,2026.06.19 13:05:00,1781874300007,SELL,REJECT,MEAN20_NOT_ABOVE_1BPS,320,0.624003,-1.133087,-13.760090,OK,4157.92,4157.96,4155.56,5.675915,4.02,5.02,TIME_EXIT,1781874900025,4155.56,0.469652,0.386907,0.304162
1781883900104_SELL,2026.06.19 15:45:00,1781883900104,SELL,REJECT,MEAN20_NOT_ABOVE_1BPS,321,0.567324,-1.133087,-11.076212,OK,4152.32,4152.45,4173.00,-49.803483,4.55,5.69,HARD_SL,1781884257915,4158.04,-1.006030,-1.079061,-1.152092
1781888400004_SELL,2026.06.19 17:00:00,1781888400004,SELL,REJECT,MEAN20_NOT_ABOVE_1BPS,322,-2.509304,-1.768902,-18.550272,OK,4151.46,4151.59,4150.37,2.625582,9.64,12.05,TIME_EXIT,1781889000117,4150.37,0.090483,0.056021,0.021559
1782096000243_SELL,2026.06.22 02:40:00,1782096000243,SELL,REJECT,MEAN20_NOT_ABOVE_1BPS,323,-1.500917,-1.133087,-15.088997,OK,4144.84,4145.05,4137.64,17.370996,4.49,5.61,TIME_EXIT,1782096600278,4137.64,1.284281,1.210348,1.136416
1782160500070_SELL,2026.06.22 20:35:00,1782160500070,SELL,REJECT,MEAN20_NOT_ABOVE_1BPS,324,-2.042050,-1.133087,-10.515975,OK,4179.00,4179.13,4181.72,-6.508734,3.82,4.78,TIME_EXIT,1782161100243,4181.72,-0.569421,-0.656906,-0.744392
1782168600030_SELL,2026.06.22 22:50:00,1782168600030,SELL,REJECT,MEAN20_NOT_ABOVE_1BPS,325,-3.829205,-1.768902,-6.127945,NO_TICK_NEAR_TARGET,4185.45,4185.58,,,,,,,,
1782183600046_SELL,2026.06.23 03:00:00,1782183600046,SELL,REJECT,MEAN20_NOT_ABOVE_1BPS,325,-3.829205,-1.768902,-6.127945,OK,4187.57,4187.74,4184.55,7.211820,2.25,2.81,HARD_SL,1782183636476,4190.70,-1.112183,-1.260980,-1.409777
1782188400034_SELL,2026.06.23 04:20:00,1782188400034,SELL,REJECT,MEAN20_NOT_ABOVE_1BPS,326,-3.911084,-1.768902,-5.820764,OK,4173.57,4173.74,4178.48,-11.764509,6.11,7.64,TIME_EXIT,1782189000042,4178.48,-0.642956,-0.697608,-0.752260
1782227100051_SELL,2026.06.23 15:05:00,1782227100051,SELL,REJECT,MEAN20_NOT_ABOVE_1BPS,327,-4.345465,-1.768902,1.787031,OK,4122.41,4122.54,4114.21,19.891277,5.40,6.74,TIME_EXIT,1782227700072,4114.21,1.215780,1.154658,1.093537
1782239100006_SELL,2026.06.23 18:25:00,1782239100006,SELL,REJECT,MEAN20_NOT_ABOVE_1BPS,328,-3.931827,-1.768902,5.240170,OK,4125.01,4125.14,4133.17,-19.781770,6.68,8.35,HARD_SL,1782239578779,4133.38,-1.001860,-1.051234,-1.100609
1782246600008_SELL,2026.06.23 20:30:00,1782246600008,SELL,REJECT,MEAN20_NOT_ABOVE_1BPS,329,-5.293165,-2.488224,-2.190383,OK,4131.08,4131.21,4130.08,2.420674,4.37,5.46,TIME_EXIT,1782247200137,4130.08,0.183007,0.107405,0.031804
1782298500088_SELL,2026.06.24 10:55:00,1782298500088,SELL,REJECT,MEAN20_NOT_ABOVE_1BPS,330,-5.402799,-2.488224,-0.404501,OK,4078.83,4078.95,4077.77,2.598784,5.14,6.42,TIME_EXIT,1782299100125,4077.77,0.165049,0.101539,0.038029
1782324000054_SELL,2026.06.24 18:00:00,1782324000054,SELL,REJECT,MEAN20_NOT_ABOVE_1BPS,331,-5.125762,-1.768902,-1.327109,OK,4008.03,4008.12,3999.99,20.059730,10.95,13.69,TIME_EXIT,1782324600099,3999.99,0.587282,0.558006,0.528729
1782331200093_SELL,2026.06.24 20:00:00,1782331200093,SELL,REJECT,MEAN20_NOT_ABOVE_1BPS,332,-4.047611,-1.398693,5.037739,OK,4006.69,4006.82,4007.20,-1.272871,7.06,8.83,TIME_EXIT,1782331800141,4007.20,-0.057779,-0.103171,-0.148563
1782358500007_SELL,2026.06.25 03:35:00,1782358500007,SELL,REJECT,MEAN20_NOT_ABOVE_1BPS,333,-4.009529,-1.017874,0.804910,OK,3987.76,3987.90,3985.65,5.291191,6.79,8.49,TIME_EXIT,1782359100079,3985.65,0.248549,0.201575,0.154601
1782377100063_SELL,2026.06.25 08:45:00,1782377100063,SELL,REJECT,MEAN20_NOT_ABOVE_1BPS,334,-3.706826,-0.311769,5.819502,OK,3983.26,3983.39,3988.57,-13.330789,6.24,7.79,TIME_EXIT,1782377700114,3988.57,-0.681315,-0.732424,-0.783532
1782392400008_SELL,2026.06.25 13:00:00,1782392400008,SELL,REJECT,MEAN20_NOT_ABOVE_1BPS,335,-4.405832,-3.383493,2.669209,OK,3988.27,3988.40,3986.68,3.986691,4.41,5.51,TIME_EXIT,1782393000051,3986.68,0.288576,0.216191,0.143806
1782733500000_SELL,2026.06.29 11:45:00,1782733500000,SELL,REJECT,MEAN20_NOT_ABOVE_1BPS,336,-3.819324,0.573902,2.946790,OK,4055.64,4055.85,4051.81,9.443639,4.15,5.18,TIME_EXIT,1782734100000,4051.81,0.739076,0.660815,0.582553
1782751200000_SELL,2026.06.29 16:40:00,1782751200000,SELL,REJECT,MEAN20_NOT_ABOVE_1BPS,337,-2.725482,2.509729,0.823572,OK,4036.12,4036.25,4035.33,1.957325,5.68,7.10,TIME_EXIT,1782751800034,4035.33,0.111324,0.054448,-0.002427
1782760500077_SELL,2026.06.29 19:15:00,1782760500077,SELL,REJECT,MEAN20_NOT_ABOVE_1BPS,338,-1.893576,2.509729,1.469611,OK,4023.72,4023.85,4025.87,-5.343314,4.69,5.86,TIME_EXIT,1782761100299,4025.87,-0.366794,-0.435439,-0.504084
1782765900053_SELL,2026.06.29 20:45:00,1782765900053,SELL,REJECT,MEAN20_NOT_ABOVE_1BPS,339,-1.886036,2.509729,-0.657290,OK,4021.98,4021.98,4021.42,1.392349,3.53,4.41,TIME_EXIT,1782766500100,4021.42,0.126912,0.035762,-0.055387
