candidate_id,research_join_key,symbol,entry_timeframe,signal_time,signal_time_msc,signal_bar_time,side,horizon_minutes,status,entry_bid,entry_ask,entry_mid,spread_points,m5_atr,m5_atr_points,stop_atr_multiplier,stop_distance,stop_price,stop_hit,stop_hit_time,stop_hit_time_msc,stop_hit_ask,time_to_stop_seconds,ticks_scanned,best_exit_ask,worst_exit_ask,mfe_points,mae_points,mfe_bps,mae_bps,mfe_atr,mae_atr,time_to_mfe_seconds,time_to_mae_seconds,observed_time,observed_time_msc,observation_delay_milliseconds,future_ask,time_exit_return_points,time_exit_return_bps,time_exit_return_r,simulated_exit_mode,simulated_return_bps,simulated_return_r
P2F4_CANDIDATE_S1,1767391200005_SELL,XAUUSD,PERIOD_M5,2026.01.02 22:00:00,1767391200005,2026.01.02 22:00:00,SELL,5,OK,4318.18,4318.28,4318.23,10.0,3.61,360.64,1.250000,4.51,4322.69,NO,,,,,3079,4317.38,4320.60,80.00,242.00,1.8526,5.6042,0.221826,0.671024,25.500,259.092,2026.01.02 22:05:00,1767391500036,31,4318.94,-76.00,-1.7600,-0.168588,TIME_EXIT,-1.7600,-0.168588
P2F4_CANDIDATE_S1,1767391200005_SELL,XAUUSD,PERIOD_M5,2026.01.02 22:00:00,1767391200005,2026.01.02 22:00:00,SELL,10,OK,4318.18,4318.28,4318.23,10.0,3.61,360.64,1.250000,4.51,4322.69,NO,,,,,5679,4317.38,4320.60,80.00,242.00,1.8526,5.6042,0.221826,0.671024,25.500,259.092,2026.01.02 22:10:00,1767391800110,105,4319.48,-130.00,-3.0105,-0.288374,TIME_EXIT,-3.0105,-0.288374
P2F4_CANDIDATE_S1,1767391200005_SELL,XAUUSD,PERIOD_M5,2026.01.02 22:00:00,1767391200005,2026.01.02 22:00:00,SELL,15,OK,4318.18,4318.28,4318.23,10.0,3.61,360.64,1.250000,4.51,4322.69,NO,,,,,8651,4317.38,4321.74,80.00,356.00,1.8526,8.2442,0.221826,0.987126,25.500,719.808,2026.01.02 22:15:00,1767392100033,28,4320.21,-203.00,-4.7011,-0.450307,TIME_EXIT,-4.7011,-0.450307
P2F4_CANDIDATE_S1,1767765900054_SELL,XAUUSD,PERIOD_M5,2026.01.07 06:05:00,1767765900054,2026.01.07 06:05:00,SELL,5,OK,4473.10,4473.26,4473.18,16.0,3.53,352.86,1.250000,4.41,4477.51,NO,,,,,2769,4470.43,4473.92,267.00,82.00,5.9690,1.8332,0.756680,0.232389,91.240,22.272,2026.01.07 06:10:00,1767766200285,231,4471.65,145.00,3.2416,0.328745,TIME_EXIT,3.2416,0.328745
P2F4_CANDIDATE_S1,1767765900054_SELL,XAUUSD,PERIOD_M5,2026.01.07 06:05:00,1767765900054,2026.01.07 06:05:00,SELL,10,OK,4473.10,4473.26,4473.18,16.0,3.53,352.86,1.250000,4.41,4477.51,NO,,,,,5895,4469.42,4473.92,368.00,82.00,8.2270,1.8332,1.042915,0.232389,549.407,22.272,2026.01.07 06:15:00,1767766500136,82,4470.56,254.00,5.6784,0.575870,TIME_EXIT,5.6784,0.575870
P2F4_CANDIDATE_S1,1767765900054_SELL,XAUUSD,PERIOD_M5,2026.01.07 06:05:00,1767765900054,2026.01.07 06:05:00,SELL,15,OK,4473.10,4473.26,4473.18,16.0,3.53,352.86,1.250000,4.41,4477.51,NO,,,,,8568,4467.23,4473.92,587.00,82.00,13.1229,1.8332,1.663563,0.232389,825.296,22.272,2026.01.07 06:20:00,1767766800261,207,4468.79,431.00,9.6354,0.977166,TIME_EXIT,9.6354,0.977166
P2F4_CANDIDATE_S1,1767789000507_SELL,XAUUSD,PERIOD_M5,2026.01.07 12:30:00,1767789000507,2026.01.07 12:30:00,SELL,5,OK,4459.88,4460.05,4459.97,17.0,3.22,322.36,1.250000,4.03,4463.91,YES,2026.01.07 12:34:09,1767789249010,4464.05,248.503,433,4459.11,4464.78,77.00,490.00,1.7265,10.9868,0.238865,1.520053,32.206,271.373,2026.01.07 12:35:00,1767789300853,346,4464.28,-440.00,-9.8657,-1.091957,HARD_SL,-9.0349,-1.000000
P2F4_CANDIDATE_S1,1767789000507_SELL,XAUUSD,PERIOD_M5,2026.01.07 12:30:00,1767789000507,2026.01.07 12:30:00,SELL,10,OK,4459.88,4460.05,4459.97,17.0,3.22,322.36,1.250000,4.03,4463.91,YES,2026.01.07 12:34:09,1767789249010,4464.05,248.503,797,4459.11,4465.85,77.00,597.00,1.7265,13.3860,0.238865,1.851983,32.206,536.794,2026.01.07 12:40:00,1767789600984,477,4464.96,-508.00,-11.3904,-1.260713,HARD_SL,-9.0349,-1.000000
P2F4_CANDIDATE_S1,1767789000507_SELL,XAUUSD,PERIOD_M5,2026.01.07 12:30:00,1767789000507,2026.01.07 12:30:00,SELL,15,OK,4459.88,4460.05,4459.97,17.0,3.22,322.36,1.250000,4.03,4463.91,YES,2026.01.07 12:34:09,1767789249010,4464.05,248.503,1158,4459.11,4467.58,77.00,770.00,1.7265,17.2650,0.238865,2.388655,32.206,684.630,2026.01.07 12:45:00,1767789900793,286,4466.12,-624.00,-13.9914,-1.548593,HARD_SL,-9.0349,-1.000000
P2F4_CANDIDATE_S1,1767791700254_SELL,XAUUSD,PERIOD_M5,2026.01.07 13:15:00,1767791700254,2026.01.07 13:15:00,SELL,5,OK,4461.78,4461.95,4461.86,17.0,2.84,284.07,1.250000,3.55,4465.33,NO,,,,,359,4460.51,4464.43,127.00,265.00,2.8464,5.9393,0.447071,0.932864,70.929,274.635,2026.01.07 13:20:00,1767792000646,392,4462.90,-112.00,-2.5102,-0.315414,TIME_EXIT,-2.5102,-0.315414
P2F4_CANDIDATE_S1,1767791700254_SELL,XAUUSD,PERIOD_M5,2026.01.07 13:15:00,1767791700254,2026.01.07 13:15:00,SELL,10,OK,4461.78,4461.95,4461.86,17.0,2.84,284.07,1.250000,3.55,4465.33,NO,,,,,698,4459.74,4464.43,204.00,265.00,4.5722,5.9393,0.718129,0.932864,597.817,274.635,2026.01.07 13:25:00,1767792300255,1,4459.76,202.00,4.5273,0.568871,TIME_EXIT,4.5273,0.568871
P2F4_CANDIDATE_S1,1767791700254_SELL,XAUUSD,PERIOD_M5,2026.01.07 13:15:00,1767791700254,2026.01.07 13:15:00,SELL,15,OK,4461.78,4461.95,4461.86,17.0,2.84,284.07,1.250000,3.55,4465.33,NO,,,,,1095,4455.66,4464.43,612.00,265.00,13.7165,5.9393,2.154388,0.932864,664.098,274.635,2026.01.07 13:30:00,1767792600478,224,4459.37,241.00,5.4014,0.678703,TIME_EXIT,5.4014,0.678703
P2F4_CANDIDATE_S1,1767803400041_SELL,XAUUSD,PERIOD_M5,2026.01.07 16:30:00,1767803400041,2026.01.07 16:30:00,SELL,5,OK,4444.65,4444.80,4444.73,15.0,6.29,629.00,1.250000,7.86,4452.51,NO,,,,,6111,4440.91,4450.55,374.00,590.00,8.4146,13.2744,0.594595,0.937997,1.257,73.062,2026.01.07 16:35:00,1767803700078,37,4449.49,-484.00,-10.8895,-0.615580,TIME_EXIT,-10.8895,-0.615580
P2F4_CANDIDATE_S1,1767803400041_SELL,XAUUSD,PERIOD_M5,2026.01.07 16:30:00,1767803400041,2026.01.07 16:30:00,SELL,10,OK,4444.65,4444.80,4444.73,15.0,6.29,629.00,1.250000,7.86,4452.51,NO,,,,,12205,4435.88,4452.45,877.00,780.00,19.7316,17.5492,1.394277,1.240064,516.637,303.159,2026.01.07 16:40:00,1767804000066,25,4441.22,343.00,7.7171,0.436248,TIME_EXIT,7.7171,0.436248
P2F4_CANDIDATE_S1,1767804000018_SELL,XAUUSD,PERIOD_M5,2026.01.07 16:40:00,1767804000018,2026.01.07 16:40:00,SELL,5,OK,4441.04,4441.22,4441.13,18.0,6.92,691.64,1.250000,8.65,4449.69,NO,,,,,5748,4439.83,4446.08,121.00,504.00,2.7246,11.3487,0.174946,0.728700,179.797,82.600,2026.01.07 16:45:00,1767804300080,62,4444.37,-333.00,-7.4982,-0.385170,TIME_EXIT,-7.4982,-0.385170
P2F4_CANDIDATE_S1,1767803400041_SELL,XAUUSD,PERIOD_M5,2026.01.07 16:30:00,1767803400041,2026.01.07 16:30:00,SELL,15,OK,4444.65,4444.80,4444.73,15.0,6.29,629.00,1.250000,7.86,4452.51,NO,,,,,17952,4435.88,4452.45,877.00,780.00,19.7316,17.5492,1.394277,1.240064,516.637,303.159,2026.01.07 16:45:00,1767804300080,39,4444.37,28.00,0.6300,0.035612,TIME_EXIT,0.6300,0.035612
P2F4_CANDIDATE_S1,1767804000018_SELL,XAUUSD,PERIOD_M5,2026.01.07 16:40:00,1767804000018,2026.01.07 16:40:00,SELL,10,OK,4441.04,4441.22,4441.13,18.0,6.92,691.64,1.250000,8.65,4449.69,NO,,,,,11701,4439.83,4447.43,121.00,639.00,2.7246,14.3885,0.174946,0.923887,179.797,432.541,2026.01.07 16:50:00,1767804600035,17,4442.95,-191.00,-4.3008,-0.220923,TIME_EXIT,-4.3008,-0.220923
P2F4_CANDIDATE_S1,1767804000018_SELL,XAUUSD,PERIOD_M5,2026.01.07 16:40:00,1767804000018,2026.01.07 16:40:00,SELL,15,OK,4441.04,4441.22,4441.13,18.0,6.92,691.64,1.250000,8.65,4449.69,YES,2026.01.07 16:52:57,1767804777062,4449.69,777.044,17429,4439.83,4450.27,121.00,923.00,2.7246,20.7834,0.174946,1.334504,179.797,781.852,2026.01.07 16:55:00,1767804900048,30,4446.85,-581.00,-13.0825,-0.672023,HARD_SL,-19.4674,-1.000000
P2F4_CANDIDATE_S1,1767816300014_SELL,XAUUSD,PERIOD_M5,2026.01.07 20:05:00,1767816300014,2026.01.07 20:05:00,SELL,5,OK,4450.59,4450.74,4450.66,15.0,3.89,388.71,1.250000,4.86,4455.45,NO,,,,,3651,4448.14,4452.81,245.00,222.00,5.5049,4.9881,0.630283,0.571114,164.169,52.480,2026.01.07 20:10:00,1767816600088,74,4450.38,21.00,0.4718,0.043219,TIME_EXIT,0.4718,0.043219
P2F4_CANDIDATE_S1,1767816300014_SELL,XAUUSD,PERIOD_M5,2026.01.07 20:05:00,1767816300014,2026.01.07 20:05:00,SELL,10,OK,4450.59,4450.74,4450.66,15.0,3.89,388.71,1.250000,4.86,4455.45,NO,,,,,7578,4448.14,4453.01,245.00,242.00,5.5049,5.4375,0.630283,0.622565,164.169,353.643,2026.01.07 20:15:00,1767816900024,10,4450.06,53.00,1.1909,0.109078,TIME_EXIT,1.1909,0.109078
P2F4_CANDIDATE_S1,1767816300014_SELL,XAUUSD,PERIOD_M5,2026.01.07 20:05:00,1767816300014,2026.01.07 20:05:00,SELL,15,OK,4450.59,4450.74,4450.66,15.0,3.89,388.71,1.250000,4.86,4455.45,NO,,,,,11333,4447.35,4453.01,324.00,242.00,7.2799,5.4375,0.833517,0.622565,794.141,353.643,2026.01.07 20:20:00,1767817200048,34,4450.33,26.00,0.5842,0.053510,TIME_EXIT,0.5842,0.053510
P2F4_CANDIDATE_S1,1767827400165_SELL,XAUUSD,PERIOD_M5,2026.01.07 23:10:00,1767827400165,2026.01.07 23:10:00,SELL,5,OK,4452.91,4453.18,4453.05,27.0,3.56,355.57,1.250000,4.44,4457.35,NO,,,,,423,4453.18,4454.76,0.00,185.00,0.0000,4.1546,0.000000,0.520289,0.000,213.311,2026.01.07 23:15:00,1767827700180,15,4454.18,-127.00,-2.8521,-0.285737,TIME_EXIT,-2.8521,-0.285737
P2F4_CANDIDATE_S1,1767827400165_SELL,XAUUSD,PERIOD_M5,2026.01.07 23:10:00,1767827400165,2026.01.07 23:10:00,SELL,10,OK,4452.91,4453.18,4453.05,27.0,3.56,355.57,1.250000,4.44,4457.35,NO,,,,,785,4453.18,4454.80,0.00,189.00,0.0000,4.2444,0.000000,0.531539,0.000,303.703,2026.01.07 23:20:01,1767828001934,1769,4454.15,-124.00,-2.7847,-0.278988,TIME_EXIT,-2.7847,-0.278988
P2F4_CANDIDATE_S1,1767827400165_SELL,XAUUSD,PERIOD_M5,2026.01.07 23:10:00,1767827400165,2026.01.07 23:10:00,SELL,15,OK,4452.91,4453.18,4453.05,27.0,3.56,355.57,1.250000,4.44,4457.35,NO,,,,,1214,4453.18,4455.43,0.00,252.00,0.0000,5.6592,0.000000,0.708718,0.000,629.416,2026.01.07 23:25:01,1767828301289,1124,4453.77,-86.00,-1.9313,-0.193491,TIME_EXIT,-1.9313,-0.193491
P2F4_CANDIDATE_S1,1767866700025_SELL,XAUUSD,PERIOD_M5,2026.01.08 10:05:00,1767866700025,2026.01.08 10:05:00,SELL,5,OK,4425.75,4425.94,4425.84,19.0,4.26,425.79,1.250000,5.32,4431.07,YES,2026.01.08 10:09:23,1767866963280,4431.09,263.255,3509,4425.94,4432.61,0.00,686.00,0.0000,15.5002,0.000000,1.611139,0.000,299.591,2026.01.08 10:10:00,1767867000055,30,4432.60,-685.00,-15.4776,-1.287032,HARD_SL,-12.0258,-1.000000
P2F4_CANDIDATE_S1,1767866700025_SELL,XAUUSD,PERIOD_M5,2026.01.08 10:05:00,1767866700025,2026.01.08 10:05:00,SELL,10,OK,4425.75,4425.94,4425.84,19.0,4.26,425.79,1.250000,5.32,4431.07,YES,2026.01.08 10:09:23,1767866963280,4431.09,263.255,6510,4425.94,4433.44,0.00,769.00,0.0000,17.3756,0.000000,1.806073,0.000,367.884,2026.01.08 10:15:00,1767867300088,63,4425.97,-22.00,-0.4971,-0.041335,HARD_SL,-12.0258,-1.000000
P2F4_CANDIDATE_S1,1767866700025_SELL,XAUUSD,PERIOD_M5,2026.01.08 10:05:00,1767866700025,2026.01.08 10:05:00,SELL,15,OK,4425.75,4425.94,4425.84,19.0,4.26,425.79,1.250000,5.32,4431.07,YES,2026.01.08 10:09:23,1767866963280,4431.09,263.255,9191,4425.53,4433.44,22.00,769.00,0.4971,17.3756,0.051669,1.806073,601.163,367.884,2026.01.08 10:20:00,1767867600042,17,4429.12,-337.00,-7.6145,-0.633182,HARD_SL,-12.0258,-1.000000
P2F4_CANDIDATE_S1,1767871200003_SELL,XAUUSD,PERIOD_M5,2026.01.08 11:20:00,1767871200003,2026.01.08 11:20:00,SELL,5,OK,4426.51,4426.61,4426.56,10.0,4.83,482.57,1.250000,6.03,4432.54,NO,,,,,3034,4426.23,4429.37,28.00,286.00,0.6326,6.4611,0.058022,0.592658,1.616,126.418,2026.01.08 11:25:00,1767871500172,169,4427.79,-128.00,-2.8917,-0.212197,TIME_EXIT,-2.8917,-0.212197
P2F4_CANDIDATE_S1,1767871200003_SELL,XAUUSD,PERIOD_M5,2026.01.08 11:20:00,1767871200003,2026.01.08 11:20:00,SELL,10,OK,4426.51,4426.61,4426.56,10.0,4.83,482.57,1.250000,6.03,4432.54,NO,,,,,6046,4426.23,4431.26,28.00,475.00,0.6326,10.7308,0.058022,0.984310,1.616,511.276,2026.01.08 11:30:00,1767871800018,15,4430.43,-392.00,-8.8557,-0.649852,TIME_EXIT,-8.8557,-0.649852
P2F4_CANDIDATE_S1,1767871200003_SELL,XAUUSD,PERIOD_M5,2026.01.08 11:20:00,1767871200003,2026.01.08 11:20:00,SELL,15,OK,4426.51,4426.61,4426.56,10.0,4.83,482.57,1.250000,6.03,4432.54,YES,2026.01.08 11:31:04,1767871864339,4432.57,664.336,8986,4426.23,4434.96,28.00,845.00,0.6326,19.0895,0.058022,1.751036,1.616,871.869,2026.01.08 11:35:00,1767872100047,44,4434.54,-803.00,-18.1407,-1.331202,HARD_SL,-13.6273,-1.000000
P2F4_CANDIDATE_S1,1767874800039_SELL,XAUUSD,PERIOD_M5,2026.01.08 12:20:00,1767874800039,2026.01.08 12:20:00,SELL,5,OK,4424.39,4424.53,4424.46,14.0,3.43,342.71,1.250000,4.28,4428.67,NO,,,,,2585,4423.19,4426.75,120.00,236.00,2.7122,5.3341,0.350146,0.688620,4.153,245.342,2026.01.08 12:25:00,1767875100281,242,4426.14,-175.00,-3.9553,-0.408504,TIME_EXIT,-3.9553,-0.408504
P2F4_CANDIDATE_S1,1767874800039_SELL,XAUUSD,PERIOD_M5,2026.01.08 12:20:00,1767874800039,2026.01.08 12:20:00,SELL,10,OK,4424.39,4424.53,4424.46,14.0,3.43,342.71,1.250000,4.28,4428.67,NO,,,,,4931,4423.19,4427.65,120.00,326.00,2.7122,7.3682,0.350146,0.951230,4.153,471.965,2026.01.08 12:30:00,1767875400067,28,4424.79,-40.00,-0.9041,-0.093372,TIME_EXIT,-0.9041,-0.093372
P2F4_CANDIDATE_S1,1767874800039_SELL,XAUUSD,PERIOD_M5,2026.01.08 12:20:00,1767874800039,2026.01.08 12:20:00,SELL,15,OK,4424.39,4424.53,4424.46,14.0,3.43,342.71,1.250000,4.28,4428.67,YES,2026.01.08 12:32:38,1767875558100,4428.69,758.061,7409,4423.19,4431.88,120.00,749.00,2.7122,16.9289,0.350146,2.185494,4.153,841.041,2026.01.08 12:35:00,1767875700105,66,4431.48,-709.00,-16.0248,-1.655023,HARD_SL,-9.6825,-1.000000
P2F4_CANDIDATE_S1,1767878400132_SELL,XAUUSD,PERIOD_M5,2026.01.08 13:20:00,1767878400132,2026.01.08 13:20:00,SELL,5,OK,4428.81,4428.98,4428.90,17.0,3.49,349.29,1.250000,4.37,4433.18,NO,,,,,3369,4425.86,4429.16,295.00,35.00,6.6609,0.7903,0.844581,0.100204,273.146,109.216,2026.01.08 13:25:00,1767878700173,41,4425.91,290.00,6.5480,0.664213,TIME_EXIT,6.5480,0.664213
P2F4_CANDIDATE_S1,1767878400132_SELL,XAUUSD,PERIOD_M5,2026.01.08 13:20:00,1767878400132,2026.01.08 13:20:00,SELL,10,OK,4428.81,4428.98,4428.90,17.0,3.49,349.29,1.250000,4.37,4433.18,NO,,,,,6552,4424.90,4429.16,391.00,35.00,8.8286,0.7903,1.119427,0.100204,367.593,109.216,2026.01.08 13:30:00,1767879000205,73,4426.53,228.00,5.1481,0.522209,TIME_EXIT,5.1481,0.522209
P2F4_CANDIDATE_S1,1767878400132_SELL,XAUUSD,PERIOD_M5,2026.01.08 13:20:00,1767878400132,2026.01.08 13:20:00,SELL,15,OK,4428.81,4428.98,4428.90,17.0,3.49,349.29,1.250000,4.37,4433.18,NO,,,,,9214,4424.88,4429.16,393.00,35.00,8.8737,0.7903,1.125153,0.100204,889.671,109.216,2026.01.08 13:35:00,1767879300163,31,4425.14,367.00,8.2867,0.840573,TIME_EXIT,8.2867,0.840573
P2F4_CANDIDATE_S1,1767885000010_SELL,XAUUSD,PERIOD_M5,2026.01.08 15:10:00,1767885000010,2026.01.08 15:10:00,SELL,5,OK,4418.68,4418.82,4418.75,14.0,5.71,570.93,1.250000,7.14,4425.82,NO,,,,,4607,4417.48,4421.08,120.00,240.00,2.7157,5.4315,0.210184,0.420368,47.294,105.349,2026.01.08 15:15:00,1767885300030,20,4420.67,-199.00,-4.5036,-0.278844,TIME_EXIT,-4.5036,-0.278844
P2F4_CANDIDATE_S1,1767885000010_SELL,XAUUSD,PERIOD_M5,2026.01.08 15:10:00,1767885000010,2026.01.08 15:10:00,SELL,10,OK,4418.68,4418.82,4418.75,14.0,5.71,570.93,1.250000,7.14,4425.82,YES,2026.01.08 15:18:36,1767885516729,4425.84,516.719,9289,4417.48,4427.70,120.00,902.00,2.7157,20.4133,0.210184,1.579882,47.294,566.404,2026.01.08 15:20:00,1767885600054,44,4425.95,-727.00,-16.4529,-1.018691,HARD_SL,-16.1510,-1.000000
P2F4_CANDIDATE_S1,1767885000010_SELL,XAUUSD,PERIOD_M5,2026.01.08 15:10:00,1767885000010,2026.01.08 15:10:00,SELL,15,OK,4418.68,4418.82,4418.75,14.0,5.71,570.93,1.250000,7.14,4425.82,YES,2026.01.08 15:18:36,1767885516729,4425.84,516.719,14611,4417.48,4433.27,120.00,1459.00,2.7157,33.0189,0.210184,2.555486,47.294,785.459,2026.01.08 15:25:00,1767885900026,16,4432.27,-1359.00,-30.7558,-1.904266,HARD_SL,-16.1510,-1.000000
P2F4_CANDIDATE_S1,1767888900003_SELL,XAUUSD,PERIOD_M5,2026.01.08 16:15:00,1767888900003,2026.01.08 16:15:00,SELL,5,OK,4423.48,4423.58,4423.53,10.0,6.29,628.79,1.250000,7.86,4431.34,NO,,,,,4504,4419.58,4427.95,390.00,447.00,8.8166,10.1052,0.620243,0.710894,65.331,251.499,2026.01.08 16:20:00,1767889200042,39,4427.55,-407.00,-9.2009,-0.517823,TIME_EXIT,-9.2009,-0.517823
P2F4_CANDIDATE_S1,1767888900003_SELL,XAUUSD,PERIOD_M5,2026.01.08 16:15:00,1767888900003,2026.01.08 16:15:00,SELL,10,OK,4423.48,4423.58,4423.53,10.0,6.29,628.79,1.250000,7.86,4431.34,NO,,,,,8294,4419.58,4429.25,390.00,577.00,8.8166,13.0440,0.620243,0.917642,65.331,599.024,2026.01.08 16:25:00,1767889500014,11,4429.10,-562.00,-12.7049,-0.715029,TIME_EXIT,-12.7049,-0.715029
P2F4_CANDIDATE_S1,1767888900003_SELL,XAUUSD,PERIOD_M5,2026.01.08 16:15:00,1767888900003,2026.01.08 16:15:00,SELL,15,OK,4423.48,4423.58,4423.53,10.0,6.29,628.79,1.250000,7.86,4431.34,NO,,,,,12028,4419.58,4430.30,390.00,682.00,8.8166,15.4177,0.620243,1.084630,65.331,615.601,2026.01.08 16:30:00,1767889800053,50,4427.94,-446.00,-10.0826,-0.567443,TIME_EXIT,-10.0826,-0.567443
P2F4_CANDIDATE_S1,1768271400116_SELL,XAUUSD,PERIOD_M5,2026.01.13 02:30:00,1768271400116,2026.01.13 02:30:00,SELL,5,OK,4588.31,4588.53,4588.42,22.0,4.88,487.86,1.250000,6.10,4594.41,NO,,,,,1725,4587.44,4591.04,87.00,273.00,1.8961,5.9499,0.178331,0.559590,14.628,83.367,2026.01.13 02:35:00,1768271700917,801,4588.13,18.00,0.3923,0.029517,TIME_EXIT,0.3923,0.029517
P2F4_CANDIDATE_S1,1768271400116_SELL,XAUUSD,PERIOD_M5,2026.01.13 02:30:00,1768271400116,2026.01.13 02:30:00,SELL,10,OK,4588.31,4588.53,4588.42,22.0,4.88,487.86,1.250000,6.10,4594.41,NO,,,,,4142,4584.68,4591.04,363.00,273.00,7.9114,5.9499,0.744070,0.559590,537.418,83.367,2026.01.13 02:40:00,1768272000238,122,4585.48,283.00,6.1678,0.464070,TIME_EXIT,6.1678,0.464070
P2F4_CANDIDATE_S1,1768271400116_SELL,XAUUSD,PERIOD_M5,2026.01.13 02:30:00,1768271400116,2026.01.13 02:30:00,SELL,15,OK,4588.31,4588.53,4588.42,22.0,4.88,487.86,1.250000,6.10,4594.41,NO,,,,,6026,4584.68,4591.04,363.00,273.00,7.9114,5.9499,0.744070,0.559590,537.418,83.367,2026.01.13 02:45:00,1768272300585,469,4586.52,179.00,3.9012,0.293529,TIME_EXIT,3.9012,0.293529
P2F4_CANDIDATE_S1,1768305300296_SELL,XAUUSD,PERIOD_M5,2026.01.13 11:55:00,1768305300296,2026.01.13 11:55:00,SELL,5,OK,4585.97,4586.10,4586.03,13.0,2.94,294.14,1.250000,3.68,4589.65,NO,,,,,1939,4585.85,4587.64,12.00,167.00,0.2617,3.6415,0.040797,0.567751,4.807,84.469,2026.01.13 12:00:00,1768305600357,61,4586.29,-32.00,-0.6978,-0.087033,TIME_EXIT,-0.6978,-0.087033
P2F4_CANDIDATE_S1,1768305300296_SELL,XAUUSD,PERIOD_M5,2026.01.13 11:55:00,1768305300296,2026.01.13 11:55:00,SELL,10,OK,4585.97,4586.10,4586.03,13.0,2.94,294.14,1.250000,3.68,4589.65,NO,,,,,3364,4583.05,4587.64,292.00,167.00,6.3672,3.6415,0.992715,0.567751,584.162,84.469,2026.01.13 12:05:00,1768305900381,85,4583.10,287.00,6.2582,0.780573,TIME_EXIT,6.2582,0.780573
P2F4_CANDIDATE_S1,1768305300296_SELL,XAUUSD,PERIOD_M5,2026.01.13 11:55:00,1768305300296,2026.01.13 11:55:00,SELL,15,OK,4585.97,4586.10,4586.03,13.0,2.94,294.14,1.250000,3.68,4589.65,NO,,,,,4930,4582.80,4587.64,317.00,167.00,6.9124,3.6415,1.077708,0.567751,671.599,84.469,2026.01.13 12:10:01,1768306201047,751,4583.79,218.00,4.7536,0.592909,TIME_EXIT,4.7536,0.592909
P2F4_CANDIDATE_S1,1768313700469_SELL,XAUUSD,PERIOD_M5,2026.01.13 14:15:00,1768313700469,2026.01.13 14:15:00,SELL,5,OK,4583.58,4583.72,4583.65,14.0,2.97,297.14,1.250000,3.71,4587.29,NO,,,,,1510,4583.33,4584.85,25.00,127.00,0.5454,2.7708,0.084135,0.427404,17.533,198.803,2026.01.13 14:20:00,1768314000754,285,4583.88,-30.00,-0.6545,-0.080769,TIME_EXIT,-0.6545,-0.080769
P2F4_CANDIDATE_S1,1768313700469_SELL,XAUUSD,PERIOD_M5,2026.01.13 14:15:00,1768313700469,2026.01.13 14:15:00,SELL,10,OK,4583.58,4583.72,4583.65,14.0,2.97,297.14,1.250000,3.71,4587.29,NO,,,,,3566,4579.53,4584.85,405.00,127.00,8.8359,2.7708,1.362981,0.427404,586.717,198.803,2026.01.13 14:25:00,1768314300502,33,4579.86,372.00,8.1159,1.001538,TIME_EXIT,8.1159,1.001538
P2F4_CANDIDATE_S1,1768313700469_SELL,XAUUSD,PERIOD_M5,2026.01.13 14:15:00,1768313700469,2026.01.13 14:15:00,SELL,15,OK,4583.58,4583.72,4583.65,14.0,2.97,297.14,1.250000,3.71,4587.29,NO,,,,,6175,4578.03,4584.85,555.00,127.00,12.1084,2.7708,1.867788,0.427404,823.390,198.803,2026.01.13 14:30:00,1768314600684,215,4580.72,286.00,6.2397,0.770000,TIME_EXIT,6.2397,0.770000
P2F4_CANDIDATE_S1,1768452600111_SELL,XAUUSD,PERIOD_M5,2026.01.15 04:50:00,1768452600111,2026.01.15 04:50:00,SELL,5,OK,4604.10,4604.31,4604.20,21.0,6.11,610.86,1.250000,7.64,4611.74,NO,,,,,4843,4595.71,4604.34,839.00,24.00,18.2229,0.5213,1.373480,0.039289,154.246,0.503,2026.01.15 04:55:00,1768452900134,23,4598.99,511.00,11.0988,0.669224,TIME_EXIT,11.0988,0.669224
P2F4_CANDIDATE_S1,1768452600111_SELL,XAUUSD,PERIOD_M5,2026.01.15 04:50:00,1768452600111,2026.01.15 04:50:00,SELL,10,OK,4604.10,4604.31,4604.20,21.0,6.11,610.86,1.250000,7.64,4611.74,NO,,,,,8916,4595.71,4605.36,839.00,126.00,18.2229,2.7367,1.373480,0.206268,154.246,488.807,2026.01.15 05:00:00,1768453200125,14,4603.13,97.00,2.1068,0.127035,TIME_EXIT,2.1068,0.127035
P2F4_CANDIDATE_S1,1768452600111_SELL,XAUUSD,PERIOD_M5,2026.01.15 04:50:00,1768452600111,2026.01.15 04:50:00,SELL,15,OK,4604.10,4604.31,4604.20,21.0,6.11,610.86,1.250000,7.64,4611.74,NO,,,,,13766,4595.71,4605.36,839.00,126.00,18.2229,2.7367,1.373480,0.206268,154.246,488.807,2026.01.15 05:05:00,1768453500287,176,4598.49,561.00,12.1848,0.734705,TIME_EXIT,12.1848,0.734705
P2F4_CANDIDATE_S1,1768471500011_SELL,XAUUSD,PERIOD_M5,2026.01.15 10:05:00,1768471500011,2026.01.15 10:05:00,SELL,5,OK,4599.87,4600.06,4599.97,19.0,3.74,374.14,1.250000,4.68,4604.55,NO,,,,,2918,4598.38,4604.05,149.00,418.00,3.2392,9.0872,0.398244,1.117220,58.394,257.520,2026.01.15 10:10:00,1768471800068,57,4601.92,-205.00,-4.4566,-0.438335,TIME_EXIT,-4.4566,-0.438335
P2F4_CANDIDATE_S1,1768471500011_SELL,XAUUSD,PERIOD_M5,2026.01.15 10:05:00,1768471500011,2026.01.15 10:05:00,SELL,10,OK,4599.87,4600.06,4599.97,19.0,3.74,374.14,1.250000,4.68,4604.55,YES,2026.01.15 10:14:33,1768472073599,4604.55,573.588,5686,4598.38,4604.75,149.00,488.00,3.2392,10.6090,0.398244,1.304315,58.394,583.655,2026.01.15 10:15:00,1768472100050,39,4603.96,-409.00,-8.8916,-0.874532,HARD_SL,-10.1672,-1.000000
P2F4_CANDIDATE_S1,1768471500011_SELL,XAUUSD,PERIOD_M5,2026.01.15 10:05:00,1768471500011,2026.01.15 10:05:00,SELL,15,OK,4599.87,4600.06,4599.97,19.0,3.74,374.14,1.250000,4.68,4604.55,YES,2026.01.15 10:14:33,1768472073599,4604.55,573.588,8015,4598.38,4606.06,149.00,619.00,3.2392,13.4569,0.398244,1.654448,58.394,845.922,2026.01.15 10:20:00,1768472400030,19,4606.02,-615.00,-13.3699,-1.315006,HARD_SL,-10.1672,-1.000000
P2F4_CANDIDATE_S1,1768474200011_SELL,XAUUSD,PERIOD_M5,2026.01.15 10:50:00,1768474200011,2026.01.15 10:50:00,SELL,5,OK,4603.24,4603.35,4603.30,11.0,3.96,396.36,1.250000,4.95,4608.19,NO,,,,,1613,4602.87,4604.40,37.00,116.00,0.8038,2.5200,0.093350,0.292665,286.981,86.726,2026.01.15 10:55:02,1768474502068,2057,4603.46,-22.00,-0.4779,-0.044404,TIME_EXIT,-0.4779,-0.044404
P2F4_CANDIDATE_S1,1768474200011_SELL,XAUUSD,PERIOD_M5,2026.01.15 10:50:00,1768474200011,2026.01.15 10:50:00,SELL,10,OK,4603.24,4603.35,4603.30,11.0,3.96,396.36,1.250000,4.95,4608.19,NO,,,,,3536,4601.25,4605.48,199.00,224.00,4.3230,4.8661,0.502072,0.565147,340.987,586.333,2026.01.15 11:00:00,1768474800057,46,4604.38,-114.00,-2.4765,-0.230096,TIME_EXIT,-2.4765,-0.230096
P2F4_CANDIDATE_S1,1768474200011_SELL,XAUUSD,PERIOD_M5,2026.01.15 10:50:00,1768474200011,2026.01.15 10:50:00,SELL,15,OK,4603.24,4603.35,4603.30,11.0,3.96,396.36,1.250000,4.95,4608.19,NO,,,,,5097,4601.25,4605.48,199.00,224.00,4.3230,4.8661,0.502072,0.565147,340.987,586.333,2026.01.15 11:05:00,1768475100074,63,4603.78,-54.00,-1.1731,-0.108993,TIME_EXIT,-1.1731,-0.108993
P2F4_CANDIDATE_S1,1768553400028_SELL,XAUUSD,PERIOD_M5,2026.01.16 08:50:00,1768553400028,2026.01.16 08:50:00,SELL,5,OK,4596.80,4597.00,4596.90,20.0,4.55,454.86,1.250000,5.69,4602.49,NO,,,,,3750,4595.09,4599.11,171.00,231.00,3.7200,5.0252,0.375942,0.507852,147.861,39.681,2026.01.16 08:55:00,1768553700036,8,4596.96,-16.00,-0.3481,-0.028141,TIME_EXIT,-0.3481,-0.028141
P2F4_CANDIDATE_S1,1768553400028_SELL,XAUUSD,PERIOD_M5,2026.01.16 08:50:00,1768553400028,2026.01.16 08:50:00,SELL,10,OK,4596.80,4597.00,4596.90,20.0,4.55,454.86,1.250000,5.69,4602.49,NO,,,,,6340,4595.09,4599.36,171.00,256.00,3.7200,5.5691,0.375942,0.562814,147.861,581.602,2026.01.16 09:00:00,1768554000044,16,4598.21,-141.00,-3.0674,-0.247990,TIME_EXIT,-3.0674,-0.247990
P2F4_CANDIDATE_S1,1768553400028_SELL,XAUUSD,PERIOD_M5,2026.01.16 08:50:00,1768553400028,2026.01.16 08:50:00,SELL,15,OK,4596.80,4597.00,4596.90,20.0,4.55,454.86,1.250000,5.69,4602.49,NO,,,,,8836,4595.09,4601.46,171.00,466.00,3.7200,10.1375,0.375942,1.024497,147.861,893.546,2026.01.16 09:05:00,1768554300175,147,4601.20,-440.00,-9.5719,-0.773869,TIME_EXIT,-9.5719,-0.773869
P2F4_CANDIDATE_S1,1768560600013_SELL,XAUUSD,PERIOD_M5,2026.01.16 10:50:00,1768560600013,2026.01.16 10:50:00,SELL,5,OK,4602.94,4603.09,4603.01,15.0,3.82,381.71,1.250000,4.77,4607.71,NO,,,,,1856,4602.57,4607.44,37.00,450.00,0.8038,9.7764,0.096931,1.178892,30.831,288.950,2026.01.16 10:55:00,1768560900082,69,4606.54,-360.00,-7.8211,-0.754491,TIME_EXIT,-7.8211,-0.754491
P2F4_CANDIDATE_S1,1768560600013_SELL,XAUUSD,PERIOD_M5,2026.01.16 10:50:00,1768560600013,2026.01.16 10:50:00,SELL,10,OK,4602.94,4603.09,4603.01,15.0,3.82,381.71,1.250000,4.77,4607.71,NO,,,,,2864,4602.57,4607.62,37.00,468.00,0.8038,10.1674,0.096931,1.226048,30.831,324.052,2026.01.16 11:00:00,1768561200139,126,4603.08,-14.00,-0.3042,-0.029341,TIME_EXIT,-0.3042,-0.029341
P2F4_CANDIDATE_S1,1768560600013_SELL,XAUUSD,PERIOD_M5,2026.01.16 10:50:00,1768560600013,2026.01.16 10:50:00,SELL,15,OK,4602.94,4603.09,4603.01,15.0,3.82,381.71,1.250000,4.77,4607.71,NO,,,,,3204,4602.57,4607.62,37.00,468.00,0.8038,10.1674,0.096931,1.226048,30.831,324.052,2026.01.16 11:05:00,1768561500986,973,4605.12,-218.00,-4.7361,-0.456886,TIME_EXIT,-4.7361,-0.456886
P2F4_CANDIDATE_S1,1768568700253_SELL,XAUUSD,PERIOD_M5,2026.01.16 13:05:00,1768568700253,2026.01.16 13:05:00,SELL,5,OK,4601.36,4601.52,4601.44,16.0,3.16,316.14,1.250000,3.95,4605.31,NO,,,,,2052,4599.09,4602.31,227.00,95.00,4.9333,2.0646,0.718030,0.300497,214.767,135.815,2026.01.16 13:10:00,1768569000317,64,4602.14,-78.00,-1.6952,-0.197379,TIME_EXIT,-1.6952,-0.197379
P2F4_CANDIDATE_S1,1768568700253_SELL,XAUUSD,PERIOD_M5,2026.01.16 13:05:00,1768568700253,2026.01.16 13:05:00,SELL,10,OK,4601.36,4601.52,4601.44,16.0,3.16,316.14,1.250000,3.95,4605.31,YES,2026.01.16 13:13:49,1768569229361,4605.52,529.108,4151,4599.09,4606.81,227.00,545.00,4.9333,11.8443,0.718030,1.723904,214.767,595.869,2026.01.16 13:15:00,1768569300778,525,4606.60,-524.00,-11.3879,-1.325983,HARD_SL,-8.5883,-1.000000
P2F4_CANDIDATE_S1,1768568700253_SELL,XAUUSD,PERIOD_M5,2026.01.16 13:05:00,1768568700253,2026.01.16 13:05:00,SELL,15,OK,4601.36,4601.52,4601.44,16.0,3.16,316.14,1.250000,3.95,4605.31,YES,2026.01.16 13:13:49,1768569229361,4605.52,529.108,5851,4599.09,4609.45,227.00,809.00,4.9333,17.5818,0.718030,2.558970,214.767,896.056,2026.01.16 13:20:00,1768569600463,210,4609.25,-789.00,-17.1471,-1.996566,HARD_SL,-8.5883,-1.000000
P2F4_CANDIDATE_S1,1768584600017_SELL,XAUUSD,PERIOD_M5,2026.01.16 17:30:00,1768584600017,2026.01.16 17:30:00,SELL,5,OK,4565.12,4565.25,4565.18,13.0,9.83,982.71,1.250000,12.28,4577.40,NO,,,,,7826,4536.96,4570.46,2816.00,534.00,61.6851,11.6974,2.865533,0.543393,252.563,2.923,2026.01.16 17:35:00,1768584900046,29,4544.37,2075.00,45.4534,1.689199,TIME_EXIT,45.4534,1.689199
P2F4_CANDIDATE_S1,1768584600017_SELL,XAUUSD,PERIOD_M5,2026.01.16 17:30:00,1768584600017,2026.01.16 17:30:00,SELL,10,OK,4565.12,4565.25,4565.18,13.0,9.83,982.71,1.250000,12.28,4577.40,NO,,,,,15313,4536.96,4570.46,2816.00,534.00,61.6851,11.6974,2.865533,0.543393,252.563,2.923,2026.01.16 17:40:00,1768585200032,15,4548.37,1675.00,36.6913,1.363570,TIME_EXIT,36.6913,1.363570
P2F4_CANDIDATE_S1,1768584600017_SELL,XAUUSD,PERIOD_M5,2026.01.16 17:30:00,1768584600017,2026.01.16 17:30:00,SELL,15,OK,4565.12,4565.25,4565.18,13.0,9.83,982.71,1.250000,12.28,4577.40,NO,,,,,21946,4536.96,4570.46,2816.00,534.00,61.6851,11.6974,2.865533,0.543393,252.563,2.923,2026.01.16 17:45:00,1768585500023,6,4555.73,939.00,20.5690,0.764413,TIME_EXIT,20.5690,0.764413
P2F4_CANDIDATE_S1,1768591500037_SELL,XAUUSD,PERIOD_M5,2026.01.16 19:25:00,1768591500037,2026.01.16 19:25:00,SELL,5,OK,4584.53,4584.72,4584.63,19.0,7.64,763.93,1.250000,9.55,4594.08,NO,,,,,4243,4577.01,4584.72,752.00,19.00,16.4030,0.4144,0.984385,0.024871,285.492,0.000,2026.01.16 19:30:00,1768591800119,82,4578.94,559.00,12.1932,0.585395,TIME_EXIT,12.1932,0.585395
P2F4_CANDIDATE_S1,1768591500037_SELL,XAUUSD,PERIOD_M5,2026.01.16 19:25:00,1768591500037,2026.01.16 19:25:00,SELL,10,OK,4584.53,4584.72,4584.63,19.0,7.64,763.93,1.250000,9.55,4594.08,NO,,,,,8684,4577.01,4585.11,752.00,58.00,16.4030,1.2651,0.984385,0.075923,285.492,492.231,2026.01.16 19:35:00,1768592100054,17,4583.63,90.00,1.9631,0.094250,TIME_EXIT,1.9631,0.094250
P2F4_CANDIDATE_S1,1768591500037_SELL,XAUUSD,PERIOD_M5,2026.01.16 19:25:00,1768591500037,2026.01.16 19:25:00,SELL,15,OK,4584.53,4584.72,4584.63,19.0,7.64,763.93,1.250000,9.55,4594.08,NO,,,,,11910,4577.01,4586.84,752.00,231.00,16.4030,5.0387,0.984385,0.302384,285.492,815.863,2026.01.16 19:40:00,1768592400124,87,4585.27,-74.00,-1.6141,-0.077494,TIME_EXIT,-1.6141,-0.077494
P2F4_CANDIDATE_S1,1768597800003_SELL,XAUUSD,PERIOD_M5,2026.01.16 21:10:00,1768597800003,2026.01.16 21:10:00,SELL,5,OK,4584.50,4584.66,4584.58,16.0,5.32,532.14,1.250000,6.65,4591.15,NO,,,,,3228,4582.58,4585.74,192.00,124.00,4.1880,2.7048,0.360805,0.233020,153.215,71.625,2026.01.16 21:15:00,1768598100041,38,4584.22,28.00,0.6108,0.042094,TIME_EXIT,0.6108,0.042094
P2F4_CANDIDATE_S1,1768597800003_SELL,XAUUSD,PERIOD_M5,2026.01.16 21:10:00,1768597800003,2026.01.16 21:10:00,SELL,10,OK,4584.50,4584.66,4584.58,16.0,5.32,532.14,1.250000,6.65,4591.15,NO,,,,,5989,4581.13,4586.24,337.00,174.00,7.3509,3.7954,0.633289,0.326980,510.712,426.492,2026.01.16 21:20:00,1768598400183,180,4583.75,75.00,1.6359,0.112752,TIME_EXIT,1.6359,0.112752
P2F4_CANDIDATE_S1,1768597800003_SELL,XAUUSD,PERIOD_M5,2026.01.16 21:10:00,1768597800003,2026.01.16 21:10:00,SELL,15,OK,4584.50,4584.66,4584.58,16.0,5.32,532.14,1.250000,6.65,4591.15,NO,,,,,8781,4581.13,4586.41,337.00,191.00,7.3509,4.1662,0.633289,0.358926,510.712,821.093,2026.01.16 21:25:00,1768598700021,18,4585.42,-92.00,-2.0068,-0.138309,TIME_EXIT,-2.0068,-0.138309
P2F4_CANDIDATE_S1,1768603200061_SELL,XAUUSD,PERIOD_M5,2026.01.16 22:40:00,1768603200061,2026.01.16 22:40:00,SELL,5,OK,4585.35,4585.55,4585.45,20.0,3.64,363.86,1.250000,4.55,4589.90,NO,,,,,2586,4584.43,4587.32,92.00,197.00,2.0064,4.2963,0.252846,0.541421,299.442,227.771,2026.01.16 22:45:00,1768603500307,246,4584.49,86.00,1.8755,0.189085,TIME_EXIT,1.8755,0.189085
P2F4_CANDIDATE_S1,1768603200061_SELL,XAUUSD,PERIOD_M5,2026.01.16 22:40:00,1768603200061,2026.01.16 22:40:00,SELL,10,OK,4585.35,4585.55,4585.45,20.0,3.64,363.86,1.250000,4.55,4589.90,NO,,,,,5068,4584.19,4587.32,116.00,197.00,2.5298,4.2963,0.318806,0.541421,509.773,227.771,2026.01.16 22:50:00,1768603800131,70,4585.93,-58.00,-1.2649,-0.127523,TIME_EXIT,-1.2649,-0.127523
P2F4_CANDIDATE_S1,1768603200061_SELL,XAUUSD,PERIOD_M5,2026.01.16 22:40:00,1768603200061,2026.01.16 22:40:00,SELL,15,OK,4585.35,4585.55,4585.45,20.0,3.64,363.86,1.250000,4.55,4589.90,NO,,,,,8345,4584.19,4589.33,116.00,398.00,2.5298,8.6798,0.318806,1.093836,509.773,897.151,2026.01.16 22:55:00,1768604100064,3,4589.09,-374.00,-8.1564,-0.822301,TIME_EXIT,-8.1564,-0.822301
P2F4_CANDIDATE_S1,1769031300019_SELL,XAUUSD,PERIOD_M5,2026.01.21 21:35:00,1769031300019,2026.01.21 21:35:00,SELL,5,OK,4805.83,4806.03,4805.93,20.0,9.93,993.29,1.250000,12.42,4818.25,NO,,,,,7505,4773.13,4806.44,3270.00,61.00,68.0424,1.2693,3.292104,0.061412,279.777,2.199,2026.01.21 21:40:00,1769031600053,34,4773.80,3203.00,66.6482,2.579721,TIME_EXIT,66.6482,2.579721
P2F4_CANDIDATE_S1,1769031300019_SELL,XAUUSD,PERIOD_M5,2026.01.21 21:35:00,1769031300019,2026.01.21 21:35:00,SELL,10,OK,4805.83,4806.03,4805.93,20.0,9.93,993.29,1.250000,12.42,4818.25,NO,,,,,14639,4765.94,4806.44,3989.00,61.00,83.0034,1.2693,4.015964,0.061412,578.168,2.199,2026.01.21 21:45:00,1769031900090,71,4766.19,3964.00,82.4832,3.192636,TIME_EXIT,82.4832,3.192636
P2F4_CANDIDATE_S1,1769031300019_SELL,XAUUSD,PERIOD_M5,2026.01.21 21:35:00,1769031300019,2026.01.21 21:35:00,SELL,15,OK,4805.83,4806.03,4805.93,20.0,9.93,993.29,1.250000,12.42,4818.25,NO,,,,,21247,4762.57,4806.44,4326.00,61.00,90.0157,1.2693,4.355242,0.061412,715.843,2.199,2026.01.21 21:50:00,1769032200112,93,4776.53,2930.00,60.9676,2.359845,TIME_EXIT,60.9676,2.359845
P2F4_CANDIDATE_S1,1769044800059_SELL,XAUUSD,PERIOD_M5,2026.01.22 01:20:00,1769044800059,2026.01.22 01:20:00,SELL,5,OK,4803.29,4803.52,4803.41,23.0,8.39,839.36,1.250000,10.49,4813.78,NO,,,,,1919,4795.85,4807.49,744.00,420.00,15.4894,8.7440,0.886393,0.500383,293.682,120.509,2026.01.22 01:25:00,1769045100236,177,4795.89,740.00,15.4061,0.705302,TIME_EXIT,15.4061,0.705302
P2F4_CANDIDATE_S1,1769044800059_SELL,XAUUSD,PERIOD_M5,2026.01.22 01:20:00,1769044800059,2026.01.22 01:20:00,SELL,10,OK,4803.29,4803.52,4803.41,23.0,8.39,839.36,1.250000,10.49,4813.78,NO,,,,,4721,4785.19,4807.49,1810.00,420.00,37.6825,8.7440,2.156412,0.500383,455.777,120.509,2026.01.22 01:30:00,1769045400241,182,4795.23,806.00,16.7802,0.768207,TIME_EXIT,16.7802,0.768207
P2F4_CANDIDATE_S1,1769044800059_SELL,XAUUSD,PERIOD_M5,2026.01.22 01:20:00,1769044800059,2026.01.22 01:20:00,SELL,15,OK,4803.29,4803.52,4803.41,23.0,8.39,839.36,1.250000,10.49,4813.78,NO,,,,,6863,4785.19,4807.49,1810.00,420.00,37.6825,8.7440,2.156412,0.500383,455.777,120.509,2026.01.22 01:35:00,1769045700112,53,4794.12,917.00,19.0911,0.874002,TIME_EXIT,19.0911,0.874002
P2F4_CANDIDATE_S1,1769055300007_SELL,XAUUSD,PERIOD_M5,2026.01.22 04:15:00,1769055300007,2026.01.22 04:15:00,SELL,5,OK,4793.51,4793.73,4793.62,22.0,8.46,846.36,1.250000,10.58,4804.09,NO,,,,,2533,4791.25,4795.37,226.00,186.00,4.7147,3.8802,0.267027,0.219765,294.049,206.186,2026.01.22 04:20:00,1769055600218,211,4791.57,194.00,4.0471,0.183374,TIME_EXIT,4.0471,0.183374
P2F4_CANDIDATE_S1,1769055300007_SELL,XAUUSD,PERIOD_M5,2026.01.22 04:15:00,1769055300007,2026.01.22 04:15:00,SELL,10,OK,4793.51,4793.73,4793.62,22.0,8.46,846.36,1.250000,10.58,4804.09,NO,,,,,5500,4788.09,4796.01,542.00,250.00,11.3070,5.2154,0.640392,0.295384,595.109,376.192,2026.01.22 04:25:00,1769055900051,44,4788.70,481.00,10.0344,0.454654,TIME_EXIT,10.0344,0.454654
P2F4_CANDIDATE_S1,1769055300007_SELL,XAUUSD,PERIOD_M5,2026.01.22 04:15:00,1769055300007,2026.01.22 04:15:00,SELL,15,OK,4793.51,4793.73,4793.62,22.0,8.46,846.36,1.250000,10.58,4804.09,NO,,,,,8100,4786.71,4796.01,680.00,250.00,14.1858,5.2154,0.803443,0.295384,856.648,376.192,2026.01.22 04:30:00,1769056200026,19,4787.81,570.00,11.8911,0.538780,TIME_EXIT,11.8911,0.538780
P2F4_CANDIDATE_S1,1769174100008_SELL,XAUUSD,PERIOD_M5,2026.01.23 13:15:00,1769174100008,2026.01.23 13:15:00,SELL,5,OK,4918.50,4918.69,4918.59,19.0,4.71,471.07,1.250000,5.89,4924.39,NO,,,,,2270,4912.25,4919.67,625.00,117.00,12.7071,2.3788,1.326763,0.248370,194.429,17.001,2026.01.23 13:20:00,1769174400062,54,4917.24,126.00,2.5618,0.213980,TIME_EXIT,2.5618,0.213980
P2F4_CANDIDATE_S1,1769174100008_SELL,XAUUSD,PERIOD_M5,2026.01.23 13:15:00,1769174100008,2026.01.23 13:15:00,SELL,10,OK,4918.50,4918.69,4918.59,19.0,4.71,471.07,1.250000,5.89,4924.39,NO,,,,,4466,4912.25,4919.76,625.00,126.00,12.7071,2.5618,1.326763,0.267475,194.429,596.071,2026.01.23 13:25:00,1769174700252,244,4919.61,-111.00,-2.2568,-0.188506,TIME_EXIT,-2.2568,-0.188506
P2F4_CANDIDATE_S1,1769174100008_SELL,XAUUSD,PERIOD_M5,2026.01.23 13:15:00,1769174100008,2026.01.23 13:15:00,SELL,15,OK,4918.50,4918.69,4918.59,19.0,4.71,471.07,1.250000,5.89,4924.39,NO,,,,,6144,4912.25,4922.15,625.00,365.00,12.7071,7.4210,1.326763,0.774829,194.429,866.296,2026.01.23 13:30:00,1769175000056,48,4921.01,-251.00,-5.1032,-0.426262,TIME_EXIT,-5.1032,-0.426262
P2F4_CANDIDATE_S1,1769469300010_SELL,XAUUSD,PERIOD_M5,2026.01.26 23:15:00,1769469300010,2026.01.26 23:15:00,SELL,5,OK,5034.23,5034.40,5034.31,17.0,11.48,1147.79,1.250000,14.35,5048.58,NO,,,,,2657,5022.47,5036.13,1176.00,190.00,23.3601,3.7742,1.024581,0.165536,146.786,6.689,2026.01.26 23:20:00,1769469600026,16,5031.86,237.00,4.7078,0.165188,TIME_EXIT,4.7078,0.165188
P2F4_CANDIDATE_S1,1769469300010_SELL,XAUUSD,PERIOD_M5,2026.01.26 23:15:00,1769469300010,2026.01.26 23:15:00,SELL,10,OK,5034.23,5034.40,5034.31,17.0,11.48,1147.79,1.250000,14.35,5048.58,NO,,,,,5657,5011.36,5036.13,2287.00,190.00,45.4290,3.7742,1.992532,0.165536,478.586,6.689,2026.01.26 23:25:00,1769469900018,8,5020.61,1362.00,27.0548,0.949306,TIME_EXIT,27.0548,0.949306
P2F4_CANDIDATE_S1,1769469300010_SELL,XAUUSD,PERIOD_M5,2026.01.26 23:15:00,1769469300010,2026.01.26 23:15:00,SELL,15,OK,5034.23,5034.40,5034.31,17.0,11.48,1147.79,1.250000,14.35,5048.58,NO,,,,,7795,5011.36,5036.13,2287.00,190.00,45.4290,3.7742,1.992532,0.165536,478.586,6.689,2026.01.26 23:30:00,1769470200062,52,5020.86,1337.00,26.5582,0.931881,TIME_EXIT,26.5582,0.931881
P2F4_CANDIDATE_S1,1769482200011_SELL,XAUUSD,PERIOD_M5,2026.01.27 02:50:00,1769482200011,2026.01.27 02:50:00,SELL,5,OK,5023.55,5023.68,5023.61,13.0,7.41,740.71,1.250000,9.26,5032.81,NO,,,,,5224,5013.86,5024.63,969.00,108.00,19.2891,2.1499,1.308197,0.145805,121.858,3.255,2026.01.27 02:55:00,1769482500013,2,5023.27,28.00,0.5574,0.030241,TIME_EXIT,0.5574,0.030241
P2F4_CANDIDATE_S1,1769482200011_SELL,XAUUSD,PERIOD_M5,2026.01.27 02:50:00,1769482200011,2026.01.27 02:50:00,SELL,10,OK,5023.55,5023.68,5023.61,13.0,7.41,740.71,1.250000,9.26,5032.81,YES,2026.01.27 02:57:40,1769482660906,5032.83,460.895,10207,5013.86,5035.62,969.00,1207.00,19.2891,24.0268,1.308197,1.629508,121.858,514.512,2026.01.27 03:00:00,1769482800011,0,5032.95,-940.00,-18.7119,-1.015236,HARD_SL,-18.4310,-1.000000
P2F4_CANDIDATE_S1,1769482200011_SELL,XAUUSD,PERIOD_M5,2026.01.27 02:50:00,1769482200011,2026.01.27 02:50:00,SELL,15,OK,5023.55,5023.68,5023.61,13.0,7.41,740.71,1.250000,9.26,5032.81,YES,2026.01.27 02:57:40,1769482660906,5032.83,460.895,16666,5013.86,5035.62,969.00,1207.00,19.2891,24.0268,1.308197,1.629508,121.858,514.512,2026.01.27 03:05:00,1769483100016,5,5034.37,-1082.00,-21.5386,-1.168602,HARD_SL,-18.4310,-1.000000
P2F4_CANDIDATE_S1,1769721300024_SELL,XAUUSD,PERIOD_M5,2026.01.29 21:15:00,1769721300024,2026.01.29 21:15:00,SELL,5,OK,5306.71,5306.91,5306.81,20.0,23.10,2310.29,1.250000,28.88,5335.59,NO,,,,,4424,5305.26,5332.70,145.00,2599.00,2.7324,48.9757,0.062763,1.124969,3.267,209.884,2026.01.29 21:20:00,1769721600112,88,5319.65,-1294.00,-24.3842,-0.448083,TIME_EXIT,-24.3842,-0.448083
P2F4_CANDIDATE_S1,1769721300024_SELL,XAUUSD,PERIOD_M5,2026.01.29 21:15:00,1769721300024,2026.01.29 21:15:00,SELL,10,OK,5306.71,5306.91,5306.81,20.0,23.10,2310.29,1.250000,28.88,5335.59,NO,,,,,10443,5305.26,5332.70,145.00,2599.00,2.7324,48.9757,0.062763,1.124969,3.267,209.884,2026.01.29 21:25:00,1769721900098,74,5314.49,-778.00,-14.6607,-0.269404,TIME_EXIT,-14.6607,-0.269404
P2F4_CANDIDATE_S1,1769721300024_SELL,XAUUSD,PERIOD_M5,2026.01.29 21:15:00,1769721300024,2026.01.29 21:15:00,SELL,15,OK,5306.71,5306.91,5306.81,20.0,23.10,2310.29,1.250000,28.88,5335.59,NO,,,,,16301,5305.26,5332.70,145.00,2599.00,2.7324,48.9757,0.062763,1.124969,3.267,209.884,2026.01.29 21:30:00,1769722200080,56,5318.93,-1222.00,-23.0275,-0.423151,TIME_EXIT,-23.0275,-0.423151
P2F4_CANDIDATE_S1,1769742000015_SELL,XAUUSD,PERIOD_M5,2026.01.30 03:00:00,1769742000015,2026.01.30 03:00:00,SELL,5,OK,5407.18,5407.31,5407.25,13.0,16.48,1647.79,1.250000,20.60,5427.78,NO,,,,,5955,5377.49,5410.03,2969.00,285.00,54.9085,5.2708,1.801812,0.172959,127.058,0.312,2026.01.30 03:05:00,1769742300044,29,5390.34,1684.00,31.1438,0.817582,TIME_EXIT,31.1438,0.817582
P2F4_CANDIDATE_S1,1769742000015_SELL,XAUUSD,PERIOD_M5,2026.01.30 03:00:00,1769742000015,2026.01.30 03:00:00,SELL,10,OK,5407.18,5407.31,5407.25,13.0,16.48,1647.79,1.250000,20.60,5427.78,NO,,,,,11466,5366.59,5410.03,4059.00,285.00,75.0669,5.2708,2.463306,0.172959,599.332,0.312,2026.01.30 03:10:00,1769742600042,27,5366.79,4039.00,74.6970,1.960935,TIME_EXIT,74.6970,1.960935
P2F4_CANDIDATE_S1,1769742000015_SELL,XAUUSD,PERIOD_M5,2026.01.30 03:00:00,1769742000015,2026.01.30 03:00:00,SELL,15,OK,5407.18,5407.31,5407.25,13.0,16.48,1647.79,1.250000,20.60,5427.78,NO,,,,,16054,5300.76,5410.03,10642.00,285.00,196.8124,5.2708,6.458364,0.172959,871.994,0.312,2026.01.30 03:15:00,1769742900042,27,5310.16,9702.00,179.4281,4.710321,TIME_EXIT,179.4281,4.710321
P2F4_CANDIDATE_S1,1769760000047_SELL,XAUUSD,PERIOD_M5,2026.01.30 08:00:00,1769760000047,2026.01.30 08:00:00,SELL,5,OK,5184.98,5185.14,5185.06,16.0,15.80,1580.43,1.250000,19.76,5204.74,NO,,,,,4322,5180.40,5204.01,458.00,1903.00,8.8332,36.7022,0.289795,1.204104,5.317,283.658,2026.01.30 08:05:00,1769760300191,144,5203.45,-1847.00,-35.6221,-0.934936,TIME_EXIT,-35.6221,-0.934936
P2F4_CANDIDATE_S1,1769760000047_SELL,XAUUSD,PERIOD_M5,2026.01.30 08:00:00,1769760000047,2026.01.30 08:00:00,SELL,10,OK,5184.98,5185.14,5185.06,16.0,15.80,1580.43,1.250000,19.76,5204.74,NO,,,,,9143,5174.28,5204.01,1070.00,1903.00,20.6365,36.7022,0.677032,1.204104,456.855,283.658,2026.01.30 08:10:00,1769760600110,63,5193.46,-848.00,-16.3549,-0.429251,TIME_EXIT,-16.3549,-0.429251
P2F4_CANDIDATE_S1,1769760000047_SELL,XAUUSD,PERIOD_M5,2026.01.30 08:00:00,1769760000047,2026.01.30 08:00:00,SELL,15,OK,5184.98,5185.14,5185.06,16.0,15.80,1580.43,1.250000,19.76,5204.74,YES,2026.01.30 08:10:52,1769760652040,5205.19,651.993,13376,5174.28,5205.56,1070.00,2058.00,20.6365,39.6916,0.677032,1.302178,456.855,653.108,2026.01.30 08:15:00,1769760900112,65,5191.26,-628.00,-12.1119,-0.317888,HARD_SL,-38.1011,-1.000000
P2F4_CANDIDATE_S1,1769784600035_SELL,XAUUSD,PERIOD_M5,2026.01.30 14:50:00,1769784600035,2026.01.30 14:50:00,SELL,5,OK,5066.15,5066.35,5066.25,20.0,22.65,2265.07,1.250000,28.31,5094.46,YES,2026.01.30 14:54:13,1769784853141,5094.48,253.106,2773,5065.28,5096.61,87.00,3046.00,1.7173,60.1246,0.038409,1.344770,0.110,260.323,2026.01.30 14:55:00,1769784900115,80,5090.44,-2429.00,-47.9457,-0.857898,HARD_SL,-55.8874,-1.000000
P2F4_CANDIDATE_S1,1769784600035_SELL,XAUUSD,PERIOD_M5,2026.01.30 14:50:00,1769784600035,2026.01.30 14:50:00,SELL,10,OK,5066.15,5066.35,5066.25,20.0,22.65,2265.07,1.250000,28.31,5094.46,YES,2026.01.30 14:54:13,1769784853141,5094.48,253.106,5852,5055.66,5096.61,1049.00,3046.00,20.7061,60.1246,0.463120,1.344770,593.616,260.323,2026.01.30 15:00:00,1769785200052,17,5064.74,141.00,2.7832,0.049800,HARD_SL,-55.8874,-1.000000
P2F4_CANDIDATE_S1,1769784600035_SELL,XAUUSD,PERIOD_M5,2026.01.30 14:50:00,1769784600035,2026.01.30 14:50:00,SELL,15,OK,5066.15,5066.35,5066.25,20.0,22.65,2265.07,1.250000,28.31,5094.46,YES,2026.01.30 14:54:13,1769784853141,5094.48,253.106,8933,5054.79,5100.05,1136.00,3390.00,22.4233,66.9147,0.501529,1.496642,658.790,893.460,2026.01.30 15:05:00,1769785500131,96,5098.26,-3211.00,-63.3815,-1.134092,HARD_SL,-55.8874,-1.000000
P2F4_CANDIDATE_S1,1769792400039_SELL,XAUUSD,PERIOD_M5,2026.01.30 17:00:00,1769792400039,2026.01.30 17:00:00,SELL,5,OK,5033.17,5033.37,5033.27,20.0,31.48,3147.93,1.250000,39.35,5072.52,NO,,,,,3814,4981.45,5034.85,5172.00,168.00,102.7583,3.3379,1.642985,0.053368,166.510,25.465,2026.01.30 17:05:00,1769792700105,66,4985.66,4751.00,94.3938,1.207397,TIME_EXIT,94.3938,1.207397
P2F4_CANDIDATE_S1,1769792400039_SELL,XAUUSD,PERIOD_M5,2026.01.30 17:00:00,1769792400039,2026.01.30 17:00:00,SELL,10,OK,5033.17,5033.37,5033.27,20.0,31.48,3147.93,1.250000,39.35,5072.52,NO,,,,,7469,4980.80,5034.85,5237.00,168.00,104.0497,3.3379,1.663634,0.053368,304.291,25.465,2026.01.30 17:10:00,1769793000046,7,5000.65,3252.00,64.6114,0.826448,TIME_EXIT,64.6114,0.826448
P2F4_CANDIDATE_S1,1769792400039_SELL,XAUUSD,PERIOD_M5,2026.01.30 17:00:00,1769792400039,2026.01.30 17:00:00,SELL,15,OK,5033.17,5033.37,5033.27,20.0,31.48,3147.93,1.250000,39.35,5072.52,NO,,,,,11037,4980.80,5046.28,5237.00,1311.00,104.0497,26.0472,1.663634,0.416464,304.291,823.535,2026.01.30 17:15:00,1769793300091,52,5027.84,533.00,10.5897,0.135454,TIME_EXIT,10.5897,0.135454
P2F4_CANDIDATE_S1,1769813100051_SELL,XAUUSD,PERIOD_M5,2026.01.30 22:45:00,1769813100051,2026.01.30 22:45:00,SELL,5,OK,4861.74,4862.01,4861.88,27.0,30.30,3030.36,1.250000,37.88,4899.62,NO,,,,,3083,4851.39,4879.86,1035.00,1812.00,21.2887,37.2706,0.341544,0.597949,71.092,152.834,2026.01.30 22:50:00,1769813400104,53,4863.54,-180.00,-3.7024,-0.047519,TIME_EXIT,-3.7024,-0.047519
P2F4_CANDIDATE_S1,1769813100051_SELL,XAUUSD,PERIOD_M5,2026.01.30 22:45:00,1769813100051,2026.01.30 22:45:00,SELL,10,OK,4861.74,4862.01,4861.88,27.0,30.30,3030.36,1.250000,37.88,4899.62,NO,,,,,6383,4836.02,4879.86,2572.00,1812.00,52.9029,37.2706,0.848745,0.597949,584.984,152.834,2026.01.30 22:55:00,1769813700148,97,4838.56,2318.00,47.6784,0.611941,TIME_EXIT,47.6784,0.611941
P2F4_CANDIDATE_S1,1769813100051_SELL,XAUUSD,PERIOD_M5,2026.01.30 22:45:00,1769813100051,2026.01.30 22:45:00,SELL,15,OK,4861.74,4862.01,4861.88,27.0,30.30,3030.36,1.250000,37.88,4899.62,NO,,,,,9846,4809.50,4879.86,5224.00,1812.00,107.4512,37.2706,1.723889,0.597949,695.608,152.834,2026.01.30 23:00:00,1769814000073,22,4848.44,1330.00,27.3565,0.351114,TIME_EXIT,27.3565,0.351114
P2F4_CANDIDATE_S1,1769994300011_SELL,XAUUSD,PERIOD_M5,2026.02.02 01:05:00,1769994300011,2026.02.02 01:05:00,SELL,5,OK,4828.32,4829.86,4829.09,154.0,31.01,3100.93,1.250000,38.76,4867.08,NO,,,,,2022,4810.85,4831.84,1747.00,352.00,36.1824,7.2903,0.563380,0.113514,131.042,9.506,2026.02.02 01:10:00,1769994600309,298,4816.98,1134.00,23.4864,0.292558,TIME_EXIT,23.4864,0.292558
P2F4_CANDIDATE_S1,1769994300011_SELL,XAUUSD,PERIOD_M5,2026.02.02 01:05:00,1769994300011,2026.02.02 01:05:00,SELL,10,OK,4828.32,4829.86,4829.09,154.0,31.01,3100.93,1.250000,38.76,4867.08,NO,,,,,4147,4713.02,4831.84,11530.00,352.00,238.7994,7.2903,3.718241,0.113514,414.991,9.506,2026.02.02 01:15:00,1769994900013,2,4742.67,8565.00,177.3909,2.209661,TIME_EXIT,177.3909,2.209661
P2F4_CANDIDATE_S1,1769994300011_SELL,XAUUSD,PERIOD_M5,2026.02.02 01:05:00,1769994300011,2026.02.02 01:05:00,SELL,15,OK,4828.32,4829.86,4829.09,154.0,31.01,3100.93,1.250000,38.76,4867.08,NO,,,,,9055,4699.26,4831.84,12906.00,352.00,267.2979,7.2903,4.161979,0.113514,818.773,9.506,2026.02.02 01:20:00,1769995200057,46,4718.99,10933.00,226.4349,2.820574,TIME_EXIT,226.4349,2.820574
P2F4_CANDIDATE_S1,1770000900026_SELL,XAUUSD,PERIOD_M5,2026.02.02 02:55:00,1770000900026,2026.02.02 02:55:00,SELL,5,OK,4791.37,4791.66,4791.51,29.0,34.86,3486.00,1.250000,43.57,4834.94,NO,,,,,6170,4760.19,4796.04,3118.00,467.00,65.0753,9.7467,0.894435,0.133964,114.480,4.757,2026.02.02 03:00:00,1770001200056,30,4767.26,2411.00,50.3196,0.553299,TIME_EXIT,50.3196,0.553299
P2F4_CANDIDATE_S1,1770000900026_SELL,XAUUSD,PERIOD_M5,2026.02.02 02:55:00,1770000900026,2026.02.02 02:55:00,SELL,10,OK,4791.37,4791.66,4791.51,29.0,34.86,3486.00,1.250000,43.57,4834.94,NO,,,,,13642,4731.80,4796.04,5957.00,467.00,124.3277,9.7467,1.708835,0.133964,324.649,4.757,2026.02.02 03:05:00,1770001500030,4,4756.21,3516.00,73.3819,0.806885,TIME_EXIT,73.3819,0.806885
P2F4_CANDIDATE_S1,1770000900026_SELL,XAUUSD,PERIOD_M5,2026.02.02 02:55:00,1770000900026,2026.02.02 02:55:00,SELL,15,OK,4791.37,4791.66,4791.51,29.0,34.86,3486.00,1.250000,43.57,4834.94,NO,,,,,20937,4648.90,4796.04,14247.00,467.00,297.3471,9.7467,4.086919,0.133964,891.938,4.757,2026.02.02 03:10:00,1770001800061,35,4656.69,13468.00,281.0887,3.090763,TIME_EXIT,281.0887,3.090763
P2F4_CANDIDATE_S1,1770008100047_SELL,XAUUSD,PERIOD_M5,2026.02.02 04:55:00,1770008100047,2026.02.02 04:55:00,SELL,5,OK,4727.83,4727.98,4727.90,15.0,27.54,2754.43,1.250000,34.43,4762.26,NO,,,,,5297,4698.59,4739.50,2924.00,1167.00,61.8466,24.6836,1.061563,0.423681,220.677,97.628,2026.02.02 05:00:00,1770008400086,39,4711.12,1671.00,35.3439,0.485328,TIME_EXIT,35.3439,0.485328
P2F4_CANDIDATE_S1,1770008100047_SELL,XAUUSD,PERIOD_M5,2026.02.02 04:55:00,1770008100047,2026.02.02 04:55:00,SELL,10,OK,4727.83,4727.98,4727.90,15.0,27.54,2754.43,1.250000,34.43,4762.26,NO,,,,,10716,4698.59,4739.50,2924.00,1167.00,61.8466,24.6836,1.061563,0.423681,220.677,97.628,2026.02.02 05:05:00,1770008700070,23,4707.00,2083.00,44.0583,0.604989,TIME_EXIT,44.0583,0.604989
P2F4_CANDIDATE_S1,1770008100047_SELL,XAUUSD,PERIOD_M5,2026.02.02 04:55:00,1770008100047,2026.02.02 04:55:00,SELL,15,OK,4727.83,4727.98,4727.90,15.0,27.54,2754.43,1.250000,34.43,4762.26,NO,,,,,16225,4698.59,4739.50,2924.00,1167.00,61.8466,24.6836,1.061563,0.423681,220.677,97.628,2026.02.02 05:10:00,1770009000078,31,4719.52,831.00,17.5768,0.241357,TIME_EXIT,17.5768,0.241357
P2F4_CANDIDATE_S1,1770060000091_SELL,XAUUSD,PERIOD_M5,2026.02.02 19:20:00,1770060000091,2026.02.02 19:20:00,SELL,5,OK,4678.05,4678.15,4678.10,10.0,27.38,2738.14,1.250000,34.23,4712.28,NO,,,,,3639,4666.56,4683.76,1149.00,571.00,24.5615,12.2059,0.419627,0.208536,252.125,115.102,2026.02.02 19:25:00,1770060300165,74,4672.16,589.00,12.5907,0.172087,TIME_EXIT,12.5907,0.172087
P2F4_CANDIDATE_S1,1770060000091_SELL,XAUUSD,PERIOD_M5,2026.02.02 19:20:00,1770060000091,2026.02.02 19:20:00,SELL,10,OK,4678.05,4678.15,4678.10,10.0,27.38,2738.14,1.250000,34.23,4712.28,NO,,,,,8057,4660.45,4683.76,1760.00,571.00,37.6225,12.2059,0.642771,0.208536,551.000,115.102,2026.02.02 19:30:00,1770060600120,29,4667.48,1057.00,22.5949,0.308822,TIME_EXIT,22.5949,0.308822
P2F4_CANDIDATE_S1,1770060000091_SELL,XAUUSD,PERIOD_M5,2026.02.02 19:20:00,1770060000091,2026.02.02 19:20:00,SELL,15,OK,4678.05,4678.15,4678.10,10.0,27.38,2738.14,1.250000,34.23,4712.28,NO,,,,,12951,4656.80,4688.32,2125.00,1027.00,45.4249,21.9536,0.776073,0.375072,622.905,832.646,2026.02.02 19:35:00,1770060900097,6,4674.41,364.00,7.7810,0.106349,TIME_EXIT,7.7810,0.106349
P2F4_CANDIDATE_S1,1770073200031_SELL,XAUUSD,PERIOD_M5,2026.02.02 23:00:00,1770073200031,2026.02.02 23:00:00,SELL,5,OK,4652.67,4652.82,4652.74,15.0,21.13,2112.71,1.250000,26.41,4679.08,NO,,,,,2045,4644.10,4666.29,857.00,1362.00,18.4195,29.2735,0.405639,0.644668,133.810,263.985,2026.02.02 23:05:00,1770073500099,68,4656.17,-350.00,-7.5226,-0.132531,TIME_EXIT,-7.5226,-0.132531
P2F4_CANDIDATE_S1,1770073200031_SELL,XAUUSD,PERIOD_M5,2026.02.02 23:00:00,1770073200031,2026.02.02 23:00:00,SELL,10,OK,4652.67,4652.82,4652.74,15.0,21.13,2112.71,1.250000,26.41,4679.08,NO,,,,,3174,4644.10,4666.29,857.00,1362.00,18.4195,29.2735,0.405639,0.644668,133.810,263.985,2026.02.02 23:10:00,1770073800331,300,4663.69,-1102.00,-23.6853,-0.417283,TIME_EXIT,-23.6853,-0.417283
P2F4_CANDIDATE_S1,1770073200031_SELL,XAUUSD,PERIOD_M5,2026.02.02 23:00:00,1770073200031,2026.02.02 23:00:00,SELL,15,OK,4652.67,4652.82,4652.74,15.0,21.13,2112.71,1.250000,26.41,4679.08,NO,,,,,4468,4644.10,4677.03,857.00,2436.00,18.4195,52.3570,0.405639,1.153019,133.810,869.237,2026.02.02 23:15:00,1770074100082,51,4675.53,-2286.00,-49.1331,-0.865616,TIME_EXIT,-49.1331,-0.865616
P2F4_CANDIDATE_S1,1770076500040_SELL,XAUUSD,PERIOD_M5,2026.02.02 23:55:00,1770076500040,2026.02.02 23:55:00,SELL,5,NO_TICK_NEAR_TARGET,4664.72,4665.16,4664.94,44.0,16.15,1614.79,1.250000,,,,,,,,,,,,,,,,,,,,,,,,,
P2F4_CANDIDATE_S1,1770076500040_SELL,XAUUSD,PERIOD_M5,2026.02.02 23:55:00,1770076500040,2026.02.02 23:55:00,SELL,10,NO_TICK_NEAR_TARGET,4664.72,4665.16,4664.94,44.0,16.15,1614.79,1.250000,,,,,,,,,,,,,,,,,,,,,,,,,
P2F4_CANDIDATE_S1,1770076500040_SELL,XAUUSD,PERIOD_M5,2026.02.02 23:55:00,1770076500040,2026.02.02 23:55:00,SELL,15,NO_TICK_NEAR_TARGET,4664.72,4665.16,4664.94,44.0,16.15,1614.79,1.250000,,,,,,,,,,,,,,,,,,,,,,,,,
P2F4_CANDIDATE_S1,1770288900046_SELL,XAUUSD,PERIOD_M5,2026.02.05 10:55:00,1770288900046,2026.02.05 10:55:00,SELL,5,OK,4904.71,4904.75,4904.73,4.0,12.06,1205.79,1.250000,15.07,4919.78,NO,,,,,2668,4903.64,4918.56,107.00,1385.00,2.1816,28.2382,0.088739,1.148629,4.351,188.567,2026.02.05 11:00:00,1770289200058,12,4912.44,-773.00,-15.7604,-0.512861,TIME_EXIT,-15.7604,-0.512861
P2F4_CANDIDATE_S1,1770288900046_SELL,XAUUSD,PERIOD_M5,2026.02.05 10:55:00,1770288900046,2026.02.05 10:55:00,SELL,10,OK,4904.71,4904.75,4904.73,4.0,12.06,1205.79,1.250000,15.07,4919.78,NO,,,,,7425,4881.86,4918.56,2285.00,1385.00,46.5879,28.2382,1.895030,1.148629,574.907,188.567,2026.02.05 11:05:00,1770289500090,44,4884.25,2046.00,41.7150,1.357455,TIME_EXIT,41.7150,1.357455
P2F4_CANDIDATE_S1,1770288900046_SELL,XAUUSD,PERIOD_M5,2026.02.05 10:55:00,1770288900046,2026.02.05 10:55:00,SELL,15,OK,4904.71,4904.75,4904.73,4.0,12.06,1205.79,1.250000,15.07,4919.78,NO,,,,,12595,4874.37,4918.56,3034.00,1385.00,61.8589,28.2382,2.516202,1.148629,781.124,188.567,2026.02.05 11:10:00,1770289800090,44,4879.66,2505.00,51.0734,1.661987,TIME_EXIT,51.0734,1.661987
P2F4_CANDIDATE_S1,1770299400010_SELL,XAUUSD,PERIOD_M5,2026.02.05 13:50:00,1770299400010,2026.02.05 13:50:00,SELL,5,OK,4871.72,4871.76,4871.74,4.0,10.79,1078.71,1.250000,13.48,4885.20,NO,,,,,2754,4864.63,4873.04,709.00,132.00,14.5534,2.7095,0.657264,0.122368,160.400,12.928,2026.02.05 13:55:00,1770299700049,39,4868.33,339.00,6.9585,0.251410,TIME_EXIT,6.9585,0.251410
P2F4_CANDIDATE_S1,1770299400010_SELL,XAUUSD,PERIOD_M5,2026.02.05 13:50:00,1770299400010,2026.02.05 13:50:00,SELL,10,OK,4871.72,4871.76,4871.74,4.0,10.79,1078.71,1.250000,13.48,4885.20,NO,,,,,4822,4864.63,4873.61,709.00,189.00,14.5534,3.8795,0.657264,0.175209,160.400,311.556,2026.02.05 14:00:00,1770300000082,72,4868.41,331.00,6.7943,0.245477,TIME_EXIT,6.7943,0.245477
P2F4_CANDIDATE_S1,1770299400010_SELL,XAUUSD,PERIOD_M5,2026.02.05 13:50:00,1770299400010,2026.02.05 13:50:00,SELL,15,OK,4871.72,4871.76,4871.74,4.0,10.79,1078.71,1.250000,13.48,4885.20,NO,,,,,8531,4861.00,4878.29,1072.00,657.00,22.0045,13.4860,0.993776,0.609058,894.479,807.700,2026.02.05 14:05:00,1770300300018,8,4863.94,778.00,15.9697,0.576983,TIME_EXIT,15.9697,0.576983
P2F4_CANDIDATE_S1,1770311700035_SELL,XAUUSD,PERIOD_M5,2026.02.05 17:15:00,1770311700035,2026.02.05 17:15:00,SELL,5,OK,4828.45,4828.65,4828.55,20.0,26.15,2615.43,1.250000,32.69,4861.14,NO,,,,,6387,4823.47,4845.67,498.00,1722.00,10.3139,35.6636,0.190409,0.658401,25.670,206.271,2026.02.05 17:20:00,1770312000051,16,4844.33,-1588.00,-32.8884,-0.485733,TIME_EXIT,-32.8884,-0.485733
P2F4_CANDIDATE_S1,1770311700035_SELL,XAUUSD,PERIOD_M5,2026.02.05 17:15:00,1770311700035,2026.02.05 17:15:00,SELL,10,OK,4828.45,4828.65,4828.55,20.0,26.15,2615.43,1.250000,32.69,4861.14,NO,,,,,13030,4823.47,4845.67,498.00,1722.00,10.3139,35.6636,0.190409,0.658401,25.670,206.271,2026.02.05 17:25:00,1770312300107,72,4831.29,-284.00,-5.8818,-0.086869,TIME_EXIT,-5.8818,-0.086869
P2F4_CANDIDATE_S1,1770312300005_SELL,XAUUSD,PERIOD_M5,2026.02.05 17:25:00,1770312300005,2026.02.05 17:25:00,SELL,5,OK,4831.24,4831.44,4831.34,20.0,24.84,2484.21,1.250000,31.05,4862.29,NO,,,,,6534,4813.62,4841.47,1762.00,1023.00,36.4710,21.1747,0.709279,0.411800,228.846,40.153,2026.02.05 17:30:00,1770312600015,10,4819.98,1126.00,23.3066,0.362610,TIME_EXIT,23.3066,0.362610
P2F4_CANDIDATE_S1,1770311700035_SELL,XAUUSD,PERIOD_M5,2026.02.05 17:15:00,1770311700035,2026.02.05 17:15:00,SELL,15,OK,4828.45,4828.65,4828.55,20.0,26.15,2615.43,1.250000,32.69,4861.14,NO,,,,,19563,4813.62,4845.67,1483.00,1722.00,30.7138,35.6636,0.567020,0.658401,828.816,206.271,2026.02.05 17:30:00,1770312600069,34,4819.96,849.00,17.5833,0.259690,TIME_EXIT,17.5833,0.259690
P2F4_CANDIDATE_S1,1770312300005_SELL,XAUUSD,PERIOD_M5,2026.02.05 17:25:00,1770312300005,2026.02.05 17:25:00,SELL,10,OK,4831.24,4831.44,4831.34,20.0,24.84,2484.21,1.250000,31.05,4862.29,NO,,,,,12738,4810.76,4841.47,2048.00,1023.00,42.3908,21.1747,0.824406,0.411800,581.266,40.153,2026.02.05 17:35:00,1770312900048,43,4814.74,1650.00,34.1527,0.531355,TIME_EXIT,34.1527,0.531355
P2F4_CANDIDATE_S1,1770312300005_SELL,XAUUSD,PERIOD_M5,2026.02.05 17:25:00,1770312300005,2026.02.05 17:25:00,SELL,15,OK,4831.24,4831.44,4831.34,20.0,24.84,2484.21,1.250000,31.05,4862.29,NO,,,,,18745,4810.76,4841.47,2048.00,1023.00,42.3908,21.1747,0.824406,0.411800,581.266,40.153,2026.02.05 17:40:00,1770313200034,29,4835.00,-376.00,-7.7827,-0.121085,TIME_EXIT,-7.7827,-0.121085
P2F4_CANDIDATE_S1,1770324900011_SELL,XAUUSD,PERIOD_M5,2026.02.05 20:55:00,1770324900011,2026.02.05 20:55:00,SELL,5,OK,4858.84,4858.88,4858.86,4.0,14.13,1412.50,1.250000,17.66,4876.50,NO,,,,,4058,4851.45,4858.88,739.00,4.00,15.2094,0.0823,0.523186,0.002832,206.166,0.000,2026.02.05 21:00:00,1770325200078,67,4858.40,44.00,0.9056,0.024920,TIME_EXIT,0.9056,0.024920
P2F4_CANDIDATE_S1,1770324900011_SELL,XAUUSD,PERIOD_M5,2026.02.05 20:55:00,1770324900011,2026.02.05 20:55:00,SELL,10,OK,4858.84,4858.88,4858.86,4.0,14.13,1412.50,1.250000,17.66,4876.50,NO,,,,,7885,4851.45,4862.30,739.00,346.00,15.2094,7.1210,0.523186,0.244956,206.166,426.107,2026.02.05 21:05:00,1770325500014,3,4854.78,406.00,8.3559,0.229947,TIME_EXIT,8.3559,0.229947
P2F4_CANDIDATE_S1,1770324900011_SELL,XAUUSD,PERIOD_M5,2026.02.05 20:55:00,1770324900011,2026.02.05 20:55:00,SELL,15,OK,4858.84,4858.88,4858.86,4.0,14.13,1412.50,1.250000,17.66,4876.50,NO,,,,,12161,4842.56,4865.52,1628.00,668.00,33.5059,13.7481,1.152566,0.472920,611.821,774.205,2026.02.05 21:10:00,1770325800028,17,4859.87,-103.00,-2.1198,-0.058336,TIME_EXIT,-2.1198,-0.058336
P2F4_CANDIDATE_S1,1770348000038_SELL,XAUUSD,PERIOD_M5,2026.02.06 03:20:00,1770348000038,2026.02.06 03:20:00,SELL,5,OK,4718.03,4718.07,4718.05,4.0,30.54,3053.64,1.250000,38.17,4756.20,NO,,,,,6423,4705.07,4728.40,1296.00,1037.00,27.4691,21.9795,0.424411,0.339594,250.437,52.501,2026.02.06 03:25:00,1770348300126,88,4716.16,187.00,3.9635,0.048991,TIME_EXIT,3.9635,0.048991
P2F4_CANDIDATE_S1,1770348000038_SELL,XAUUSD,PERIOD_M5,2026.02.06 03:20:00,1770348000038,2026.02.06 03:20:00,SELL,10,OK,4718.03,4718.07,4718.05,4.0,30.54,3053.64,1.250000,38.17,4756.20,NO,,,,,11907,4705.07,4730.46,1296.00,1243.00,27.4691,26.3457,0.424411,0.407055,250.437,434.549,2026.02.06 03:30:00,1770348600098,60,4712.14,589.00,12.4840,0.154308,TIME_EXIT,12.4840,0.154308
P2F4_CANDIDATE_S1,1770348000038_SELL,XAUUSD,PERIOD_M5,2026.02.06 03:20:00,1770348000038,2026.02.06 03:20:00,SELL,15,OK,4718.03,4718.07,4718.05,4.0,30.54,3053.64,1.250000,38.17,4756.20,NO,,,,,17334,4705.07,4746.11,1296.00,2808.00,27.4691,59.5164,0.424411,0.919557,250.437,873.777,2026.02.06 03:35:00,1770348900116,78,4741.44,-2341.00,-49.6182,-0.613300,TIME_EXIT,-49.6182,-0.613300
