signal_id,symbol,timeframe,magic,signal_time,signal_bar_time,side,horizon_hours,target_time,observed_time,delay_seconds,status,entry_bid,entry_ask,entry_mid,entry_spread_points,future_bid,future_ask,future_mid,future_spread_points,mid_return_points,executable_return_points,mid_return_bps,executable_return_bps,fast_ema_bar2,slow_ema_bar2,fast_ema_bar1,slow_ema_bar1
1,XAUUSD,PERIOD_M15,26090401,2026.01.02 13:45:00,2026.01.02 13:45:00,BUY,1,2026.01.02 14:45:00,2026.01.02 14:45:00,0,OK,4395.06,4395.23,4395.15,17.0,4388.12,4388.28,4388.20,16.0,-694.5,-711.0,-15.8015,-16.1766,4362.59519720,4362.67829270,4363.39679727,4363.00049874
1,XAUUSD,PERIOD_M15,26090401,2026.01.02 13:45:00,2026.01.02 13:45:00,BUY,2,2026.01.02 15:45:00,2026.01.02 15:45:00,0,OK,4395.06,4395.23,4395.15,17.0,4372.63,4372.79,4372.71,16.0,-2243.5,-2260.0,-51.0450,-51.4194,4362.59519720,4362.67829270,4363.39679727,4363.00049874
1,XAUUSD,PERIOD_M15,26090401,2026.01.02 13:45:00,2026.01.02 13:45:00,BUY,4,2026.01.02 17:45:00,2026.01.02 17:45:00,0,OK,4395.06,4395.23,4395.15,17.0,4346.14,4346.25,4346.19,11.0,-4895.0,-4909.0,-111.3729,-111.6893,4362.59519720,4362.67829270,4363.39679727,4363.00049874
2,XAUUSD,PERIOD_M15,26090401,2026.01.02 18:30:00,2026.01.02 18:30:00,SELL,1,2026.01.02 19:30:00,2026.01.02 19:30:00,0,OK,4321.72,4321.88,4321.80,16.0,4328.79,4328.90,4328.84,11.0,-704.5,-718.0,-16.3011,-16.6138,4363.67351195,4363.48016763,4362.63762276,4363.06464357
2,XAUUSD,PERIOD_M15,26090401,2026.01.02 18:30:00,2026.01.02 18:30:00,SELL,2,2026.01.02 20:30:00,2026.01.02 20:30:00,0,OK,4321.72,4321.88,4321.80,16.0,4318.49,4318.69,4318.59,20.0,321.0,303.0,7.4275,7.0111,4363.67351195,4363.48016763,4362.63762276,4363.06464357
1,XAUUSD,PERIOD_M15,26090401,2026.01.02 13:45:00,2026.01.02 13:45:00,BUY,8,2026.01.02 21:45:00,2026.01.02 21:45:00,0,OK,4395.06,4395.23,4395.15,17.0,4322.79,4322.88,4322.84,9.0,-7231.0,-7244.0,-164.5224,-164.8150,4362.59519720,4362.67829270,4363.39679727,4363.00049874
2,XAUUSD,PERIOD_M15,26090401,2026.01.02 18:30:00,2026.01.02 18:30:00,SELL,4,2026.01.02 22:30:00,2026.01.02 22:30:00,0,OK,4321.72,4321.88,4321.80,16.0,4328.52,4328.70,4328.61,18.0,-681.0,-698.0,-15.7573,-16.1510,4363.67351195,4363.48016763,4362.63762276,4363.06464357
2,XAUUSD,PERIOD_M15,26090401,2026.01.02 18:30:00,2026.01.02 18:30:00,SELL,8,2026.01.03 02:30:00,,,NO_TICK_NEAR_TARGET,4321.72,4321.88,4321.80,16.0,,,,,,,,,4363.67351195,4363.48016763,4362.63762276,4363.06464357
2,XAUUSD,PERIOD_M15,26090401,2026.01.02 18:30:00,2026.01.02 18:30:00,SELL,12,2026.01.03 06:30:00,,,NO_TICK_NEAR_TARGET,4321.72,4321.88,4321.80,16.0,,,,,,,,,4363.67351195,4363.48016763,4362.63762276,4363.06464357
2,XAUUSD,PERIOD_M15,26090401,2026.01.02 18:30:00,2026.01.02 18:30:00,SELL,24,2026.01.03 18:30:00,,,NO_TICK_NEAR_TARGET,4321.72,4321.88,4321.80,16.0,,,,,,,,,4363.67351195,4363.48016763,4362.63762276,4363.06464357
1,XAUUSD,PERIOD_M15,26090401,2026.01.02 13:45:00,2026.01.02 13:45:00,BUY,12,2026.01.03 01:45:00,,,NO_TICK_NEAR_TARGET,4395.06,4395.23,4395.15,17.0,,,,,,,,,4362.59519720,4362.67829270,4363.39679727,4363.00049874
1,XAUUSD,PERIOD_M15,26090401,2026.01.02 13:45:00,2026.01.02 13:45:00,BUY,24,2026.01.03 13:45:00,,,NO_TICK_NEAR_TARGET,4395.06,4395.23,4395.15,17.0,,,,,,,,,4362.59519720,4362.67829270,4363.39679727,4363.00049874
3,XAUUSD,PERIOD_M15,26090401,2026.01.05 05:00:00,2026.01.05 05:00:00,BUY,1,2026.01.05 06:00:00,2026.01.05 06:00:00,0,OK,4405.50,4405.58,4405.54,8.0,4399.95,4400.14,4400.05,19.0,-549.5,-563.0,-12.4729,-12.7792,4359.85840569,4360.00174543,4360.98535864,4360.45446438
3,XAUUSD,PERIOD_M15,26090401,2026.01.05 05:00:00,2026.01.05 05:00:00,BUY,2,2026.01.05 07:00:00,2026.01.05 07:00:00,0,OK,4405.50,4405.58,4405.54,8.0,4404.24,4404.31,4404.27,7.0,-126.5,-134.0,-2.8714,-3.0416,4359.85840569,4360.00174543,4360.98535864,4360.45446438
3,XAUUSD,PERIOD_M15,26090401,2026.01.05 05:00:00,2026.01.05 05:00:00,BUY,4,2026.01.05 09:00:00,2026.01.05 09:00:00,0,OK,4405.50,4405.58,4405.54,8.0,4420.31,4420.40,4420.35,9.0,1481.5,1473.0,33.6281,33.4349,4359.85840569,4360.00174543,4360.98535864,4360.45446438
3,XAUUSD,PERIOD_M15,26090401,2026.01.05 05:00:00,2026.01.05 05:00:00,BUY,8,2026.01.05 13:00:00,2026.01.05 13:00:00,0,OK,4405.50,4405.58,4405.54,8.0,4436.31,4436.41,4436.36,10.0,3082.0,3073.0,69.9574,69.7525,4359.85840569,4360.00174543,4360.98535864,4360.45446438
3,XAUUSD,PERIOD_M15,26090401,2026.01.05 05:00:00,2026.01.05 05:00:00,BUY,12,2026.01.05 17:00:00,2026.01.05 17:00:00,0,OK,4405.50,4405.58,4405.54,8.0,4436.68,4436.88,4436.78,20.0,3124.0,3110.0,70.9107,70.5923,4359.85840569,4360.00174543,4360.98535864,4360.45446438
3,XAUUSD,PERIOD_M15,26090401,2026.01.05 05:00:00,2026.01.05 05:00:00,BUY,24,2026.01.06 05:00:00,2026.01.06 05:00:00,0,OK,4405.50,4405.58,4405.54,8.0,4454.96,4455.12,4455.04,16.0,4950.0,4938.0,112.3585,112.0851,4359.85840569,4360.00174543,4360.98535864,4360.45446438
4,XAUUSD,PERIOD_M15,26090401,2026.01.08 08:15:00,2026.01.08 08:15:00,SELL,1,2026.01.08 09:15:00,2026.01.08 09:15:00,0,OK,4420.97,4421.13,4421.05,16.0,4435.97,4436.15,4436.06,18.0,-1501.0,-1518.0,-33.9512,-34.3364,4449.81505563,4449.78966259,4449.10381969,4449.50329778
4,XAUUSD,PERIOD_M15,26090401,2026.01.08 08:15:00,2026.01.08 08:15:00,SELL,2,2026.01.08 10:15:00,2026.01.08 10:15:00,0,OK,4420.97,4421.13,4421.05,16.0,4425.81,4425.97,4425.89,16.0,-484.0,-500.0,-10.9476,-11.3097,4449.81505563,4449.78966259,4449.10381969,4449.50329778
4,XAUUSD,PERIOD_M15,26090401,2026.01.08 08:15:00,2026.01.08 08:15:00,SELL,4,2026.01.08 12:15:00,2026.01.08 12:15:00,0,OK,4420.97,4421.13,4421.05,16.0,4429.35,4429.53,4429.44,18.0,-839.0,-856.0,-18.9774,-19.3623,4449.81505563,4449.78966259,4449.10381969,4449.50329778
4,XAUUSD,PERIOD_M15,26090401,2026.01.08 08:15:00,2026.01.08 08:15:00,SELL,8,2026.01.08 16:15:00,2026.01.08 16:15:00,0,OK,4420.97,4421.13,4421.05,16.0,4423.48,4423.58,4423.53,10.0,-248.0,-261.0,-5.6095,-5.9037,4449.81505563,4449.78966259,4449.10381969,4449.50329778
4,XAUUSD,PERIOD_M15,26090401,2026.01.08 08:15:00,2026.01.08 08:15:00,SELL,12,2026.01.08 20:15:00,2026.01.08 20:15:00,0,OK,4420.97,4421.13,4421.05,16.0,4453.94,4454.09,4454.01,15.0,-3296.5,-3312.0,-74.5637,-74.9157,4449.81505563,4449.78966259,4449.10381969,4449.50329778
5,XAUUSD,PERIOD_M15,26090401,2026.01.08 23:15:00,2026.01.08 23:15:00,BUY,1,2026.01.09 00:15:00,,,NO_TICK_NEAR_TARGET,4477.93,4478.20,4478.07,27.0,,,,,,,,,4446.05733128,4446.15944921,4446.84431075,4446.47557409
5,XAUUSD,PERIOD_M15,26090401,2026.01.08 23:15:00,2026.01.08 23:15:00,BUY,2,2026.01.09 01:15:00,2026.01.09 01:15:00,0,OK,4477.93,4478.20,4478.07,27.0,4476.98,4477.21,4477.09,23.0,-97.0,-122.0,-2.1661,-2.7243,4446.05733128,4446.15944921,4446.84431075,4446.47557409
5,XAUUSD,PERIOD_M15,26090401,2026.01.08 23:15:00,2026.01.08 23:15:00,BUY,4,2026.01.09 03:15:00,2026.01.09 03:15:00,0,OK,4477.93,4478.20,4478.07,27.0,4459.13,4459.36,4459.24,23.0,-1882.0,-1907.0,-42.0271,-42.5841,4446.05733128,4446.15944921,4446.84431075,4446.47557409
5,XAUUSD,PERIOD_M15,26090401,2026.01.08 23:15:00,2026.01.08 23:15:00,BUY,8,2026.01.09 07:15:00,2026.01.09 07:15:00,0,OK,4477.93,4478.20,4478.07,27.0,4463.05,4463.21,4463.13,16.0,-1493.5,-1515.0,-33.3515,-33.8306,4446.05733128,4446.15944921,4446.84431075,4446.47557409
4,XAUUSD,PERIOD_M15,26090401,2026.01.08 08:15:00,2026.01.08 08:15:00,SELL,24,2026.01.09 08:15:00,2026.01.09 08:15:00,0,OK,4420.97,4421.13,4421.05,16.0,4467.24,4467.44,4467.34,20.0,-4629.0,-4647.0,-104.7036,-105.1127,4449.81505563,4449.78966259,4449.10381969,4449.50329778
5,XAUUSD,PERIOD_M15,26090401,2026.01.08 23:15:00,2026.01.08 23:15:00,BUY,12,2026.01.09 11:15:00,2026.01.09 11:15:00,0,OK,4477.93,4478.20,4478.07,27.0,4474.74,4474.93,4474.84,19.0,-323.0,-346.0,-7.2129,-7.7263,4446.05733128,4446.15944921,4446.84431075,4446.47557409
5,XAUUSD,PERIOD_M15,26090401,2026.01.08 23:15:00,2026.01.08 23:15:00,BUY,24,2026.01.09 23:15:00,2026.01.09 23:15:00,0,OK,4477.93,4478.20,4478.07,27.0,4508.17,4508.44,4508.31,27.0,3024.0,2997.0,67.5292,66.9242,4446.05733128,4446.15944921,4446.84431075,4446.47557409
6,XAUUSD,PERIOD_M15,26090401,2026.01.16 10:45:00,2026.01.16 10:45:00,SELL,1,2026.01.16 11:45:00,2026.01.16 11:45:00,0,OK,4602.17,4602.33,4602.25,16.0,4603.32,4603.49,4603.40,17.0,-115.5,-132.0,-2.5096,-2.8682,4606.18011446,4606.13323933,4606.08109929,4606.09380412
6,XAUUSD,PERIOD_M15,26090401,2026.01.16 10:45:00,2026.01.16 10:45:00,SELL,2,2026.01.16 12:45:00,2026.01.16 12:45:00,0,OK,4602.17,4602.33,4602.25,16.0,4607.48,4607.64,4607.56,16.0,-531.0,-547.0,-11.5378,-11.8857,4606.18011446,4606.13323933,4606.08109929,4606.09380412
6,XAUUSD,PERIOD_M15,26090401,2026.01.16 10:45:00,2026.01.16 10:45:00,SELL,4,2026.01.16 14:45:00,2026.01.16 14:45:00,0,OK,4602.17,4602.33,4602.25,16.0,4603.42,4603.61,4603.51,19.0,-126.5,-144.0,-2.7487,-3.1290,4606.18011446,4606.13323933,4606.08109929,4606.09380412
7,XAUUSD,PERIOD_M15,26090401,2026.01.16 14:00:00,2026.01.16 14:00:00,BUY,1,2026.01.16 15:00:00,2026.01.16 15:00:00,0,OK,4612.52,4612.67,4612.60,15.0,4601.87,4602.03,4601.95,16.0,-1064.5,-1080.0,-23.0781,-23.4138,4606.03916742,4606.05690440,4606.19918798,4606.12121381
7,XAUUSD,PERIOD_M15,26090401,2026.01.16 14:00:00,2026.01.16 14:00:00,BUY,2,2026.01.16 16:00:00,2026.01.16 16:00:00,0,OK,4612.52,4612.67,4612.60,15.0,4601.88,4602.05,4601.97,17.0,-1063.0,-1079.0,-23.0456,-23.3921,4606.03916742,4606.05690440,4606.19918798,4606.12121381
8,XAUUSD,PERIOD_M15,26090401,2026.01.16 15:15:00,2026.01.16 15:15:00,SELL,1,2026.01.16 16:15:00,2026.01.16 16:15:00,0,OK,4596.25,4596.41,4596.33,16.0,4607.19,4607.38,4607.28,19.0,-1095.5,-1113.0,-23.8342,-24.2154,4606.13917484,4606.10175191,4605.89499769,4606.00372452
8,XAUUSD,PERIOD_M15,26090401,2026.01.16 15:15:00,2026.01.16 15:15:00,SELL,2,2026.01.16 17:15:00,2026.01.16 17:15:00,0,OK,4596.25,4596.41,4596.33,16.0,4616.14,4616.21,4616.18,7.0,-1984.5,-1996.0,-43.1758,-43.4267,4606.13917484,4606.10175191,4605.89499769,4606.00372452
7,XAUUSD,PERIOD_M15,26090401,2026.01.16 14:00:00,2026.01.16 14:00:00,BUY,4,2026.01.16 18:00:00,2026.01.16 18:00:00,0,OK,4612.52,4612.67,4612.60,15.0,4571.27,4571.44,4571.35,17.0,-4124.0,-4140.0,-89.4074,-89.7528,4606.03916742,4606.05690440,4606.19918798,4606.12121381
6,XAUUSD,PERIOD_M15,26090401,2026.01.16 10:45:00,2026.01.16 10:45:00,SELL,8,2026.01.16 18:45:00,2026.01.16 18:45:00,0,OK,4602.17,4602.33,4602.25,16.0,4596.17,4596.34,4596.26,17.0,599.5,583.0,13.0262,12.6679,4606.18011446,4606.13323933,4606.08109929,4606.09380412
8,XAUUSD,PERIOD_M15,26090401,2026.01.16 15:15:00,2026.01.16 15:15:00,SELL,4,2026.01.16 19:15:00,2026.01.16 19:15:00,0,OK,4596.25,4596.41,4596.33,16.0,4590.82,4590.90,4590.86,8.0,547.0,535.0,11.9008,11.6399,4606.13917484,4606.10175191,4605.89499769,4606.00372452
7,XAUUSD,PERIOD_M15,26090401,2026.01.16 14:00:00,2026.01.16 14:00:00,BUY,8,2026.01.16 22:00:00,2026.01.16 22:00:00,0,OK,4612.52,4612.67,4612.60,15.0,4590.55,4590.75,4590.65,20.0,-2194.5,-2212.0,-47.5763,-47.9549,4606.03916742,4606.05690440,4606.19918798,4606.12121381
6,XAUUSD,PERIOD_M15,26090401,2026.01.16 10:45:00,2026.01.16 10:45:00,SELL,12,2026.01.16 22:45:00,2026.01.16 22:45:00,0,OK,4602.17,4602.33,4602.25,16.0,4584.28,4584.48,4584.38,20.0,1787.0,1769.0,38.8288,38.4384,4606.18011446,4606.13323933,4606.08109929,4606.09380412
8,XAUUSD,PERIOD_M15,26090401,2026.01.16 15:15:00,2026.01.16 15:15:00,SELL,8,2026.01.16 23:15:00,2026.01.16 23:15:00,0,OK,4596.25,4596.41,4596.33,16.0,4586.67,4586.88,4586.77,21.0,955.5,937.0,20.7883,20.3862,4606.13917484,4606.10175191,4605.89499769,4606.00372452
8,XAUUSD,PERIOD_M15,26090401,2026.01.16 15:15:00,2026.01.16 15:15:00,SELL,12,2026.01.17 03:15:00,,,NO_TICK_NEAR_TARGET,4596.25,4596.41,4596.33,16.0,,,,,,,,,4606.13917484,4606.10175191,4605.89499769,4606.00372452
8,XAUUSD,PERIOD_M15,26090401,2026.01.16 15:15:00,2026.01.16 15:15:00,SELL,24,2026.01.17 15:15:00,,,NO_TICK_NEAR_TARGET,4596.25,4596.41,4596.33,16.0,,,,,,,,,4606.13917484,4606.10175191,4605.89499769,4606.00372452
7,XAUUSD,PERIOD_M15,26090401,2026.01.16 14:00:00,2026.01.16 14:00:00,BUY,12,2026.01.17 02:00:00,,,NO_TICK_NEAR_TARGET,4612.52,4612.67,4612.60,15.0,,,,,,,,,4606.03916742,4606.05690440,4606.19918798,4606.12121381
7,XAUUSD,PERIOD_M15,26090401,2026.01.16 14:00:00,2026.01.16 14:00:00,BUY,24,2026.01.17 14:00:00,,,NO_TICK_NEAR_TARGET,4612.52,4612.67,4612.60,15.0,,,,,,,,,4606.03916742,4606.05690440,4606.19918798,4606.12121381
6,XAUUSD,PERIOD_M15,26090401,2026.01.16 10:45:00,2026.01.16 10:45:00,SELL,24,2026.01.17 10:45:00,,,NO_TICK_NEAR_TARGET,4602.17,4602.33,4602.25,16.0,,,,,,,,,4606.18011446,4606.13323933,4606.08109929,4606.09380412
9,XAUUSD,PERIOD_M15,26090401,2026.01.19 02:15:00,2026.01.19 02:15:00,BUY,1,2026.01.19 03:15:00,2026.01.19 03:15:00,0,OK,4665.60,4665.83,4665.72,23.0,4663.31,4663.51,4663.41,20.0,-230.5,-252.0,-4.9403,-5.4010,4603.15752435,4603.80726477,4604.69931387,4604.42211786
9,XAUUSD,PERIOD_M15,26090401,2026.01.19 02:15:00,2026.01.19 02:15:00,BUY,2,2026.01.19 04:15:00,2026.01.19 04:15:00,0,OK,4665.60,4665.83,4665.72,23.0,4659.15,4659.35,4659.25,20.0,-646.5,-668.0,-13.8564,-14.3169,4603.15752435,4603.80726477,4604.69931387,4604.42211786
9,XAUUSD,PERIOD_M15,26090401,2026.01.19 02:15:00,2026.01.19 02:15:00,BUY,4,2026.01.19 06:15:00,2026.01.19 06:15:00,0,OK,4665.60,4665.83,4665.72,23.0,4662.17,4662.39,4662.28,22.0,-343.5,-366.0,-7.3622,-7.8443,4603.15752435,4603.80726477,4604.69931387,4604.42211786
9,XAUUSD,PERIOD_M15,26090401,2026.01.19 02:15:00,2026.01.19 02:15:00,BUY,8,2026.01.19 10:15:00,2026.01.19 10:15:00,0,OK,4665.60,4665.83,4665.72,23.0,4669.42,4669.59,4669.51,17.0,379.0,359.0,8.1231,7.6942,4603.15752435,4603.80726477,4604.69931387,4604.42211786
9,XAUUSD,PERIOD_M15,26090401,2026.01.19 02:15:00,2026.01.19 02:15:00,BUY,12,2026.01.19 14:15:00,2026.01.19 14:15:00,0,OK,4665.60,4665.83,4665.72,23.0,4665.86,4666.02,4665.94,16.0,22.5,3.0,0.4822,0.0643,4603.15752435,4603.80726477,4604.69931387,4604.42211786
9,XAUUSD,PERIOD_M15,26090401,2026.01.19 02:15:00,2026.01.19 02:15:00,BUY,24,2026.01.20 02:15:00,2026.01.20 02:15:00,0,OK,4665.60,4665.83,4665.72,23.0,4667.91,4668.13,4668.02,22.0,230.5,208.0,4.9403,4.4579,4603.15752435,4603.80726477,4604.69931387,4604.42211786
10,XAUUSD,PERIOD_M15,26090401,2026.01.30 08:45:00,2026.01.30 08:45:00,SELL,1,2026.01.30 09:45:00,2026.01.30 09:45:00,0,OK,5158.18,5158.37,5158.27,19.0,5147.06,5147.22,5147.14,16.0,1113.5,1096.0,21.5867,21.2478,5326.60315343,5324.10473530,5322.44455705,5322.45374291
10,XAUUSD,PERIOD_M15,26090401,2026.01.30 08:45:00,2026.01.30 08:45:00,SELL,2,2026.01.30 10:45:00,2026.01.30 10:45:00,0,OK,5158.18,5158.37,5158.27,19.0,5096.43,5096.59,5096.51,16.0,6176.5,6159.0,119.7396,119.4026,5326.60315343,5324.10473530,5322.44455705,5322.45374291
10,XAUUSD,PERIOD_M15,26090401,2026.01.30 08:45:00,2026.01.30 08:45:00,SELL,4,2026.01.30 12:45:00,2026.01.30 12:45:07,7,OK,5158.18,5158.37,5158.27,19.0,5078.05,5078.21,5078.13,16.0,8014.5,7997.0,155.3717,155.0353,5326.60315343,5324.10473530,5322.44455705,5322.45374291
10,XAUUSD,PERIOD_M15,26090401,2026.01.30 08:45:00,2026.01.30 08:45:00,SELL,8,2026.01.30 16:45:00,2026.01.30 16:45:00,0,OK,5158.18,5158.37,5158.27,19.0,5081.12,5081.32,5081.22,20.0,7705.5,7686.0,149.3813,149.0060,5326.60315343,5324.10473530,5322.44455705,5322.45374291
10,XAUUSD,PERIOD_M15,26090401,2026.01.30 08:45:00,2026.01.30 08:45:00,SELL,12,2026.01.30 20:45:00,2026.01.30 20:45:00,0,OK,5158.18,5158.37,5158.27,19.0,4779.88,4780.08,4779.98,20.0,37829.5,37810.0,733.3750,733.0105,5326.60315343,5324.10473530,5322.44455705,5322.45374291
10,XAUUSD,PERIOD_M15,26090401,2026.01.30 08:45:00,2026.01.30 08:45:00,SELL,24,2026.01.31 08:45:00,,,NO_TICK_NEAR_TARGET,5158.18,5158.37,5158.27,19.0,,,,,,,,,5326.60315343,5324.10473530,5322.44455705,5322.45374291
11,XAUUSD,PERIOD_M15,26090401,2026.02.03 22:45:00,2026.02.03 22:45:00,BUY,1,2026.02.03 23:45:00,2026.02.03 23:45:00,0,OK,4951.73,4951.93,4951.83,20.0,4940.10,4940.54,4940.32,44.0,-1151.0,-1183.0,-23.2439,-23.8897,4886.40568228,4886.79512943,4888.01862840,4887.44124755
11,XAUUSD,PERIOD_M15,26090401,2026.02.03 22:45:00,2026.02.03 22:45:00,BUY,2,2026.02.04 00:45:00,,,NO_TICK_NEAR_TARGET,4951.73,4951.93,4951.83,20.0,,,,,,,,,4886.40568228,4886.79512943,4888.01862840,4887.44124755
11,XAUUSD,PERIOD_M15,26090401,2026.02.03 22:45:00,2026.02.03 22:45:00,BUY,4,2026.02.04 02:45:00,2026.02.04 02:45:00,0,OK,4951.73,4951.93,4951.83,20.0,4986.94,4987.16,4987.05,22.0,3522.0,3501.0,71.1252,70.6997,4886.40568228,4886.79512943,4888.01862840,4887.44124755
11,XAUUSD,PERIOD_M15,26090401,2026.02.03 22:45:00,2026.02.03 22:45:00,BUY,8,2026.02.04 06:45:00,2026.02.04 06:45:00,0,OK,4951.73,4951.93,4951.83,20.0,5072.06,5072.20,5072.13,14.0,12030.0,12013.0,242.9405,242.5923,4886.40568228,4886.79512943,4888.01862840,4887.44124755
11,XAUUSD,PERIOD_M15,26090401,2026.02.03 22:45:00,2026.02.03 22:45:00,BUY,12,2026.02.04 10:45:00,2026.02.04 10:45:00,0,OK,4951.73,4951.93,4951.83,20.0,5079.34,5079.41,5079.38,7.0,12754.5,12741.0,257.5714,257.2936,4886.40568228,4886.79512943,4888.01862840,4887.44124755
11,XAUUSD,PERIOD_M15,26090401,2026.02.03 22:45:00,2026.02.03 22:45:00,BUY,24,2026.02.04 22:45:00,2026.02.04 22:45:00,0,OK,4951.73,4951.93,4951.83,20.0,4942.55,4942.75,4942.65,20.0,-918.0,-938.0,-18.5386,-18.9421,4886.40568228,4886.79512943,4888.01862840,4887.44124755
12,XAUUSD,PERIOD_M15,26090401,2026.02.05 07:30:00,2026.02.05 07:30:00,SELL,1,2026.02.05 08:30:00,2026.02.05 08:30:00,0,OK,4868.77,4868.97,4868.87,20.0,4929.54,4929.74,4929.64,20.0,-6077.0,-6097.0,-124.8134,-125.2267,4951.17076751,4950.79455418,4949.13618065,4949.97838946
12,XAUUSD,PERIOD_M15,26090401,2026.02.05 07:30:00,2026.02.05 07:30:00,SELL,2,2026.02.05 09:30:00,2026.02.05 09:30:00,0,OK,4868.77,4868.97,4868.87,20.0,4932.62,4932.74,4932.68,12.0,-6381.0,-6397.0,-131.0571,-131.3884,4951.17076751,4950.79455418,4949.13618065,4949.97838946
12,XAUUSD,PERIOD_M15,26090401,2026.02.05 07:30:00,2026.02.05 07:30:00,SELL,4,2026.02.05 11:30:00,2026.02.05 11:30:00,0,OK,4868.77,4868.97,4868.87,20.0,4874.19,4874.27,4874.23,8.0,-536.0,-550.0,-11.0087,-11.2965,4951.17076751,4950.79455418,4949.13618065,4949.97838946
12,XAUUSD,PERIOD_M15,26090401,2026.02.05 07:30:00,2026.02.05 07:30:00,SELL,8,2026.02.05 15:30:00,2026.02.05 15:30:00,0,OK,4868.77,4868.97,4868.87,20.0,4850.29,4850.48,4850.39,19.0,1848.5,1829.0,37.9657,37.5660,4951.17076751,4950.79455418,4949.13618065,4949.97838946
12,XAUUSD,PERIOD_M15,26090401,2026.02.05 07:30:00,2026.02.05 07:30:00,SELL,12,2026.02.05 19:30:00,2026.02.05 19:30:00,0,OK,4868.77,4868.97,4868.87,20.0,4867.30,4867.34,4867.32,4.0,155.0,143.0,3.1835,2.9371,4951.17076751,4950.79455418,4949.13618065,4949.97838946
12,XAUUSD,PERIOD_M15,26090401,2026.02.05 07:30:00,2026.02.05 07:30:00,SELL,24,2026.02.06 07:30:00,2026.02.06 07:30:00,0,OK,4868.77,4868.97,4868.87,20.0,4852.15,4852.34,4852.24,19.0,1662.5,1643.0,34.1455,33.7457,4951.17076751,4950.79455418,4949.13618065,4949.97838946
13,XAUUSD,PERIOD_M15,26090401,2026.02.06 20:15:00,2026.02.06 20:15:00,BUY,1,2026.02.06 21:15:00,2026.02.06 21:15:00,0,OK,4965.84,4965.88,4965.86,4.0,4958.64,4958.78,4958.71,14.0,-715.0,-724.0,-14.3983,-14.5795,4886.75302301,4886.94047440,4888.70578787,4887.72554431
13,XAUUSD,PERIOD_M15,26090401,2026.02.06 20:15:00,2026.02.06 20:15:00,BUY,2,2026.02.06 22:15:00,2026.02.06 22:15:00,0,OK,4965.84,4965.88,4965.86,4.0,4953.26,4953.33,4953.30,7.0,-1256.5,-1262.0,-25.3028,-25.4134,4886.75302301,4886.94047440,4888.70578787,4887.72554431
